cst_id,cst_firstname,cst_lastname,cntry,total_orders,total_sales,avg_order_value
12132.0,Kaitlyn,Henderson,France,14,13294.0,949.5714285714286
12301.0,Nichole,Nara,France,13,13294.0,1022.6153846153846
12308.0,Margaret,He,France,14,13268.0,947.7142857142857
12131.0,Randall,Dominguez,France,11,13265.0,1205.909090909091
12300.0,Adriana,Gonzalez,France,10,13242.0,1324.2
12321.0,Rosa,Hu,France,15,13215.0,881.0
12124.0,Brandi,Gill,France,12,13195.0,1099.5833333333333
12307.0,Brad,She,France,11,13172.0,1197.4545454545455
12296.0,Francisco,Sara,France,12,13164.0,1097.0
11433.0,Maurice,Shan,France,12,12914.0,1076.1666666666667
11439.0,Janet,Munoz,France,14,12488.0,892.0
11241.0,Lisa,Cai,France,25,11468.0,458.72
11417.0,Lacey,Zheng,France,17,11248.0,661.6470588235294
11420.0,Jordan,Turner,France,17,11200.0,658.8235294117648
11242.0,Larry,Munoz,France,12,11067.0,922.25
12655.0,Larry,Vazquez,France,11,10899.0,990.8181818181819
13263.0,Kate,Anand,France,12,10871.0,905.9166666666666
12323.0,Lawrence,Alonso,France,11,10836.0,985.0909090909091
12333.0,Terrance,Rodriguez,France,11,10829.0,984.4545454545455
12650.0,Aaron,Wright,France,9,10813.0,1201.4444444444443
12631.0,Clarence,Gao,France,11,10799.0,981.7272727272727
12632.0,Bonnie,Nath,France,6,10793.0,1798.8333333333333
12332.0,Andres,Nara,France,10,10789.0,1078.9
13405.0,Ethan,Bryant,France,11,10778.0,979.8181818181819
11245.0,Ricky,Vazquez,Germany,9,10580.0,1175.5555555555557
11246.0,Latasha,Rubio,Germany,7,10575.0,1510.7142857142858
11237.0,Clarence,Anand,Germany,6,10566.0,1761.0
11425.0,Ariana,Gray,France,15,10528.0,701.8666666666667
11429.0,Marco,Lopez,France,17,10468.0,615.7647058823529
11428.0,Deanna,Perez,Germany,12,9954.0,829.5
11427.0,Desiree,Dominguez,Germany,9,9918.0,1102.0
11431.0,Bryant,Garcia,Germany,11,9913.0,901.1818181818181
11423.0,Jasmine,Stewart,Germany,10,9905.0,990.5
11249.0,Cindy,Patel,Germany,11,9890.0,899.0909090909091
11412.0,Sydney,Bryant,Germany,11,9880.0,898.1818181818181
14186.0,Katrina,Tang,France,10,9796.0,979.6
11421.0,Amy,Sun,Germany,4,9780.0,2445.0
13592.0,Gabriella,Collins,France,7,9695.0,1385.0
13605.0,Gerrit,Straatsma,France,7,9614.0,1373.4285714285713
14185.0,Frank,Vazquez,France,13,9524.0,732.6153846153846
13575.0,Alicia,Shen,France,13,9458.0,727.5384615384615
14192.0,Ronald,Kapoor,France,10,9452.0,945.2
13577.0,Theodore,Torres,France,11,9451.0,859.1818181818181
14200.0,Colleen,Goel,France,10,9422.0,942.2
13595.0,Cole,Stewart,France,9,9391.0,1043.4444444444443
11432.0,Dominique,Prasad,France,16,9330.0,583.125
13257.0,Jon,Chander,Germany,9,8941.0,993.4444444444445
13258.0,Anne,Dominguez,Germany,10,8886.0,888.6
12128.0,Kristy,Munoz,Germany,9,8681.0,964.5555555555555
12125.0,Diana,Ortega,Germany,10,8595.0,859.5
12129.0,Wendy,Alvarez,Germany,9,8557.0,950.7777777777778
13600.0,Marie,Sanz,United Kingdom,11,8460.0,769.0909090909091
14427.0,Emmanuel,Patel,United Kingdom,10,8451.0,845.1
15106.0,Shannon,Navarro,United Kingdom,8,8421.0,1052.625
14775.0,Bonnie,Xie,Germany,8,8404.0,1050.5
14429.0,Lacey,He,United Kingdom,6,8394.0,1399.0
15692.0,Ryan,Garcia,United Kingdom,7,8392.0,1198.857142857143
15097.0,Morgan,Bennett,United Kingdom,9,8377.0,930.7777777777778
13602.0,Virginia,Mehta,United Kingdom,8,8376.0,1047.0
13581.0,Albert,Blanco,United Kingdom,8,8375.0,1046.875
13583.0,Blake,Butler,United Kingdom,8,8375.0,1046.875
13585.0,Savannah,Morris,United Kingdom,6,8368.0,1394.6666666666667
14939.0,Cory,Kapoor,Germany,7,8367.0,1195.2857142857142
14940.0,Carmen,Rana,Germany,8,8367.0,1045.875
13584.0,Isaiah,Cox,United Kingdom,7,8361.0,1194.4285714285713
14207.0,José,Saraiva,Germany,6,8361.0,1393.5
13591.0,Latasha,Alonso,United Kingdom,9,8355.0,928.3333333333334
14830.0,Isabella,Ward,Germany,8,8346.0,1043.25
15691.0,Julian,Henderson,United Kingdom,7,8341.0,1191.5714285714287
14425.0,Victor,Carlson,Germany,6,8332.0,1388.6666666666667
13576.0,Tamara,Lal,United Kingdom,7,8330.0,1190.0
14181.0,Adriana,Chandra,Germany,5,8326.0,1665.2
15695.0,Bruce,Gomez,United Kingdom,8,8324.0,1040.5
14183.0,Robyn,Carlson,United Kingdom,5,8321.0,1664.2
14428.0,Cassie,Andersen,Germany,5,8321.0,1664.2
11767.0,Meagan,Madan,Australia,7,8319.0,1188.4285714285713
14426.0,Madison,Hughes,Germany,6,8319.0,1386.5
14189.0,Krista,Martin,Germany,4,8317.0,2079.25
14195.0,Clinton,Blanco,United Kingdom,7,8316.0,1188.0
14198.0,Daisy,Romero,Germany,7,8308.0,1186.857142857143
13590.0,Louis,Xie,United Kingdom,6,8306.0,1384.3333333333333
15080.0,Evelyn,Chandra,Germany,6,8305.0,1384.1666666666667
14191.0,Derrick,Martin,United Kingdom,5,8301.0,1660.2
15118.0,Nelson,Ortega,United Kingdom,5,8301.0,1660.2
15354.0,Corey,Kumar,United Kingdom,6,8297.0,1382.8333333333333
11112.0,Crystal,Wang,Australia,6,8295.0,1382.5
11766.0,Candace,Raman,Australia,11,8280.0,752.7272727272727
12338.0,Monica,Vance,Australia,8,8265.0,1033.125
11101.0,Abby,Sai,Australia,7,8262.0,1180.2857142857142
11900.0,Byron,Carlson,Australia,7,8257.0,1179.5714285714287
12003.0,Audrey,Munoz,Australia,8,8256.0,1032.0
11451.0,Ruben,Muñoz,Australia,9,8250.0,916.6666666666666
11000.0,Jon,Yang,Australia,8,8249.0,1031.125
11995.0,Kelvin,Carson,Australia,7,8249.0,1178.4285714285713
11058.0,Marc,Diaz,Australia,6,8248.0,1374.6666666666667
11901.0,Stacy,Alvarez,Australia,7,8248.0,1178.2857142857142
11109.0,Ruben,Kapoor,Australia,8,8245.0,1030.625
11986.0,Max,Alvarez,Australia,11,8245.0,749.5454545454545
11120.0,Beth,Jiménez,Australia,10,8242.0,824.2
11446.0,Bethany,Chander,Australia,7,8237.0,1176.7142857142858
11443.0,Grace,Griffin,Australia,8,8235.0,1029.375
11762.0,Randall,Gomez,Australia,7,8228.0,1175.4285714285713
11456.0,Jon,Gao,Australia,11,8224.0,747.6363636363636
11054.0,Deanna,Munoz,Australia,6,8223.0,1370.5
11894.0,Ann,Gonzalez,Australia,9,8223.0,913.6666666666666
11343.0,Arthur,Carlson,United Kingdom,9,8222.0,913.5555555555555
11099.0,Adam,Ross,Australia,9,8216.0,912.8888888888889
11751.0,Victoria,Gonzales,Australia,6,8215.0,1369.1666666666667
11904.0,Kaylee,Cook,Australia,7,8214.0,1173.4285714285713
11977.0,Bonnie,Jai,Australia,8,8213.0,1026.625
12039.0,Ricardo,Nath,Australia,9,8212.0,912.4444444444445
11007.0,Marco,Mehta,Australia,8,8211.0,1026.375
11457.0,Jaime,Gutierrez,Australia,10,8211.0,821.1
11056.0,Michele,Nath,Australia,8,8207.0,1025.875
11918.0,Kaylee,Hill,Australia,8,8205.0,1025.625
11080.0,Damien,Chander,Australia,7,8204.0,1172.0
11897.0,Orlando,Ashe,Australia,6,8203.0,1367.1666666666667
12010.0,Max,Serrano,Australia,8,8203.0,1025.375
11004.0,Elizabeth,Johnson,Australia,6,8196.0,1366.0
11147.0,Ernest,Wu,Australia,7,8195.0,1170.7142857142858
12009.0,Ann,Martinez,Australia,7,8195.0,1170.7142857142858
11072.0,Casey,Luo,Australia,7,8194.0,1170.5714285714287
11341.0,Randy,Zeng,United Kingdom,8,8192.0,1024.0
11899.0,Brenda,Perez,Australia,7,8189.0,1169.857142857143
11117.0,April,Deng,Australia,8,8185.0,1023.125
11452.0,Erika,Rubio,Australia,5,8183.0,1636.6
12000.0,Ashley,Russell,Australia,8,8183.0,1022.875
11103.0,Cassie,Chande,Australia,8,8182.0,1022.75
11093.0,Aimee,He,Australia,7,8180.0,1168.5714285714287
11898.0,Angela,Henderson,Australia,6,8179.0,1363.1666666666667
11916.0,Joe,Rana,Australia,7,8179.0,1168.4285714285713
11453.0,Stanley,Malhotra,Australia,6,8177.0,1362.8333333333333
11104.0,Edgar,Sara,Australia,6,8173.0,1362.1666666666667
11450.0,Brett,Mehta,Australia,9,8173.0,908.1111111111111
11964.0,Sharon,Salavaria,Australia,6,8173.0,1362.1666666666667
11969.0,Randy,Xu,Australia,6,8173.0,1362.1666666666667
11100.0,Latasha,Navarro,Australia,7,8172.0,1167.4285714285713
11919.0,Warren,Andersen,Australia,8,8172.0,1021.5
11107.0,Bianca,Lin,Australia,6,8171.0,1361.8333333333333
11077.0,Leah,Ye,Australia,5,8169.0,1633.8
11952.0,Dorothy,Robinson,Australia,7,8169.0,1167.0
11994.0,Leah,Hu,Australia,5,8169.0,1633.8
11055.0,Gilbert,Raje,Australia,8,8168.0,1021.0
11914.0,Meagan,Rana,Australia,8,8166.0,1020.75
11070.0,Willie,Raji,Australia,10,8165.0,816.5
11472.0,Kenneth,Kumar,Australia,6,8165.0,1360.8333333333333
11990.0,Joanna,Vazquez,Australia,7,8164.0,1166.2857142857142
11333.0,Emily,Miller,United Kingdom,6,8163.0,1360.5
11754.0,Janet,Ortega,Australia,5,8163.0,1632.6
11337.0,Jerome,Romero,United Kingdom,8,8162.0,1020.25
11394.0,George,McDonald,United Kingdom,7,8162.0,1166.0
11381.0,Meredith,Raman,United Kingdom,5,8161.0,1632.2
11076.0,Blake,Anderson,Australia,4,8159.0,2039.75
11095.0,Chad,Kumar,Australia,7,8158.0,1165.4285714285713
11465.0,Louis,Luo,Australia,4,8158.0,2039.5
11491.0,Andre,Perez,United Kingdom,7,8158.0,1165.4285714285713
11905.0,Isaiah,Ramirez,Australia,7,8156.0,1165.142857142857
11920.0,Adrienne,Gomez,Australia,7,8156.0,1165.142857142857
11334.0,Nicole,Brown,United Kingdom,6,8154.0,1359.0
11060.0,Jon,Zhou,Australia,6,8153.0,1358.8333333333333
11967.0,Latasha,Munoz,Australia,6,8153.0,1358.8333333333333
11906.0,Gabriella,Sanders,Australia,7,8151.0,1164.4285714285713
11761.0,Edgar,Mehta,Australia,8,8149.0,1018.625
11895.0,Dustin,Chander,Australia,5,8149.0,1629.8
11750.0,Latoya,She,Australia,6,8148.0,1358.0
12002.0,Adriana,Lopez,Australia,6,8145.0,1357.5
11482.0,Adrienne,Torres,United Kingdom,5,8143.0,1628.6
11765.0,Marc,Torres,Australia,5,8143.0,1628.6
11915.0,Philip,Carlson,Australia,8,8143.0,1017.875
11455.0,Ross,Sanz,Australia,5,8142.0,1628.4
11459.0,Tasha,Deng,Australia,5,8141.0,1628.2
11989.0,Kara,Anand,Australia,5,8140.0,1628.0
11003.0,Christy,Zhu,Australia,9,8139.0,904.3333333333334
11768.0,Clayton,Nara,Australia,4,8139.0,2034.75
11111.0,Meredith,Gutierrez,Australia,8,8137.0,1017.125
11460.0,Melvin,Chande,Australia,6,8137.0,1356.1666666666667
12337.0,Dustin,Goldstein,Australia,7,8137.0,1162.4285714285713
11444.0,Tina,Mehta,Australia,5,8136.0,1627.2
11907.0,Sarah,Garcia,Australia,5,8135.0,1627.0
11011.0,Curtis,Lu,Australia,4,8133.0,2033.25
11448.0,Kyle,Patterson,Australia,7,8132.0,1161.7142857142858
11052.0,Heidi,Lopez,Australia,7,8131.0,1161.5714285714287
11993.0,Rosa,Wang,Australia,7,8131.0,1161.5714285714287
11449.0,Alvin,Hu,Australia,7,8130.0,1161.4285714285713
11061.0,Todd,Gao,Australia,6,8129.0,1354.8333333333333
11124.0,Ross,Jordan,Australia,6,8129.0,1354.8333333333333
11764.0,Jessie,Ramos,Australia,6,8129.0,1354.8333333333333
11464.0,Alejandro,Huang,Australia,7,8128.0,1161.142857142857
11991.0,Frederick,Martinez,Australia,6,8128.0,1354.6666666666667
11489.0,Deborah,Goel,United Kingdom,7,8127.0,1161.0
11108.0,Kari,Alvarez,Australia,5,8124.0,1624.8
11893.0,Orlando,Carlson,Australia,5,8123.0,1624.6
11992.0,Tonya,Chande,Australia,5,8123.0,1624.6
11005.0,Julio,Ruiz,Australia,6,8121.0,1353.5
11917.0,Roy,Sanz,Australia,6,8121.0,1353.5
11006.0,Janet,Alvarez,Australia,5,8119.0,1623.8
11344.0,Jessie,Jimenez,United Kingdom,7,8119.0,1159.857142857143
11892.0,Julio,Ortega,Australia,5,8119.0,1623.8
11896.0,Frank,Carlson,Australia,6,8118.0,1353.0
11462.0,Laura,Lin,Australia,5,8116.0,1623.2
11002.0,Ruben,Torres,Australia,4,8114.0,2028.5
11398.0,Colin,Nath,United Kingdom,4,8114.0,2028.5
12004.0,Jarrod,Suri,Australia,4,8114.0,2028.5
11910.0,Jaclyn,Zheng,Australia,5,8113.0,1622.6
12001.0,Shannon,Yang,Australia,7,8113.0,1159.0
11092.0,Cheryl,Diaz,Australia,5,8110.0,1622.0
11903.0,Kate,Raji,Australia,4,8108.0,2027.0
11008.0,Rob,Verhoff,Australia,7,8106.0,1158.0
11909.0,Nichole,She,Australia,7,8105.0,1157.857142857143
11069.0,Carolyn,Navarro,Australia,3,8104.0,2701.3333333333335
11097.0,Edwin,Nara,Australia,5,8099.0,1619.8
11445.0,Kari,Kim,Australia,5,8098.0,1619.6
11105.0,Candace,Fernandez,Australia,5,8096.0,1619.2
11912.0,Rachael,Sai,Australia,6,8095.0,1349.1666666666667
11110.0,Curtis,Yang,Australia,5,8093.0,1618.6
11009.0,Shannon,Carlson,Australia,5,8091.0,1618.2
12302.0,Kevin,Coleman,Germany,12,8091.0,674.25
11488.0,Jermaine,Lopez,United Kingdom,5,8090.0,1618.0
11454.0,Melinda,Navarro,Australia,4,8089.0,2022.25
11461.0,Victor,Jimenez,Australia,4,8089.0,2022.25
11010.0,Jacquelyn,Suarez,Australia,4,8088.0,2022.0
11057.0,Carl,Andersen,Australia,4,8088.0,2022.0
11151.0,Melinda,Gill,Australia,6,8087.0,1347.8333333333333
11976.0,Audrey,Ramos,Australia,6,8087.0,1347.8333333333333
11106.0,Jessie,Liu,Australia,3,8079.0,2693.0
11908.0,Rafael,Tang,Australia,3,8079.0,2693.0
11968.0,Kelsey,Becker,Australia,3,8079.0,2693.0
11353.0,Carrie,Ortega,United Kingdom,6,8078.0,1346.3333333333333
11447.0,Jennifer,Roberts,Australia,6,8078.0,1346.3333333333333
11756.0,Linda,Ortega,Australia,6,8078.0,1346.3333333333333
11988.0,Kathryn,Chapman,Australia,6,8078.0,1346.3333333333333
11075.0,Felicia,Jimenez,Australia,5,8068.0,1613.6
11351.0,Anne,Ramos,United Kingdom,5,8068.0,1613.6
11963.0,Antonio,Patterson,Australia,5,8068.0,1613.6
12291.0,Johnathan,Suri,Germany,11,8067.0,733.3636363636364
11096.0,Andrés,Anand,Australia,4,8063.0,2015.75
11759.0,Dawn,Nath,Australia,3,8054.0,2684.6666666666665
12298.0,Crystal,Zeng,Germany,10,8052.0,805.2
12297.0,Felicia,Blanco,Germany,11,8022.0,729.2727272727273
12314.0,Jill,Suarez,Germany,8,7997.0,999.625
12130.0,Suzanne,Zhou,Germany,10,7987.0,798.7
12330.0,Preston,Raman,Germany,10,7932.0,793.2
13259.0,Allen,Garcia,Germany,14,7853.0,560.9285714285714
11240.0,Anne,Hernandez,United Kingdom,13,7586.0,583.5384615384615
11238.0,Mayra,Prasad,United Kingdom,9,7543.0,838.1111111111111
11239.0,Latoya,Goel,United Kingdom,11,7511.0,682.8181818181819
13256.0,Abby,Subram,Germany,13,7494.0,576.4615384615385
13255.0,Lance,Blanco,Germany,12,7393.0,616.0833333333334
12657.0,Audrey,Blanco,Germany,8,7384.0,923.0
16589.0,Martin,Suri,United Kingdom,6,7343.0,1223.8333333333333
13406.0,Craig,Jiménez,Germany,9,7300.0,811.1111111111111
13579.0,Alan,Chen,Germany,10,7294.0,729.4
17221.0,Ricky,Navarro,Germany,13,7292.0,560.9230769230769
13580.0,Carol,Xu,Germany,7,7285.0,1040.7142857142858
17114.0,Jarrod,Mehta,Germany,9,7275.0,808.3333333333334
13264.0,Melanie,Sanchez,Germany,8,7265.0,908.125
15093.0,Johnny,Moyer,France,7,7265.0,1037.857142857143
13265.0,Luke,Adams,Germany,8,7259.0,907.375
15095.0,Jodi,Shan,France,6,7255.0,1209.1666666666667
17184.0,Eddie,Dominguez,Germany,8,7253.0,906.625
15623.0,Molly,Madan,France,7,7247.0,1035.2857142857142
16263.0,Eduardo,Robinson,Germany,7,7243.0,1034.7142857142858
16823.0,Stacy,Ruiz,United Kingdom,8,7242.0,905.25
13260.0,James,Flores,Germany,8,7239.0,904.875
16196.0,Kurt,Raheem,Germany,7,7237.0,1033.857142857143
17198.0,Cheryl,Jiménez,Germany,7,7233.0,1033.2857142857142
15357.0,Craig,Navarro,Germany,7,7232.0,1033.142857142857
16594.0,Andrew,Jones,United Kingdom,7,7231.0,1033.0
15085.0,Kristin,Jai,France,6,7229.0,1204.8333333333333
16207.0,Jordan,Shan,Germany,7,7226.0,1032.2857142857142
19031.0,Regina,Perez,United Kingdom,6,7226.0,1204.3333333333333
15676.0,Todd,Wang,France,7,7224.0,1032.0
15678.0,Susan,Zhou,France,10,7223.0,722.3
16821.0,Mary,Carter,Germany,9,7221.0,802.3333333333334
13792.0,Charles,Taylor,United Kingdom,7,7216.0,1030.857142857143
13794.0,Mallory,Martin,United Kingdom,9,7212.0,801.3333333333334
15116.0,Mackenzie,Ramirez,Germany,7,7212.0,1030.2857142857142
17214.0,Damien,Liu,United Kingdom,5,7211.0,1442.2
14791.0,Ashlee,Deng,France,9,7210.0,801.1111111111111
15675.0,Jay,Alonso,Germany,7,7206.0,1029.4285714285713
16831.0,Theodore,Vazquez,United Kingdom,7,7206.0,1029.4285714285713
16827.0,Jeffery,Chen,United Kingdom,8,7205.0,900.625
16206.0,Cindy,Lewis,Germany,8,7203.0,900.375
16565.0,Corey,Anand,Germany,8,7203.0,900.375
13261.0,Lindsey,Andersen,Germany,6,7200.0,1200.0
15677.0,Alyssa,Bradley,France,8,7200.0,900.0
18166.0,Julian,Wood,United Kingdom,7,7200.0,1028.5714285714287
13606.0,Drew,Sharma,Germany,6,7195.0,1199.1666666666667
16585.0,Vincent,Sun,United Kingdom,5,7192.0,1438.4
11414.0,Ian,Richardson,United Kingdom,10,7191.0,719.1
11413.0,Megan,Stewart,United Kingdom,11,7190.0,653.6363636363636
18173.0,Brent,Zhang,United Kingdom,9,7189.0,798.7777777777778
15685.0,Robin,Vazquez,Germany,6,7188.0,1198.0
17781.0,Jake,She,Germany,6,7187.0,1197.8333333333333
15932.0,Tabitha,Jimenez,Germany,5,7186.0,1437.2
16829.0,Wayne,Lal,United Kingdom,7,7185.0,1026.4285714285713
16828.0,Logan,Mitchell,United Kingdom,8,7182.0,897.75
17209.0,Jacqueline,James,Germany,4,7182.0,1795.5
16822.0,Marshall,Lin,United Kingdom,6,7176.0,1196.0
11244.0,Alexis,Coleman,United Kingdom,12,7175.0,597.9166666666666
17183.0,Shane,Sanchez,Germany,8,7175.0,896.875
13693.0,Dominic,Gonzalez,United Kingdom,6,7171.0,1195.1666666666667
16261.0,Diana,Navarro,France,7,7170.0,1024.2857142857142
15625.0,Clinton,Alvarez,Germany,4,7169.0,1792.25
11243.0,Robin,Alvarez,United Kingdom,12,7164.0,597.0
13690.0,Claudia,Gao,United Kingdom,6,7162.0,1193.6666666666667
16204.0,Terrence,Anand,France,5,7162.0,1432.4
16567.0,Erick,Lopez,Germany,5,7159.0,1431.8
13765.0,Jaime,Shen,United Kingdom,5,7152.0,1430.4
13777.0,Manuel,Perez,United Kingdom,7,7147.0,1021.0
13784.0,Spencer,Griffin,United Kingdom,4,7138.0,1784.5
16830.0,Alexandra,Hall,Germany,6,7138.0,1189.6666666666667
11247.0,Claudia,Zhou,United Kingdom,12,7131.0,594.25
16598.0,Kate,Rai,United Kingdom,4,7131.0,1782.75
11250.0,Shannon,Liu,United Kingdom,11,7115.0,646.8181818181819
15094.0,Wendy,Ortega,France,7,7109.0,1015.5714285714286
12037.0,Patricia,Chapman,Australia,8,7107.0,888.375
14203.0,Seth,Rodriguez,France,9,7082.0,786.8888888888889
11422.0,Dustin,Deng,United Kingdom,10,7075.0,707.5
15082.0,Kelvin,Lal,France,8,7069.0,883.625
11548.0,Raymond,Sanchez,United Kingdom,9,7068.0,785.3333333333334
16587.0,Zachary,Martinez,Germany,10,7064.0,706.4
11996.0,Veronica,Srini,Australia,11,7059.0,641.7272727272727
11485.0,Donald,Chandra,United Kingdom,7,7049.0,1007.0
18177.0,Reginald,Suarez,United Kingdom,9,7044.0,782.6666666666666
11999.0,Johnny,Shan,Australia,9,7043.0,782.5555555555555
14976.0,Randy,Hu,France,5,7041.0,1408.2
11997.0,Kristina,Kapoor,Australia,7,7030.0,1004.2857142857143
15626.0,Eduardo,White,Germany,8,7029.0,878.625
11549.0,Crystal,Liang,United Kingdom,9,7024.0,780.4444444444445
12007.0,Shannon,Sun,Australia,8,7024.0,878.0
13012.0,Krystal,Hu,Australia,9,7017.0,779.6666666666666
14773.0,Noah,Ross,France,5,7016.0,1403.2
17825.0,Clayton,Li,Germany,9,7016.0,779.5555555555555
11496.0,Gary,Ortega,United Kingdom,7,7014.0,1002.0
14790.0,Terry,Tang,France,8,7005.0,875.625
16298.0,Adrienne,Sanz,Germany,9,7001.0,777.8888888888889
16603.0,Scott,Seely,Germany,9,7001.0,777.8888888888889
15084.0,Adrienne,Serrano,Germany,7,7000.0,1000.0
15637.0,Russell,Sharma,France,8,7000.0,875.0
14424.0,Stefanie,Raman,France,7,6999.0,999.8571428571429
17199.0,Dennis,Zhou,Germany,9,6998.0,777.5555555555555
16575.0,Veronica,Vance,United Kingdom,8,6995.0,874.375
16588.0,Andre,Martinez,United Kingdom,8,6995.0,874.375
15624.0,Tyrone,Rubio,France,7,6990.0,998.5714285714286
17811.0,Stacy,Hernandez,Germany,7,6990.0,998.5714285714286
11388.0,Joseph,Martin,United Kingdom,7,6987.0,998.1428571428571
17225.0,Lawrence,Dominguez,United Kingdom,8,6987.0,873.375
12005.0,Gilbert,Shen,Australia,6,6985.0,1164.1666666666667
18127.0,Franklin,He,United Kingdom,8,6982.0,872.75
14931.0,Andres,Pal,France,10,6981.0,698.1
17207.0,Ian,Torres,United Kingdom,9,6980.0,775.5555555555555
15926.0,Donna,Deng,Germany,9,6979.0,775.4444444444445
17192.0,Warren,He,United Kingdom,6,6978.0,1163.0
15117.0,Dana,Dominguez,Germany,9,6975.0,775.0
15697.0,Julia,Morris,Germany,10,6975.0,697.5
11494.0,Jimmy,Gutierrez,United Kingdom,5,6974.0,1394.8
15687.0,Jay,Suri,France,6,6974.0,1162.3333333333333
17202.0,Deanna,Martinez,United Kingdom,9,6974.0,774.8888888888889
18141.0,Deanna,Chandra,United Kingdom,8,6973.0,871.625
15699.0,Jonathon,Hernandez,United Kingdom,8,6970.0,871.25
11400.0,Franklin,Raji,United Kingdom,8,6968.0,871.0
14031.0,Ruben,Suarez,Australia,8,6964.0,870.5
15684.0,Tyrone,Suarez,Germany,8,6963.0,870.375
11998.0,Donna,Sharma,Australia,7,6962.0,994.5714285714286
13625.0,Jason,Campbell,Australia,6,6962.0,1160.3333333333333
11468.0,Jaclyn,Andersen,United Kingdom,4,6960.0,1740.0
15928.0,Priscilla,Pal,Germany,7,6960.0,994.2857142857143
11387.0,Megan,Ramirez,United Kingdom,6,6959.0,1159.8333333333333
11493.0,Dawn,Wu,United Kingdom,6,6959.0,1159.8333333333333
15086.0,Latasha,Dominguez,France,9,6959.0,773.2222222222222
12216.0,Gerald,Rodriguez,United Kingdom,9,6955.0,772.7777777777778
17185.0,Karla,Anand,United Kingdom,8,6955.0,869.375
16826.0,Roberto,Vazquez,Germany,8,6954.0,869.25
15100.0,Brenda,Chandra,Germany,6,6953.0,1158.8333333333333
17203.0,Christine,Raje,United Kingdom,8,6953.0,869.125
16205.0,Melanie,Sanders,France,7,6951.0,993.0
17182.0,Jessica,Patterson,United Kingdom,5,6951.0,1390.2
16262.0,Kathryn,Xie,France,8,6950.0,868.75
18126.0,Larry,Ortega,United Kingdom,7,6946.0,992.2857142857143
15929.0,Karla,Raji,United Kingdom,7,6945.0,992.1428571428571
17181.0,Jenny,Lal,Germany,7,6945.0,992.1428571428571
15101.0,Shawn,Shan,Germany,7,6944.0,992.0
15627.0,Troy,Srini,Germany,7,6944.0,992.0
16203.0,Warren,Raje,France,8,6940.0,867.5
16824.0,Randall,Munoz,Germany,6,6939.0,1156.5
19032.0,Katrina,Andersen,United Kingdom,7,6939.0,991.2857142857143
17103.0,Franklin,Xu,Germany,7,6935.0,990.7142857142857
15927.0,Gilbert,Huang,Germany,6,6933.0,1155.5
15933.0,Clinton,Dominguez,United Kingdom,7,6932.0,990.2857142857143
18147.0,Katrina,Luo,United Kingdom,6,6931.0,1155.1666666666667
18135.0,Blake,Diaz,United Kingdom,6,6922.0,1153.6666666666667
16286.0,Billy,Torres,France,4,6921.0,1730.25
15114.0,Erika,Munoz,Germany,7,6919.0,988.4285714285714
15702.0,Ruth,Mehta,United Kingdom,7,6918.0,988.2857142857143
16199.0,Terrence,Xie,Germany,5,6918.0,1383.6
16307.0,Kelli,Sun,Germany,5,6918.0,1383.6
17093.0,Seth,Sanchez,Germany,5,6918.0,1383.6
12988.0,Barbara,Goel,Australia,7,6915.0,987.8571428571429
17220.0,Glenn,Wang,Germany,7,6915.0,987.8571428571429
18160.0,Bryan,Rivera,United Kingdom,6,6915.0,1152.5
12335.0,Francisco,Ashe,United Kingdom,9,6912.0,768.0
12702.0,Yolanda,Shan,Australia,9,6911.0,767.8888888888889
16309.0,Desiree,Ortega,Germany,6,6911.0,1151.8333333333333
12222.0,Jenny,Xu,United Kingdom,8,6909.0,863.625
13626.0,Johnathan,Madan,Australia,9,6909.0,767.6666666666666
17218.0,Craig,Carlson,United Kingdom,9,6908.0,767.5555555555555
18168.0,Pedro,Sanz,United Kingdom,6,6908.0,1151.3333333333333
16448.0,Cheryl,Martin,Germany,6,6907.0,1151.1666666666667
12348.0,Jimmy,Vazquez,Australia,10,6906.0,690.6
13082.0,Juan,Peterson,Australia,8,6906.0,863.25
14030.0,Lawrence,Sanz,Australia,5,6905.0,1381.0
15693.0,Isabel,Barnes,Germany,5,6905.0,1381.0
18136.0,Carl,Xie,United Kingdom,5,6905.0,1381.0
12685.0,Jaclyn,Xu,Australia,8,6904.0,863.0
13407.0,Cassandra,Rana,United Kingdom,8,6904.0,863.0
12239.0,Alberto,Ramos,United Kingdom,8,6901.0,862.625
16595.0,Cameron,Anderson,United Kingdom,7,6901.0,985.8571428571429
17191.0,Gilbert,Guo,Germany,4,6896.0,1724.0
13104.0,Gregory,Becker,Australia,8,6894.0,861.75
12684.0,Shaun,Shen,Australia,10,6893.0,689.3
12703.0,Renee,Suarez,Australia,8,6891.0,861.375
12215.0,Karla,She,United Kingdom,9,6890.0,765.5555555555555
16297.0,Deanna,Garcia,Germany,4,6890.0,1722.5
13629.0,Karla,Yuan,Australia,7,6889.0,984.1428571428571
13955.0,Andres,Raji,Australia,8,6888.0,861.0
12647.0,Colleen,Anand,United Kingdom,9,6886.0,765.1111111111111
13132.0,Casey,Vazquez,Australia,9,6881.0,764.5555555555555
12680.0,George,Sanchez,Australia,10,6880.0,688.0
11609.0,Eugene,Ye,United Kingdom,9,6872.0,763.5555555555555
13616.0,Cole,Ramirez,Australia,8,6872.0,859.0
13965.0,Barry,Sara,Australia,9,6872.0,763.5555555555555
13122.0,Catherine,Cox,Australia,7,6871.0,981.5714285714286
13960.0,Lacey,Kumar,Australia,7,6871.0,981.5714285714286
18158.0,Jeremiah,Griffin,United Kingdom,4,6870.0,1717.5
12701.0,Gary,Gutierrez,Australia,8,6868.0,858.5
12688.0,Stacy,Navarro,Australia,6,6867.0,1144.5
12339.0,Clayton,Jai,Australia,5,6865.0,1373.0
14941.0,Emma,Patterson,United Kingdom,7,6865.0,980.7142857142857
12346.0,Wesley,Gao,Australia,5,6864.0,1372.8
12686.0,Trisha,Zhou,Australia,5,6864.0,1372.8
13091.0,Deanna,Martin,Australia,6,6864.0,1144.0
13644.0,Kristi,Dominguez,Australia,5,6864.0,1372.8
12658.0,Joy,Gomez,United Kingdom,7,6863.0,980.4285714285714
13076.0,Craig,Munoz,Australia,5,6862.0,1372.4
12700.0,Mindy,Kumar,Australia,7,6860.0,980.0
12653.0,Nichole,Andersen,United Kingdom,10,6859.0,685.9
12676.0,Michele,Madan,Australia,5,6859.0,1371.8
14032.0,Arthur,Chandra,Australia,8,6859.0,857.375
13959.0,Ebony,Carlson,Australia,8,6858.0,857.25
12994.0,Anna,Martinez,Australia,7,6855.0,979.2857142857143
12705.0,Andre,Garcia,Australia,7,6854.0,979.1428571428571
13139.0,Carmen,Perez,Australia,7,6854.0,979.1428571428571
12706.0,Louis,Liang,Australia,9,6851.0,761.2222222222222
12995.0,Grant,Nara,Australia,7,6850.0,978.5714285714286
13078.0,Michele,Chande,Australia,6,6850.0,1141.6666666666667
13620.0,Damien,Ye,Australia,7,6848.0,978.2857142857143
12645.0,Audrey,Ruiz,United Kingdom,6,6847.0,1141.1666666666667
12689.0,Tamara,Pal,Australia,8,6846.0,855.75
12637.0,Leonard,Nath,United Kingdom,6,6845.0,1140.8333333333333
13080.0,Denise,Mehta,Australia,9,6844.0,760.4444444444445
13251.0,Raymond,Malhotra,United Kingdom,7,6844.0,977.7142857142857
13075.0,Kelvin,Lin,Australia,7,6843.0,977.5714285714286
13646.0,Terry,Yuan,Australia,8,6843.0,855.375
13970.0,Pedro,Rana,Australia,5,6843.0,1368.6
13103.0,Brendan,Raji,Australia,8,6842.0,855.25
13966.0,Darren,Dominguez,Australia,8,6842.0,855.25
13622.0,Alan,Wang,Australia,7,6841.0,977.2857142857143
12341.0,Katie,Kumar,Australia,7,6840.0,977.1428571428571
12999.0,Nichole,Shen,Australia,5,6840.0,1368.0
13953.0,Theresa,Munoz,Australia,6,6840.0,1140.0
12347.0,Summer,Madan,Australia,6,6839.0,1139.8333333333333
12668.0,Melissa,Patterson,Australia,5,6839.0,1367.8
13160.0,Willie,Xu,Australia,5,6839.0,1367.8
13958.0,Diane,Martin,Australia,5,6839.0,1367.8
12342.0,Morgan,Young,Australia,7,6838.0,976.8571428571429
12644.0,Rachel,Reed,United Kingdom,7,6838.0,976.8571428571429
13632.0,Cheryl,Munoz,Australia,5,6838.0,1367.6
13113.0,Bryant,Sanchez,Australia,7,6832.0,976.0
13638.0,Diana,Alvarez,Australia,7,6832.0,976.0
13051.0,Ethan,Jones,Australia,8,6831.0,853.875
13117.0,Evelyn,Rodriguez,Australia,6,6831.0,1138.5
13636.0,Jarrod,Rodriguez,Australia,5,6831.0,1366.2
14020.0,Kristine,Dominguez,Australia,5,6831.0,1366.2
12263.0,Emmanuel,Garcia,United Kingdom,8,6829.0,853.625
12674.0,Jimmy,Travers,Australia,4,6829.0,1707.25
12990.0,Leslie,Hernandez,Australia,4,6829.0,1707.25
13119.0,Jaclyn,Guo,Australia,6,6829.0,1138.1666666666667
12210.0,Alan,He,United Kingdom,6,6825.0,1137.5
12630.0,Kevin,Simmons,United Kingdom,6,6825.0,1137.5
13630.0,Brenda,Arun,Australia,8,6824.0,853.0
12317.0,Carl,She,United Kingdom,9,6823.0,758.1111111111111
13129.0,Joy,Ramos,Australia,5,6823.0,1364.6
12693.0,Ruth,Gonzalez,Australia,5,6820.0,1364.0
13252.0,Bianca,Lu,United Kingdom,5,6820.0,1364.0
13011.0,Anne,Ortega,Australia,7,6819.0,974.1428571428571
13411.0,Jacquelyn,Blanco,United Kingdom,5,6819.0,1363.8
14038.0,Madison,Foster,Australia,6,6819.0,1136.5
12355.0,Monique,Ortega,Australia,7,6818.0,974.0
12648.0,Lori,Dominguez,United Kingdom,8,6817.0,852.125
12989.0,Carly,Goel,Australia,8,6817.0,852.125
13128.0,Colleen,West,Australia,5,6817.0,1363.4
13631.0,Joe,Subram,Australia,8,6817.0,852.125
13645.0,Eugene,He,Australia,8,6817.0,852.125
13126.0,Lydia,Suri,Australia,7,6815.0,973.5714285714286
12667.0,Maria,Wood,Australia,7,6813.0,973.2857142857143
13133.0,Devon,Kennedy,Australia,7,6813.0,973.2857142857143
12675.0,Holly,Fernandez,Australia,5,6812.0,1362.4
13090.0,Wayne,Tang,Australia,6,6812.0,1135.3333333333333
13404.0,Kelvin,Yang,United Kingdom,7,6812.0,973.1428571428571
13649.0,Rebekah,Suarez,Australia,7,6812.0,973.1428571428571
13651.0,Jerry,Sharma,Australia,7,6812.0,973.1428571428571
12356.0,Julia,Wood,Australia,5,6810.0,1362.0
14033.0,Melinda,Torres,Australia,5,6809.0,1361.8
12318.0,Kristina,Schmidt,United Kingdom,4,6808.0,1702.0
12996.0,Jaclyn,Liu,Australia,4,6808.0,1702.0
13619.0,Arturo,Xu,Australia,8,6808.0,851.0
14039.0,Nathan,Wang,Australia,6,6808.0,1134.6666666666667
13114.0,Claudia,Zhang,Australia,5,6807.0,1361.4
11575.0,Jackson,Campbell,United Kingdom,7,6806.0,972.2857142857143
13964.0,Jasmine,Lewis,Australia,5,6806.0,1361.2
12687.0,Marshall,Li,Australia,4,6805.0,1701.25
14045.0,Tanya,Ramos,Australia,5,6804.0,1360.8
12214.0,Julie,Raje,United Kingdom,8,6803.0,850.375
12315.0,Ann,Rodriguez,United Kingdom,6,6803.0,1133.8333333333333
13633.0,Juan,Ramos,Australia,6,6803.0,1133.8333333333333
12671.0,Alan,Huang,Australia,6,6802.0,1133.6666666666667
12683.0,Laura,Zhou,Australia,5,6801.0,1360.2
13254.0,Beth,Gomez,United Kingdom,6,6801.0,1133.5
13089.0,Elizabeth,Alexander,Australia,6,6800.0,1133.3333333333333
12316.0,Alejandro,Luo,United Kingdom,6,6799.0,1133.1666666666667
13000.0,Rafael,Raje,Australia,6,6799.0,1133.1666666666667
13001.0,Clarence,Zhang,Australia,7,6799.0,971.2857142857143
13643.0,Ronald,Sai,Australia,6,6799.0,1133.1666666666667
12699.0,Amy,Chow,Australia,6,6798.0,1133.0
12354.0,Lance,Ortega,Australia,6,6797.0,1132.8333333333333
13130.0,Dalton,Miller,Australia,5,6797.0,1359.4
11612.0,Keith,Andersen,United Kingdom,6,6795.0,1132.5
14949.0,Steve,Wu,United Kingdom,5,6795.0,1359.0
13647.0,Armando,Alonso,Australia,5,6793.0,1358.6
15059.0,Lisa,Zhu,United Kingdom,10,6793.0,679.3
12328.0,Eugene,Zhao,United Kingdom,8,6792.0,849.0
13408.0,Katherine,Gonzales,United Kingdom,8,6792.0,849.0
12350.0,Logan,Hernandez,Australia,6,6791.0,1131.8333333333333
12669.0,Irving,Schmidt,Australia,5,6791.0,1358.2
11568.0,Alexia,Foster,United Kingdom,5,6789.0,1357.8
12358.0,Lacey,Raje,Australia,5,6787.0,1357.4
12634.0,Derrick,Ruiz,United Kingdom,5,6787.0,1357.4
11604.0,Edgar,Sanchez,United Kingdom,7,6786.0,969.4285714285714
11610.0,Blake,Collins,United Kingdom,6,6786.0,1131.0
12698.0,Mohamed,Pal,Australia,6,6786.0,1131.0
12670.0,Sarah,Martinez,Australia,5,6785.0,1357.0
12677.0,Cedric,Liu,Australia,4,6785.0,1696.25
12694.0,Jay,Arthur,Australia,5,6785.0,1357.0
12681.0,Christy,Chow,Australia,5,6784.0,1356.8
13115.0,Clarence,Wu,Australia,7,6779.0,968.4285714285714
13637.0,Victoria,Cooper,Australia,6,6777.0,1129.5
13253.0,Carly,Xie,United Kingdom,6,6774.0,1129.0
13135.0,Johnny,Rai,Australia,5,6773.0,1354.6
12349.0,Lacey,Yuan,Australia,5,6772.0,1354.4
13081.0,Krista,Ruiz,Australia,5,6772.0,1354.4
13971.0,Bianca,Zhao,Australia,6,6772.0,1128.6666666666667
11259.0,Victoria,Stewart,United States,5,6770.0,1354.0
12673.0,Colin,Stone,Australia,5,6768.0,1353.6
13650.0,Jessie,She,Australia,5,6768.0,1353.6
11603.0,Geoffrey,Gonzalez,United Kingdom,5,6767.0,1353.4
13077.0,Alejandro,Goel,Australia,6,6766.0,1127.6666666666667
12353.0,Joe,Ramos,Australia,5,6765.0,1353.0
13123.0,Kelli,Raji,Australia,5,6765.0,1353.0
13648.0,Arturo,Sharma,Australia,5,6765.0,1353.0
13618.0,Jay,Raman,Australia,4,6763.0,1690.75
13006.0,Whitney,Rana,Australia,4,6762.0,1690.5
12987.0,Felicia,Moreno,Australia,4,6759.0,1689.75
11263.0,Trinity,Richardson,United States,9,6753.0,750.3333333333334
12340.0,Stacy,Diaz,Australia,6,6752.0,1125.3333333333333
12640.0,Angel,Richardson,United Kingdom,6,6752.0,1125.3333333333333
13079.0,Edwin,Bhat,Australia,6,6752.0,1125.3333333333333
12360.0,Mario,Goel,Australia,3,6750.0,2250.0
14146.0,Toni,Sara,United Kingdom,8,6750.0,843.75
15056.0,Jaime,Suarez,United Kingdom,9,6748.0,749.7777777777778
14846.0,Kelsey,Chande,United Kingdom,7,6744.0,963.4285714285714
11191.0,Kristi,Perez,United States,7,6743.0,963.2857142857143
13131.0,Briana,Diaz,Australia,4,6737.0,1684.25
15440.0,Jon,Pal,United Kingdom,8,6736.0,842.0
14702.0,Curtis,Zimmerman,United Kingdom,7,6729.0,961.2857142857143
14847.0,Vadim,Sazanovich,United Kingdom,7,6725.0,960.7142857142857
11171.0,Jonathan,Hill,United States,8,6716.0,839.5
11175.0,Luis,Wang,United States,8,6710.0,838.75
14950.0,Maria,Hernandez,United Kingdom,6,6709.0,1118.1666666666667
14928.0,Roy,Patel,United Kingdom,6,6706.0,1117.6666666666667
14991.0,Edwin,Zhao,United Kingdom,6,6706.0,1117.6666666666667
14150.0,Billy,Munoz,United Kingdom,5,6705.0,1341.0
11090.0,Trevor,Bryant,United States,6,6703.0,1117.1666666666667
14984.0,Regina,Vance,United Kingdom,7,6699.0,957.0
14843.0,Lee,Vazquez,United Kingdom,6,6690.0,1115.0
15048.0,Bonnie,Yuan,United Kingdom,6,6690.0,1115.0
14771.0,Heidi,Vance,United Kingdom,6,6689.0,1114.8333333333333
11224.0,Tiffany,Li,United States,5,6685.0,1337.0
11252.0,Nicholas,Thompson,United States,7,6685.0,955.0
14697.0,Nelson,Jimenez,United Kingdom,6,6684.0,1114.0
15062.0,Jaime,Alonso,United Kingdom,5,6684.0,1336.8
14160.0,Brittney,Hu,Germany,8,6679.0,834.875
14770.0,Melvin,Andersen,United Kingdom,5,6679.0,1335.8
14833.0,Riley,Hayes,United Kingdom,5,6679.0,1335.8
11257.0,Jacqueline,Powell,United States,6,6676.0,1112.6666666666667
15078.0,Jacob,Wilson,United Kingdom,4,6675.0,1668.75
14778.0,Renee,Jimenez,United Kingdom,7,6673.0,953.2857142857143
15077.0,Dominique,Lopez,United Kingdom,7,6673.0,953.2857142857143
15047.0,Meghan,Vazquez,United Kingdom,7,6669.0,952.7142857142857
14525.0,Claudia,Sun,United Kingdom,6,6665.0,1110.8333333333333
14712.0,Eugene,Liu,United Kingdom,5,6660.0,1332.0
14947.0,Alejandro,Chen,United Kingdom,6,6658.0,1109.6666666666667
14937.0,Brendan,Xu,United Kingdom,5,6652.0,1330.4
11261.0,Stephanie,Collins,United States,4,6650.0,1662.5
14157.0,Willie,Xu,United Kingdom,4,6650.0,1662.5
15051.0,Harold,McDonald,United Kingdom,4,6650.0,1662.5
15453.0,Isabelle,Barnes,United Kingdom,4,6650.0,1662.5
14929.0,Peter,Anand,United Kingdom,5,6646.0,1329.2
15058.0,Julio,Suarez,United Kingdom,6,6639.0,1106.5
11039.0,Marc,Martin,Australia,9,6636.0,737.3333333333334
13841.0,Clayton,Kumar,United Kingdom,4,6624.0,1656.0
11046.0,Christine,Yuan,Australia,6,6616.0,1102.6666666666667
14171.0,Michele,Lal,Germany,10,6616.0,661.6
15923.0,Ricardo,Raje,France,8,6592.0,824.0
11027.0,Jessie,Zhao,Australia,9,6591.0,732.3333333333334
11047.0,Jaclyn,Lu,Australia,4,6582.0,1645.5
11025.0,Alejandro,Beck,Australia,6,6577.0,1096.1666666666667
11026.0,Harold,Sai,Australia,7,6575.0,939.2857142857143
14163.0,Ebony,Garcia,Germany,7,6566.0,938.0
11029.0,Jimmy,Moreno,Australia,7,6565.0,937.8571428571429
15921.0,Donald,Patel,France,7,6549.0,935.5714285714286
13541.0,Ashlee,Xu,Germany,9,6536.0,726.2222222222222
13771.0,Victor,Moreno,Germany,10,6535.0,653.5
11018.0,Clarence,Rai,Australia,7,6533.0,933.2857142857143
13540.0,Paula,Ortega,Germany,9,6528.0,725.3333333333334
11032.0,Denise,Stone,Australia,10,6525.0,652.5
13822.0,Jay,Moyer,Germany,7,6523.0,931.8571428571429
12805.0,Marvin,Moreno,France,7,6522.0,931.7142857142857
11044.0,Adam,Flores,Australia,7,6515.0,930.7142857142857
13782.0,Kelli,Lu,Germany,9,6512.0,723.5555555555555
13685.0,Briana,Torres,Germany,9,6509.0,723.2222222222222
13559.0,Lori,Ramos,Germany,7,6508.0,929.7142857142857
12754.0,Lindsey,Deng,France,7,6503.0,929.0
13558.0,Karen,Lu,France,6,6500.0,1083.3333333333333
11048.0,Jeremy,Powell,Australia,8,6498.0,812.25
12398.0,Ashley,Clark,France,6,6498.0,1083.0
13556.0,Alisha,Nath,France,7,6497.0,928.1428571428571
14161.0,Claudia,Li,Germany,7,6497.0,928.1428571428571
11033.0,Jaime,Nath,Australia,7,6495.0,927.8571428571429
13686.0,Peter,Jai,Germany,4,6493.0,1623.25
12750.0,Teresa,Vazquez,France,6,6492.0,1082.0
11034.0,Ebony,Gonzalez,Australia,4,6491.0,1622.75
12607.0,Tamara,Zhu,France,7,6489.0,927.0
13697.0,Jésus,Munoz,Germany,7,6485.0,926.4285714285714
14164.0,Kari,Smith,Germany,7,6484.0,926.2857142857143
13555.0,Tammy,Smith,France,9,6483.0,720.3333333333334
12620.0,Maurice,Lal,France,7,6480.0,925.7142857142857
11031.0,Theresa,Ramos,Australia,6,6478.0,1079.6666666666667
11028.0,Jill,Jimenez,Australia,5,6474.0,1294.8
14162.0,Brett,Garcia,Germany,7,6473.0,924.7142857142857
11030.0,Bethany,Yuan,Australia,4,6471.0,1617.75
12621.0,Barry,Martinez,France,7,6471.0,924.4285714285714
13607.0,Levi,Rana,Germany,5,6464.0,1292.8
14713.0,Jon,Ye,Germany,7,6461.0,923.0
13560.0,Andres,Shan,Germany,5,6453.0,1290.6
11035.0,Wendy,Dominguez,Australia,5,6451.0,1290.2
12510.0,Roberto,Sanz,France,6,6440.0,1073.3333333333333
11038.0,Diana,Hernandez,Australia,3,6437.0,2145.6666666666665
11017.0,Shannon,Wang,Australia,4,6434.0,1608.5
14774.0,Max,Ferrier,Germany,4,6434.0,1608.5
13770.0,Gerald,Moreno,Germany,5,6428.0,1285.6
11001.0,Eugene,Huang,Australia,11,6384.0,580.3636363636364
15710.0,Brandy,Rana,France,7,6317.0,902.4285714285714
15700.0,Eugene,Guo,France,5,6248.0,1249.6
15920.0,Colin,Wu,France,5,6248.0,1249.6
15688.0,Chase,Gray,France,5,6222.0,1244.4
19614.0,Wyatt,Williams,Australia,5,6217.0,1243.4
20452.0,Kelli,Xie,Australia,6,6157.0,1026.1666666666667
18696.0,Mindy,Black,Australia,7,6149.0,878.4285714285714
18336.0,Carla,Gonzalez,Australia,7,6144.0,877.7142857142857
20622.0,Jerome,Suarez,Australia,5,6139.0,1227.8
18746.0,Reginald,Alvarez,Australia,5,6134.0,1226.8
18338.0,Nina,Andersen,Australia,6,6124.0,1020.6666666666666
18242.0,Christine,Pal,Australia,5,6122.0,1224.4
18496.0,Vincent,Zheng,Australia,5,6122.0,1224.4
19960.0,Phil,Spencer,Australia,4,6120.0,1530.0
18297.0,Gloria,Alvarez,Australia,5,6119.0,1223.8
28259.0,Samuel,Mitchell,United States,6,6118.0,1019.6666666666666
17351.0,Terrence,Sharma,Australia,6,6117.0,1019.5
18296.0,Trisha,Li,Australia,6,6117.0,1019.5
19560.0,Randall,Martin,Australia,6,6117.0,1019.5
20609.0,Fernando,Bryant,Australia,6,6117.0,1019.5
20621.0,Meredith,Alonso,Australia,6,6117.0,1019.5
28194.0,Lydia,Garcia,United States,6,6115.0,1019.1666666666666
18269.0,Wendy,Torres,Australia,5,6113.0,1222.6
19555.0,Alejandro,Liu,Australia,4,6110.0,1527.5
18276.0,Alexa,Murphy,Australia,4,6106.0,1526.5
18273.0,Natalie,Moore,Australia,4,6104.0,1526.0
18268.0,Preston,Chapman,Australia,6,6102.0,1017.0
16740.0,Elijah,Li,Australia,5,6099.0,1219.8
19970.0,Tanya,Jimenez,Australia,5,6099.0,1219.8
18240.0,Arthur,Smith,Australia,6,6098.0,1016.3333333333334
18709.0,Darren,Hernandez,Australia,6,6098.0,1016.3333333333334
18710.0,Ricardo,Xie,Australia,6,6098.0,1016.3333333333334
19794.0,Danny,Ortega,Australia,6,6098.0,1016.3333333333334
19950.0,Ronnie,Lu,Australia,6,6098.0,1016.3333333333334
18928.0,Carmen,Prasad,Australia,6,6094.0,1015.6666666666666
19595.0,Carl,Raji,Australia,6,6094.0,1015.6666666666666
17285.0,Clayton,Deng,Australia,5,6093.0,1218.6
18188.0,Jeffery,Wang,Australia,5,6093.0,1218.6
18214.0,Ronald,Suri,Australia,5,6093.0,1218.6
18288.0,Daisy,Suarez,Australia,5,6093.0,1218.6
18484.0,Dustin,Sharma,Australia,5,6093.0,1218.6
19084.0,Colleen,Raje,Australia,5,6093.0,1218.6
19089.0,Regina,Arthur,Australia,5,6093.0,1218.6
19602.0,Stanley,Madan,Australia,5,6093.0,1218.6
19609.0,Kari,Martinez,Australia,5,6093.0,1218.6
19613.0,Ruben,Garcia,Australia,5,6093.0,1218.6
20228.0,Raymond,Arthur,Australia,5,6093.0,1218.6
20239.0,Jill,Ortega,Australia,5,6093.0,1218.6
20616.0,Kristi,Serrano,Australia,5,6093.0,1218.6
20623.0,Ruth,Garcia,Australia,5,6093.0,1218.6
16703.0,Denise,Sanchez,Australia,5,6090.0,1218.0
16713.0,Tony,Nara,Australia,5,6090.0,1218.0
18309.0,Mandy,Wu,Australia,5,6090.0,1218.0
18908.0,Krystal,Sun,Australia,5,6090.0,1218.0
19096.0,Douglas,Suri,Australia,5,6090.0,1218.0
19979.0,Janet,Browning,Australia,5,6090.0,1218.0
17280.0,Deanna,Mehta,Australia,5,6089.0,1217.8
18207.0,Phillip,Gonzalez,Australia,5,6089.0,1217.8
18738.0,Tamara,Luo,Australia,5,6089.0,1217.8
18747.0,Jacquelyn,Diaz,Australia,5,6089.0,1217.8
19782.0,Derek,Shan,Australia,5,6089.0,1217.8
19790.0,Amy,Wu,Australia,5,6089.0,1217.8
20217.0,Valerie,Wang,Australia,5,6089.0,1217.8
20245.0,Darren,Malhotra,Australia,5,6085.0,1217.0
20444.0,Cara,Zeng,Australia,5,6085.0,1217.0
17984.0,Barbara,Andersen,Germany,6,6083.0,1013.8333333333334
16688.0,Tabitha,Gomez,Australia,4,6080.0,1520.0
18281.0,Jaclyn,Li,Australia,4,6080.0,1520.0
18489.0,Johnny,Nara,Australia,4,6080.0,1520.0
11741.0,Tamara,Chander,United States,4,6079.0,1519.75
11776.0,Seth,Mitchell,United States,4,6079.0,1519.75
20445.0,Barbara,Deng,Australia,4,6078.0,1519.5
19785.0,Olivia,Ramirez,Australia,3,6076.0,2025.3333333333333
11323.0,Jose,Patterson,United States,6,6074.0,1012.3333333333334
16687.0,Lawrence,Romero,Australia,5,6070.0,1214.0
16743.0,Ariana,Stewart,Australia,5,6070.0,1214.0
16744.0,Lacey,Guo,Australia,5,6070.0,1214.0
17502.0,Wayne,Kumar,Australia,5,6070.0,1214.0
18213.0,Sheena,Raji,Australia,5,6070.0,1214.0
18277.0,Terry,Lal,Australia,5,6070.0,1214.0
18691.0,Claudia,Zheng,Australia,5,6070.0,1214.0
20242.0,Christopher,Thomas,Australia,6,6068.0,1011.3333333333334
18255.0,Rachel,Griffin,Australia,5,6067.0,1213.4
20226.0,Valerie,She,Australia,5,6067.0,1213.4
18485.0,Devin,Gonzalez,Australia,4,6063.0,1515.75
28243.0,Marcus,Cook,United States,4,6061.0,1515.25
16693.0,Ethan,Coleman,Australia,5,6060.0,1212.0
17051.0,Jessie,Ortega,Australia,5,6060.0,1212.0
18706.0,Darryl,Zheng,Australia,5,6060.0,1212.0
18931.0,Rosa,She,Australia,5,6060.0,1212.0
19568.0,Candice,Sun,Australia,5,6060.0,1212.0
19956.0,Susan,She,Australia,5,6060.0,1212.0
19978.0,Marshall,Yuan,Australia,5,6060.0,1212.0
20220.0,Wendy,Carlson,Australia,5,6060.0,1212.0
20612.0,Colin,Yang,Australia,5,6060.0,1212.0
20615.0,Laura,Wu,Australia,5,6060.0,1212.0
20629.0,Bonnie,Raje,Australia,5,6060.0,1212.0
22995.0,Isabella,Bryant,Canada,5,6060.0,1212.0
15614.0,Faith,Simmons,United Kingdom,9,6059.0,673.2222222222222
11295.0,Taylor,Lewis,United States,5,6058.0,1211.6
18241.0,Tony,Sharma,Australia,4,6058.0,1514.5
18243.0,Cesar,Sai,Australia,4,6058.0,1514.5
18250.0,Jeremiah,Hall,Australia,4,6058.0,1514.5
19576.0,Mackenzie,Hill,Australia,4,6058.0,1514.5
19789.0,Gloria,Munoz,Australia,4,6058.0,1514.5
19791.0,Warren,Zhou,Australia,4,6058.0,1514.5
20617.0,Chloe,Johnson,Australia,4,6058.0,1514.5
16741.0,Alan,Xu,Australia,3,6056.0,2018.6666666666667
18205.0,Lindsey,Raji,Australia,3,6056.0,2018.6666666666667
18209.0,Ann,Chandra,Australia,3,6056.0,2018.6666666666667
18217.0,Danny,Alonso,Australia,3,6056.0,2018.6666666666667
18272.0,Autumn,Lin,Australia,3,6056.0,2018.6666666666667
18301.0,Julie,Xu,Australia,3,6056.0,2018.6666666666667
18483.0,Byron,Gill,Australia,3,6056.0,2018.6666666666667
18488.0,Clayton,Xu,Australia,3,6056.0,2018.6666666666667
18491.0,Michele,Gonzalez,Australia,3,6056.0,2018.6666666666667
18708.0,Micah,Zhao,Australia,4,6056.0,1514.0
18724.0,Denise,Fernandez,Australia,4,6056.0,1514.0
18740.0,Adam,Hill,Australia,3,6056.0,2018.6666666666667
19095.0,Meredith,Martinez,Australia,3,6056.0,2018.6666666666667
19105.0,Stacy,Dominguez,Australia,3,6056.0,2018.6666666666667
19559.0,Cedric,Cai,Australia,3,6056.0,2018.6666666666667
19586.0,Alvin,Sharma,Australia,3,6056.0,2018.6666666666667
19588.0,Raymond,Raman,Australia,3,6056.0,2018.6666666666667
19596.0,Allen,Fernandez,Australia,3,6056.0,2018.6666666666667
19773.0,Ricky,Gutierrez,Australia,3,6056.0,2018.6666666666667
19788.0,Kristen,Hu,Australia,3,6056.0,2018.6666666666667
19792.0,Cristina,Nara,Australia,3,6056.0,2018.6666666666667
19793.0,Tina,Smith,Australia,3,6056.0,2018.6666666666667
19947.0,Darryl,Liu,Australia,4,6056.0,1514.0
19958.0,Erika,Romero,Australia,4,6056.0,1514.0
19959.0,Tabitha,Moreno,Australia,3,6056.0,2018.6666666666667
19964.0,Gloria,Alonso,Australia,3,6056.0,2018.6666666666667
19965.0,Jay,Lopez,Australia,3,6056.0,2018.6666666666667
19971.0,Jeffery,Lu,Australia,3,6056.0,2018.6666666666667
19975.0,Brittney,Zhang,Australia,3,6056.0,2018.6666666666667
20225.0,Sharon,Rai,Australia,3,6056.0,2018.6666666666667
20247.0,Kristina,Lopez,Australia,3,6056.0,2018.6666666666667
20430.0,Maurice,Ashe,Australia,3,6056.0,2018.6666666666667
20600.0,Dennis,Hu,Australia,3,6056.0,2018.6666666666667
20613.0,Lindsay,Raje,Australia,3,6056.0,2018.6666666666667
20628.0,Rodney,Gutierrez,Australia,3,6056.0,2018.6666666666667
22893.0,Chloe,Miller,Canada,4,6056.0,1514.0
19607.0,Troy,Subram,Australia,3,6054.0,2018.0
19611.0,Meagan,Prasad,Australia,3,6054.0,2018.0
19787.0,Alex,Hill,Australia,3,6054.0,2018.0
19949.0,Niñia,Anand,Australia,3,6054.0,2018.0
19963.0,Geoffrey,Fernandez,Australia,3,6054.0,2018.0
20227.0,Louis,Zhang,Australia,3,6054.0,2018.0
20451.0,Kelli,Anand,Australia,3,6054.0,2018.0
20606.0,Jocelyn,Coleman,Australia,3,6054.0,2018.0
22903.0,Hailey,Stewart,Canada,3,6054.0,2018.0
18731.0,Brett,Malhotra,Australia,4,6053.0,1513.25
27645.0,Colin,Anand,United States,5,6051.0,1210.2
28255.0,Robert,Clark,United States,5,6051.0,1210.2
22112.0,Paige,Reed,Canada,4,6047.0,1511.75
22252.0,Makayla,Brooks,Canada,4,6047.0,1511.75
27663.0,Aaron,Collins,United States,4,6047.0,1511.75
28031.0,Kari,Navarro,United States,4,6047.0,1511.75
11325.0,Elijah,Ross,United States,7,6044.0,863.4285714285714
16742.0,Mitchell,Pal,Australia,5,6044.0,1208.8
18210.0,Katie,Lal,Australia,5,6044.0,1208.8
18222.0,Carolyn,Suarez,Australia,5,6044.0,1208.8
18249.0,Alison,Chander,Australia,5,6044.0,1208.8
18725.0,Denise,Kapoor,Australia,5,6044.0,1208.8
19795.0,Casey,Navarro,Australia,5,6044.0,1208.8
19977.0,Kristine,Gill,Australia,5,6044.0,1208.8
20219.0,Colleen,Harrison,Australia,5,6044.0,1208.8
20448.0,Jésus,Blanco,Australia,5,6044.0,1208.8
20620.0,Victoria,Cook,Australia,5,6044.0,1208.8
20627.0,Theresa,Navarro,Australia,5,6044.0,1208.8
28288.0,Marco,Srini,United States,6,6039.0,1006.5
18219.0,Felicia,Gomez,Australia,4,6038.0,1509.5
19099.0,Sheena,Deng,Australia,4,6038.0,1509.5
20626.0,Jarrod,Sara,Australia,4,6038.0,1509.5
18248.0,Pedro,Moreno,Australia,5,6037.0,1207.4
18308.0,Erica,Chen,Australia,5,6037.0,1207.4
18494.0,Marcus,Young,Australia,5,6037.0,1207.4
19577.0,Martin,Perez,Australia,5,6037.0,1207.4
17353.0,Bruce,Navarro,Australia,4,6035.0,1508.75
18208.0,Latoya,Nara,Australia,4,6035.0,1508.75
18251.0,Ricky,Sanz,Australia,4,6035.0,1508.75
18260.0,Jodi,Sharma,Australia,4,6035.0,1508.75
18335.0,Ricky,Diaz,Australia,4,6035.0,1508.75
18692.0,Preston,Mehta,Australia,4,6035.0,1508.75
18694.0,Derrick,Gomez,Australia,4,6035.0,1508.75
18718.0,Susan,Liu,Australia,4,6035.0,1508.75
18736.0,Ashley,Patterson,Australia,4,6035.0,1508.75
18909.0,Jodi,Chavez,Australia,4,6035.0,1508.75
18930.0,Katelyn,Richardson,Australia,4,6035.0,1508.75
19093.0,Tara,Ashe,Australia,4,6035.0,1508.75
19556.0,Shawna,Andersen,Australia,4,6035.0,1508.75
19628.0,Holly,Martinez,Australia,4,6035.0,1508.75
19957.0,Arthur,Mehta,Australia,4,6035.0,1508.75
20221.0,Kaylee,Sanders,Australia,4,6035.0,1508.75
20246.0,Mindy,Xu,Australia,4,6035.0,1508.75
20253.0,Veronica,Kapoor,Australia,4,6035.0,1508.75
20447.0,Jodi,Goel,Australia,4,6035.0,1508.75
20608.0,Cara,Hu,Australia,4,6035.0,1508.75
20614.0,Gregory,Shan,Australia,4,6035.0,1508.75
22996.0,Jordan,Henderson,Canada,4,6035.0,1508.75
22268.0,Alexandra,Barnes,Canada,5,6031.0,1206.2
17309.0,Amy,Ma,Australia,3,6030.0,2010.0
17315.0,Carolyn,Munoz,Australia,3,6030.0,2010.0
18238.0,Eduardo,Harris,Australia,3,6030.0,2010.0
18239.0,Alisha,Zhu,Australia,3,6030.0,2010.0
18246.0,Terrence,Raje,Australia,3,6030.0,2010.0
18303.0,Shannon,Serrano,Australia,3,6030.0,2010.0
18482.0,Sharon,Nara,Australia,3,6030.0,2010.0
19772.0,Hector,Vazquez,Australia,3,6030.0,2010.0
17286.0,Randall,Rubio,Australia,3,6029.0,2009.6666666666667
17310.0,Alejandro,Wang,Australia,3,6029.0,2009.6666666666667
17354.0,Ivan,Garcia,Australia,3,6029.0,2009.6666666666667
18212.0,Marc,Ramos,Australia,3,6029.0,2009.6666666666667
18284.0,Carl,Deng,Australia,3,6029.0,2009.6666666666667
18302.0,Wayne,Xie,Australia,3,6029.0,2009.6666666666667
18490.0,Brad,Rai,Australia,3,6029.0,2009.6666666666667
18493.0,Kaitlin,McDonald,Australia,3,6029.0,2009.6666666666667
18695.0,Aaron,Diaz,Australia,3,6029.0,2009.6666666666667
18929.0,Donald,Garcia,Australia,3,6029.0,2009.6666666666667
19102.0,Claudia,Ye,Australia,3,6029.0,2009.6666666666667
19558.0,Gloria,Ortega,Australia,3,6029.0,2009.6666666666667
19612.0,Marvin,Sanz,Australia,3,6029.0,2009.6666666666667
19967.0,Devon,Deng,Australia,3,6029.0,2009.6666666666667
20213.0,Gina,Dominguez,Australia,3,6029.0,2009.6666666666667
20256.0,Javier,Serrano,Australia,3,6029.0,2009.6666666666667
20258.0,Katelyn,Ward,Australia,3,6029.0,2009.6666666666667
20259.0,Jenny,Andersen,Australia,3,6029.0,2009.6666666666667
20446.0,Clayton,Rai,Australia,3,6029.0,2009.6666666666667
20456.0,Alfredo,Ramos,Australia,3,6029.0,2009.6666666666667
20625.0,Rafael,Yuan,Australia,3,6029.0,2009.6666666666667
22785.0,Oscar,Perry,Canada,3,6029.0,2009.6666666666667
22895.0,Eduardo,Perez,Canada,3,6029.0,2009.6666666666667
28063.0,Gabrielle,Turner,United States,5,6026.0,1205.2
28244.0,Samantha,Davis,United States,5,6026.0,1205.2
11707.0,Natalie,Cook,United States,5,6025.0,1205.0
28152.0,Ian,Rivera,United States,4,6025.0,1506.25
12050.0,Aaron,Young,United States,6,6024.0,1004.0
16702.0,Patricia,Raman,Australia,2,6021.0,3010.5
16745.0,Krista,Moreno,Australia,2,6021.0,3010.5
17279.0,Tanya,Alvarez,Australia,2,6021.0,3010.5
17308.0,Deborah,Kumar,Australia,2,6021.0,3010.5
17329.0,Jasmine,Wilson,Australia,2,6021.0,3010.5
17352.0,Drew,Goel,Australia,2,6021.0,3010.5
18218.0,Thomas,Powell,Australia,2,6021.0,3010.5
18220.0,Brent,Huang,Australia,2,6021.0,3010.5
18244.0,Lindsay,Chande,Australia,2,6021.0,3010.5
18245.0,Misty,Goel,Australia,2,6021.0,3010.5
18252.0,Alvin,Sun,Australia,2,6021.0,3010.5
18254.0,Larry,Martin,Australia,2,6021.0,3010.5
18275.0,Heather,Yang,Australia,2,6021.0,3010.5
18307.0,Amy,Zhang,Australia,2,6021.0,3010.5
18337.0,Audrey,Serrano,Australia,2,6021.0,3010.5
18469.0,Robyn,Rubio,Australia,2,6021.0,3010.5
18470.0,Jennifer,Taylor,Australia,2,6021.0,3010.5
18486.0,Kari,Torres,Australia,2,6021.0,3010.5
18487.0,Tasha,Nath,Australia,2,6021.0,3010.5
18495.0,Jeremy,Phillips,Australia,2,6021.0,3010.5
18693.0,Ann,Subram,Australia,2,6021.0,3010.5
18716.0,Seth,Campbell,Australia,2,6021.0,3010.5
18735.0,Latasha,Moreno,Australia,2,6021.0,3010.5
18737.0,Ricky,Gomez,Australia,2,6021.0,3010.5
19083.0,Steven,Rivera,Australia,2,6021.0,3010.5
19094.0,Todd,Yang,Australia,2,6021.0,3010.5
19561.0,Orlando,Serrano,Australia,2,6021.0,3010.5
19594.0,Suzanne,Liu,Australia,2,6021.0,3010.5
19621.0,Mariah,Barnes,Australia,2,6021.0,3010.5
19783.0,Tony,Kumar,Australia,2,6021.0,3010.5
19784.0,Christy,Liu,Australia,2,6021.0,3010.5
19786.0,Robin,Carlson,Australia,2,6021.0,3010.5
19797.0,Clarence,Liu,Australia,2,6021.0,3010.5
19948.0,Lacey,Hu,Australia,2,6021.0,3010.5
19951.0,Roy,Moreno,Australia,2,6021.0,3010.5
19966.0,Abby,Sanchez,Australia,2,6021.0,3010.5
19968.0,Katrina,Chande,Australia,2,6021.0,3010.5
19974.0,George,Fernandez,Australia,2,6021.0,3010.5
20238.0,Anna,Watson,Australia,2,6021.0,3010.5
20244.0,Dawn,Raji,Australia,2,6021.0,3010.5
20450.0,Edwin,Tang,Australia,2,6021.0,3010.5
20610.0,Jessie,Zhou,Australia,2,6021.0,3010.5
20611.0,Carla,Sullivan,Australia,2,6021.0,3010.5
20624.0,Deborah,Shan,Australia,2,6021.0,3010.5
23057.0,Caitlin,Richardson,Canada,4,6021.0,1505.25
23074.0,Megan,Flores,Canada,4,6021.0,1505.25
27651.0,Jeremy,Murphy,United States,4,6021.0,1505.25
28068.0,Amanda,Wood,United States,4,6021.0,1505.25
28099.0,Jesse,Turner,United States,4,6021.0,1505.25
12843.0,Summer,Smith,France,3,6018.0,2006.0
17985.0,Cedric,Sun,Germany,6,6016.0,1002.6666666666666
27919.0,Ryan,Lal,United States,3,6016.0,2005.3333333333333
28193.0,Taylor,Davis,United States,3,6016.0,2005.3333333333333
28224.0,Spencer,Henderson,United States,3,6016.0,2005.3333333333333
28250.0,Tyrone,Dominguez,United States,3,6016.0,2005.3333333333333
11299.0,Orlando,Vazquez,United States,4,6015.0,1503.75
12018.0,Devin,Henderson,United States,6,6012.0,1002.0
13511.0,Ernest,Liu,France,5,6012.0,1202.4
27636.0,Paige,Murphy,United States,5,6011.0,1202.2
28078.0,Jack,Young,United States,5,6011.0,1202.2
28131.0,Todd,Zhu,United States,5,6011.0,1202.2
16310.0,Diana,Rubio,France,5,6010.0,1202.0
12079.0,Nathaniel,Cooper,United States,8,6008.0,751.0
22182.0,Madeline,Parker,Canada,4,6006.0,1501.5
27668.0,Kevin,Gonzalez,United States,6,6006.0,1001.0
28061.0,Kyle,Lopez,United States,4,6006.0,1501.5
12118.0,Miguel,Sanchez,United States,8,6004.0,750.5
16404.0,Raul,Nara,France,6,6002.0,1000.3333333333334
16495.0,Monique,Ramos,Australia,6,6002.0,1000.3333333333334
11282.0,Christian,Thomas,United States,6,5999.0,999.8333333333334
12755.0,Chloe,Hughes,United States,6,5999.0,999.8333333333334
17833.0,Monique,Suarez,Germany,7,5999.0,857.0
12041.0,Seth,Martin,United States,6,5998.0,999.6666666666666
27615.0,Maria,Henderson,United States,5,5998.0,1199.6
27616.0,Emma,Brown,United States,5,5998.0,1199.6
27918.0,Samantha,Ross,United States,5,5998.0,1199.6
28240.0,Eduardo,Clark,United States,5,5998.0,1199.6
11539.0,Justin,Washington,United States,6,5997.0,999.5
12103.0,Chloe,White,United States,6,5997.0,999.5
22121.0,Jackson,Henderson,Canada,3,5997.0,1999.0
22233.0,Xavier,Martin,Canada,3,5997.0,1999.0
22881.0,Wyatt,Martinez,Canada,3,5997.0,1999.0
23113.0,Elijah,Powell,Canada,3,5997.0,1999.0
27606.0,Courtney,Edwards,United States,3,5997.0,1999.0
27646.0,Jackson,Li,United States,3,5997.0,1999.0
27662.0,Bianca,Zheng,United States,3,5997.0,1999.0
27667.0,Jessica,Sanchez,United States,3,5997.0,1999.0
27669.0,Katelyn,Allen,United States,3,5997.0,1999.0
27671.0,Jeremiah,Martinez,United States,3,5997.0,1999.0
27920.0,Mary,Howard,United States,3,5997.0,1999.0
28065.0,Carrie,Gill,United States,3,5997.0,1999.0
28066.0,Justin,Taylor,United States,3,5997.0,1999.0
28067.0,Olivia,Bennett,United States,3,5997.0,1999.0
28070.0,Ian,Morris,United States,3,5997.0,1999.0
28076.0,Logan,Williams,United States,3,5997.0,1999.0
28156.0,Gabrielle,Hall,United States,3,5997.0,1999.0
28158.0,Clarence,Luo,United States,3,5997.0,1999.0
28190.0,Kimberly,Cook,United States,3,5997.0,1999.0
28191.0,Mya,Long,United States,3,5997.0,1999.0
28264.0,Nicole,Diaz,United States,3,5997.0,1999.0
28268.0,Jordan,Campbell,United States,3,5997.0,1999.0
28285.0,Savannah,King,United States,3,5997.0,1999.0
28296.0,Thomas,Butler,United States,3,5997.0,1999.0
23114.0,Caroline,Washington,Canada,4,5996.0,1499.0
11796.0,Isabel,Jenkins,United States,7,5995.0,856.4285714285714
11934.0,Justin,Shan,United States,5,5994.0,1198.8
12083.0,Kayla,Alexander,United States,3,5993.0,1997.6666666666667
12105.0,Abigail,Foster,United States,3,5993.0,1997.6666666666667
12143.0,Logan,Turner,United States,3,5993.0,1997.6666666666667
14155.0,Olivia,Morris,United Kingdom,3,5993.0,1997.6666666666667
11854.0,Jason,Mitchell,United States,8,5985.0,748.125
12084.0,Aidan,Perry,United States,6,5985.0,997.5
12784.0,Jonathan,Campbell,United States,5,5985.0,1197.0
22232.0,Paige,Brooks,Canada,5,5985.0,1197.0
28038.0,Philip,Gomez,United States,5,5985.0,1197.0
28196.0,Timothy,Cox,United States,5,5985.0,1197.0
11270.0,Robert,Lee,United States,5,5984.0,1196.8
11773.0,Gavin,Diaz,United States,4,5984.0,1496.0
12171.0,Alyssa,Cooper,United States,4,5984.0,1496.0
12613.0,Joel,Prasad,France,4,5984.0,1496.0
27623.0,Christian,Jackson,United States,5,5984.0,1196.8
12437.0,Jeremy,Young,United States,5,5983.0,1196.6
12779.0,Mason,Rogers,United States,5,5980.0,1196.0
12789.0,Jamie,Zeng,United States,5,5980.0,1196.0
12141.0,Kaitlyn,Lee,United States,5,5979.0,1195.8
22247.0,Ryan,Williams,Canada,5,5978.0,1195.6
22765.0,Luis,Collins,Canada,5,5978.0,1195.6
28159.0,Tamara,Yang,United States,5,5978.0,1195.6
11939.0,Kevin,Washington,United States,5,5977.0,1195.4
12026.0,Lucas,Flores,United States,5,5977.0,1195.4
13691.0,Ariana,Bailey,United Kingdom,5,5977.0,1195.4
14158.0,Craig,Moreno,United Kingdom,5,5977.0,1195.4
14861.0,Misty,Deng,United Kingdom,5,5977.0,1195.4
15621.0,Kelli,Wu,United Kingdom,4,5977.0,1494.25
22234.0,Katherine,Gonzalez,Canada,4,5976.0,1494.0
22373.0,Gabrielle,Bell,Canada,4,5976.0,1494.0
27617.0,Morgan,Phillips,United States,4,5976.0,1494.0
27670.0,Kayla,Long,United States,4,5976.0,1494.0
28234.0,Jack,Nelson,United States,4,5976.0,1494.0
28246.0,Alexa,Gray,United States,4,5976.0,1494.0
28257.0,Zachary,Martin,United States,4,5976.0,1494.0
11272.0,Lauren,Martinez,United States,4,5975.0,1493.75
12042.0,Alex,Carter,United States,4,5975.0,1493.75
12078.0,Jose,Edwards,United States,4,5975.0,1493.75
12167.0,Sebastian,Stewart,United States,4,5975.0,1493.75
12279.0,Mathew,Suarez,France,4,5974.0,1493.5
16638.0,Dennis,Ye,Australia,4,5974.0,1493.5
11271.0,Danielle,Reed,United States,5,5973.0,1194.6
11541.0,Aidan,Ross,United States,5,5973.0,1194.6
11780.0,Jessica,Alexander,United States,5,5973.0,1194.6
11810.0,Antonio,Washington,United States,5,5973.0,1194.6
12053.0,Cedric,Gao,United States,5,5973.0,1194.6
12071.0,Robert,Robinson,United States,5,5973.0,1194.6
12261.0,Kaitlin,Sanchez,France,5,5973.0,1194.6
13514.0,Lindsay,Luo,Germany,5,5973.0,1194.6
13536.0,Arianna,Ward,France,5,5973.0,1194.6
16623.0,Andres,Lal,Australia,5,5973.0,1194.6
16630.0,Jaime,Sutton,Australia,5,5973.0,1194.6
11797.0,Devin,Coleman,United States,6,5972.0,995.3333333333334
22109.0,Jonathan,Mitchell,Canada,3,5971.0,1990.3333333333333
22251.0,Martha,She,Canada,3,5971.0,1990.3333333333333
22889.0,Julia,Long,Canada,3,5971.0,1990.3333333333333
22901.0,Katherine,Stewart,Canada,3,5971.0,1990.3333333333333
22976.0,Eric,Foster,Canada,3,5971.0,1990.3333333333333
27621.0,Edward,Brown,United States,3,5971.0,1990.3333333333333
27625.0,Alexandria,Hughes,United States,3,5971.0,1990.3333333333333
28030.0,Jason,Gonzalez,United States,3,5971.0,1990.3333333333333
28071.0,Trevor,Ross,United States,3,5971.0,1990.3333333333333
28154.0,Katherine,Patterson,United States,3,5971.0,1990.3333333333333
28297.0,Gabrielle,Edwards,United States,3,5971.0,1990.3333333333333
11671.0,Jessica,Brown,United States,4,5970.0,1492.5
12030.0,Ana,Washington,United States,4,5970.0,1492.5
12198.0,Noah,Scott,United States,7,5969.0,852.7142857142857
12418.0,Robert,Hernandez,United States,5,5969.0,1193.8
11925.0,Ashlee,Jai,United States,5,5968.0,1193.6
12221.0,Brandi,Ruiz,France,4,5968.0,1492.0
12254.0,Calvin,Deng,France,5,5968.0,1193.6
12285.0,Bethany,Chande,France,4,5968.0,1492.0
12395.0,Kyle,Carter,France,4,5968.0,1492.0
11688.0,Victoria,Morris,United States,5,5967.0,1193.4
12219.0,Kurt,Nara,France,5,5967.0,1193.4
12886.0,Jocelyn,Long,United States,5,5965.0,1193.0
11307.0,Hunter,Rodriguez,United States,5,5964.0,1192.8
12265.0,Alan,Guo,France,5,5964.0,1192.8
12711.0,Heather,Zheng,France,4,5963.0,1490.75
11727.0,Benjamin,Taylor,United States,4,5962.0,1490.5
12094.0,Bailey,Bailey,United States,6,5962.0,993.6666666666666
22120.0,Jennifer,Perry,Canada,2,5962.0,2981.0
22877.0,Xavier,Griffin,Canada,2,5962.0,2981.0
27641.0,Miranda,Alexander,United States,2,5962.0,2981.0
28062.0,Xavier,Roberts,United States,2,5962.0,2981.0
28064.0,Tamara,Nath,United States,2,5962.0,2981.0
28083.0,Kaitlyn,Foster,United States,2,5962.0,2981.0
28155.0,Taylor,Watson,United States,2,5962.0,2981.0
28247.0,Jonathan,Adams,United States,2,5962.0,2981.0
28273.0,Madeline,Mitchell,United States,2,5962.0,2981.0
16494.0,Jordyn,Simmons,Australia,4,5961.0,1490.25
16496.0,Dawn,Tang,Australia,5,5960.0,1192.0
11528.0,Joan,Washington,United States,6,5959.0,993.1666666666666
11626.0,Destiny,Rogers,United States,4,5959.0,1489.75
12181.0,Katelyn,Sanders,United States,4,5959.0,1489.75
12898.0,Madeline,Campbell,United States,4,5959.0,1489.75
15620.0,Dominique,Subram,United Kingdom,6,5959.0,993.1666666666666
11540.0,Alberto,Navarro,United States,5,5958.0,1191.6
11599.0,Melody,Diaz,France,6,5957.0,992.8333333333334
14975.0,Dalton,Scott,United Kingdom,6,5957.0,992.8333333333334
11275.0,Jenny,Rai,United States,4,5955.0,1488.75
11654.0,Ariana,Sanchez,United States,4,5955.0,1488.75
11839.0,Tyler,Brown,United States,4,5955.0,1488.75
12450.0,Cody,Cook,United States,4,5955.0,1488.75
13783.0,Logan,Wright,United Kingdom,4,5955.0,1488.75
11286.0,Hunter,Griffin,United States,5,5954.0,1190.8
11818.0,Daniel,Garcia,United States,5,5954.0,1190.8
12208.0,Dominique,Sanchez,United States,5,5954.0,1190.8
11217.0,Natalie,Adams,United States,3,5953.0,1984.3333333333333
11798.0,Brendan,Chande,United States,3,5953.0,1984.3333333333333
11813.0,Mary,Patterson,United States,3,5953.0,1984.3333333333333
11955.0,Gabriel,Green,United States,3,5953.0,1984.3333333333333
12256.0,Wendy,Ramos,France,3,5953.0,1984.3333333333333
12072.0,Tristan,Ross,United States,6,5951.0,991.8333333333334
12189.0,Sophia,Wright,United States,4,5950.0,1487.5
12220.0,Virginia,Sara,France,4,5950.0,1487.5
12033.0,Kristen,Guo,United States,4,5949.0,1487.25
11216.0,Jasmine,Torres,United States,5,5948.0,1189.6
11297.0,Noah,Coleman,United States,5,5948.0,1189.6
11326.0,Rafael,Xie,United States,5,5948.0,1189.6
11623.0,Angela,Perry,United States,5,5948.0,1189.6
11663.0,Seth,Williams,United States,5,5948.0,1189.6
11664.0,Alyssa,Morgan,United States,5,5948.0,1189.6
11666.0,Angel,Baker,United States,5,5948.0,1189.6
11745.0,Allison,Gonzalez,United States,5,5948.0,1189.6
11815.0,Hannah,Patterson,United States,5,5948.0,1189.6
11872.0,Faith,Patterson,United States,5,5948.0,1189.6
12169.0,Abigail,Howard,United States,5,5948.0,1189.6
12494.0,Abby,Sandberg,France,5,5948.0,1189.6
12707.0,Ian,Lewis,United States,5,5948.0,1189.6
12769.0,Thomas,Zhang,United States,5,5948.0,1189.6
12804.0,Jaclyn,Chander,France,5,5948.0,1189.6
12819.0,Nicolas,Chander,France,5,5948.0,1189.6
12885.0,Jonathan,Anderson,United States,5,5948.0,1189.6
13515.0,Cara,Liang,Germany,5,5948.0,1189.6
13563.0,Phillip,Sai,United Kingdom,5,5948.0,1189.6
13570.0,Benjamin,Jackson,Germany,5,5948.0,1189.6
13680.0,Jan,Watson,United Kingdom,5,5948.0,1189.6
14793.0,Clayton,Nath,United Kingdom,5,5948.0,1189.6
16352.0,Tiffany,Gao,Australia,6,5948.0,991.3333333333334
12108.0,James,Walker,United States,5,5946.0,1189.2
12121.0,Logan,Wilson,United States,5,5946.0,1189.2
11324.0,Zachary,Anderson,United States,4,5945.0,1486.25
12142.0,Gabriella,Torres,United States,6,5945.0,990.8333333333334
12160.0,Jaclyn,Zhang,United States,4,5945.0,1486.25
13572.0,Shaun,Deng,Germany,4,5945.0,1486.25
11189.0,Lawrence,Blanco,United States,6,5944.0,990.6666666666666
11529.0,Austin,Bryant,United States,6,5944.0,990.6666666666666
12163.0,Aaron,Wang,United States,4,5944.0,1486.0
12446.0,Jasmine,Hall,United States,4,5944.0,1486.0
11267.0,David,Diaz,United States,5,5943.0,1188.6
12770.0,Charles,Evans,United States,5,5943.0,1188.6
12774.0,Kristen,Gao,United States,5,5943.0,1188.6
13542.0,Sharon,Kumar,Germany,4,5943.0,1485.75
15046.0,Casey,Tang,United Kingdom,4,5943.0,1485.75
11705.0,Brooke,Richardson,United States,5,5940.0,1188.0
12780.0,Jeremy,Richardson,United States,5,5940.0,1188.0
13821.0,Allen,Lopez,United Kingdom,5,5940.0,1188.0
11302.0,Spencer,Russell,United States,5,5938.0,1187.6
12153.0,Kaitlyn,Bailey,United States,5,5938.0,1187.6
14832.0,Barry,Rana,United Kingdom,4,5938.0,1484.5
16624.0,Albert,Alvarez,Australia,4,5938.0,1484.5
12152.0,Adrian,Ramirez,United States,5,5937.0,1187.4
12373.0,Isaac,Gray,France,5,5937.0,1187.4
12058.0,Chloe,Nelson,United States,4,5936.0,1484.0
11525.0,Ariana,Cook,United States,4,5935.0,1483.75
11617.0,Sean,Brooks,United States,4,5935.0,1483.75
12052.0,Makayla,Ward,United States,4,5935.0,1483.75
12200.0,Rafael,Sharma,United States,4,5935.0,1483.75
12452.0,Sean,Sanchez,United States,4,5935.0,1483.75
13567.0,Anne,Rubio,Germany,4,5935.0,1483.75
11290.0,Katelyn,Sanchez,United States,3,5933.0,1977.6666666666667
11630.0,Haley,Powell,United States,3,5933.0,1977.6666666666667
11816.0,Joe,Torres,United States,3,5933.0,1977.6666666666667
11831.0,Christian,Ross,United States,3,5933.0,1977.6666666666667
11933.0,Mathew,Rubio,United States,3,5933.0,1977.6666666666667
12023.0,Fernando,Johnson,United States,3,5933.0,1977.6666666666667
12075.0,Cameron,Griffin,United States,3,5933.0,1977.6666666666667
12116.0,Amanda,Gray,United States,3,5933.0,1977.6666666666667
12178.0,Ethan,Shan,United States,3,5933.0,1977.6666666666667
12188.0,Ashley,Thomas,United States,3,5933.0,1977.6666666666667
12523.0,Steve,Wagner,France,3,5933.0,1977.6666666666667
12709.0,Ian,Rodriguez,United States,3,5933.0,1977.6666666666667
12762.0,Jonathan,Smith,United States,3,5933.0,1977.6666666666667
12841.0,Yolanda,Xie,France,3,5933.0,1977.6666666666667
13678.0,Warren,Goel,United Kingdom,3,5933.0,1977.6666666666667
13679.0,Sandra,Li,United Kingdom,3,5933.0,1977.6666666666667
13846.0,Lisa,Zheng,United Kingdom,3,5933.0,1977.6666666666667
16629.0,Rosa,Zheng,Australia,3,5933.0,1977.6666666666667
11601.0,Ivan,Raman,France,6,5932.0,988.6666666666666
13564.0,Sabrina,Blanco,France,6,5932.0,988.6666666666666
16636.0,Danny,Gomez,Australia,4,5932.0,1483.0
11319.0,Jade,Bailey,United States,4,5930.0,1482.5
11515.0,Shannon,Huang,United States,4,5930.0,1482.5
11629.0,Isaiah,Wright,United States,4,5930.0,1482.5
11665.0,Janet,Dominguez,United States,4,5930.0,1482.5
11830.0,Taylor,Garcia,United States,4,5930.0,1482.5
12059.0,Jason,Jenkins,United States,4,5930.0,1482.5
12109.0,Morgan,Foster,United States,4,5930.0,1482.5
12112.0,Arianna,Henderson,United States,4,5930.0,1482.5
12155.0,Gabriella,Lopez,United States,4,5930.0,1482.5
12172.0,Eduardo,Alexander,United States,4,5930.0,1482.5
12180.0,Holly,Mehta,United States,4,5930.0,1482.5
12882.0,Eduardo,Allen,United States,4,5930.0,1482.5
14159.0,Jay,Malhotra,United Kingdom,4,5930.0,1482.5
16656.0,Ronnie,Zhang,Australia,4,5930.0,1482.5
11809.0,Juan,Gray,United States,4,5929.0,1482.25
12173.0,Dalton,Edwards,United States,4,5929.0,1482.25
12761.0,Alexandra,Richardson,United States,4,5929.0,1482.25
12474.0,Tammy,Chandra,France,3,5928.0,1976.0
13772.0,Michele,Perez,United Kingdom,3,5928.0,1976.0
26057.0,Barry,Subram,United States,7,5927.0,846.7142857142857
11837.0,Haley,Alexander,United States,5,5923.0,1184.6
11873.0,Ryan,Zhang,United States,5,5923.0,1184.6
12280.0,Theresa,Alvarez,France,5,5923.0,1184.6
12485.0,Veronica,Subram,France,6,5923.0,987.1666666666666
12618.0,Dawn,Lal,France,5,5923.0,1184.6
13504.0,Beth,Alonso,France,5,5923.0,1184.6
13543.0,Phillip,Rana,Germany,5,5923.0,1184.6
14777.0,Kayla,Jenkins,United Kingdom,5,5923.0,1184.6
11266.0,Taylor,Howard,United States,5,5922.0,1184.4
11298.0,Jon,Luo,United States,5,5922.0,1184.4
11606.0,Melody,Ramos,France,5,5922.0,1184.4
12817.0,Theodore,Suarez,France,4,5922.0,1480.5
12913.0,Benjamin,Moore,United States,4,5922.0,1480.5
13552.0,Trevor,Hughes,France,4,5922.0,1480.5
11281.0,Megan,Barnes,United States,5,5921.0,1184.2
11799.0,Jessie,Wang,United States,5,5921.0,1184.2
12156.0,Bonnie,Raji,United States,3,5920.0,1973.3333333333333
12435.0,Christy,Zhou,United States,3,5920.0,1973.3333333333333
11534.0,Cameron,Lewis,United States,4,5919.0,1479.75
11535.0,Devin,Nelson,United States,6,5919.0,986.5
12520.0,Seth,Jackson,France,4,5919.0,1479.75
12614.0,Lance,Gill,France,4,5918.0,1479.5
13513.0,Abigail,Henderson,Germany,4,5918.0,1479.5
13546.0,Mitchell,Jai,Germany,4,5918.0,1479.5
16347.0,Raul,Sharma,Australia,5,5918.0,1183.6
16348.0,Roy,Raman,Australia,4,5918.0,1479.5
12901.0,Robert,Adams,United States,4,5917.0,1479.25
13845.0,Shawn,Nara,United Kingdom,4,5917.0,1479.25
15087.0,Robin,Sanz,United Kingdom,4,5917.0,1479.25
11327.0,Jaime,Moreno,United States,5,5915.0,1183.0
11516.0,Mya,Gonzales,United States,5,5915.0,1183.0
11536.0,Logan,Chow,United States,5,5915.0,1183.0
11742.0,Edward,Lewis,United States,5,5915.0,1183.0
11777.0,Miranda,Long,United States,5,5915.0,1183.0
12448.0,Hailey,Cox,United States,5,5915.0,1183.0
12749.0,Miguel,Lee,France,5,5915.0,1183.0
12830.0,Russell,Raje,France,5,5915.0,1183.0
12904.0,Thomas,Jai,United States,5,5915.0,1183.0
16616.0,Kelvin,Liang,Australia,5,5915.0,1183.0
11607.0,Clinton,Moreno,France,4,5913.0,1478.25
11625.0,Zachary,Moore,United States,4,5913.0,1478.25
11772.0,Cameron,Moore,United States,4,5913.0,1478.25
11775.0,Sierra,Roberts,United States,4,5913.0,1478.25
12016.0,Meredith,Serrano,United States,4,5913.0,1478.25
12027.0,Haley,Wood,United States,4,5913.0,1478.25
12082.0,Lauren,Sanchez,United States,4,5913.0,1478.25
12162.0,Luke,Mitchell,United States,4,5913.0,1478.25
12179.0,Alexis,Jones,United States,4,5913.0,1478.25
12186.0,Bryant,Srini,United States,4,5913.0,1478.25
12440.0,Francisco,Chandra,United States,4,5913.0,1478.25
12772.0,Abigail,Clark,United States,4,5913.0,1478.25
13661.0,Andre,Sara,United Kingdom,4,5913.0,1478.25
14792.0,Jerome,Rubio,United Kingdom,4,5913.0,1478.25
15668.0,Erick,Fernandez,United Kingdom,4,5913.0,1478.25
14831.0,Gilbert,Xie,United Kingdom,5,5912.0,1182.4
11227.0,Marshall,Chavez,United States,5,5910.0,1182.0
11292.0,Seth,Phillips,United States,5,5910.0,1182.0
11945.0,Dennis,Huang,United States,4,5910.0,1477.5
11954.0,Joseph,Garcia,United States,4,5910.0,1477.5
12025.0,Logan,Diaz,United States,4,5910.0,1477.5
13537.0,Jill,Moreno,France,5,5910.0,1182.0
13767.0,Linda,Jimenez,Germany,5,5910.0,1182.0
14165.0,Natalie,Gray,United Kingdom,4,5910.0,1477.5
11278.0,Jonathan,Phillips,United States,3,5908.0,1969.3333333333333
11593.0,Armando,Moreno,France,3,5908.0,1969.3333333333333
11708.0,Elizabeth,Weisman,United States,4,5908.0,1477.0
11834.0,Fernando,Flores,United States,3,5908.0,1969.3333333333333
12104.0,Mariah,Ross,United States,3,5908.0,1969.3333333333333
12120.0,Xavier,Simmons,United States,3,5908.0,1969.3333333333333
12164.0,Noah,Butler,United States,3,5908.0,1969.3333333333333
12170.0,Sara,Reed,United States,3,5908.0,1969.3333333333333
12187.0,Ruben,Subram,United States,3,5908.0,1969.3333333333333
12206.0,Sierra,Parker,United States,3,5908.0,1969.3333333333333
12209.0,Mindy,Jai,United States,3,5908.0,1969.3333333333333
12211.0,Victor,Romero,France,3,5908.0,1969.3333333333333
12423.0,Sarah,Thompson,United States,3,5908.0,1969.3333333333333
12480.0,Meredith,Alvarez,France,3,5908.0,1969.3333333333333
12549.0,Donna,Xie,France,3,5908.0,1969.3333333333333
12756.0,Antonio,Butler,United States,3,5908.0,1969.3333333333333
12771.0,Morgan,Thomas,United States,3,5908.0,1969.3333333333333
12773.0,Samantha,Taylor,United States,3,5908.0,1969.3333333333333
12820.0,Derek,Tang,France,3,5908.0,1969.3333333333333
12881.0,Isabella,Edwards,United States,3,5908.0,1969.3333333333333
13538.0,Vanessa,Henderson,Germany,3,5908.0,1969.3333333333333
13545.0,Brad,Sharma,Germany,3,5908.0,1969.3333333333333
13548.0,Bridget,Jai,Germany,3,5908.0,1969.3333333333333
13820.0,Danny,Alvarez,United Kingdom,3,5908.0,1969.3333333333333
14776.0,Ronald,Arthur,United Kingdom,3,5908.0,1969.3333333333333
15619.0,Levi,Subram,United Kingdom,3,5908.0,1969.3333333333333
16639.0,Renee,Romero,Australia,3,5908.0,1969.3333333333333
16661.0,Shane,Raman,Australia,3,5908.0,1969.3333333333333
11289.0,Maria,Carter,United States,5,5905.0,1181.0
15925.0,Stanley,Subram,France,4,5905.0,1476.25
11690.0,Caroline,Butler,United States,4,5904.0,1476.0
12362.0,Thomas,Harrison,United States,4,5904.0,1476.0
14700.0,Edward,Edwards,United Kingdom,4,5904.0,1476.0
12102.0,Devin,Simmons,United States,4,5903.0,1475.75
16350.0,Fernando,Thompson,Australia,4,5903.0,1475.75
11678.0,Johnny,Chavez,United States,3,5900.0,1966.6666666666667
11774.0,Emma,Sanchez,United States,3,5900.0,1966.6666666666667
11812.0,Andrew,Rodriguez,United States,3,5900.0,1966.6666666666667
11825.0,Aimee,She,United States,3,5900.0,1966.6666666666667
11885.0,Kurt,Sharma,United States,3,5900.0,1966.6666666666667
12096.0,Caitlin,Brooks,United States,3,5900.0,1966.6666666666667
12442.0,Allison,Richardson,United States,3,5900.0,1966.6666666666667
12777.0,Joseph,Anderson,United States,3,5900.0,1966.6666666666667
12884.0,Megan,Williams,United States,3,5900.0,1966.6666666666667
13666.0,Teresa,Ruiz,Germany,3,5900.0,1966.6666666666667
14720.0,Naomi,Dominguez,United Kingdom,3,5900.0,1966.6666666666667
15081.0,Daisy,Munoz,United Kingdom,3,5900.0,1966.6666666666667
16631.0,Haley,Ward,Australia,3,5900.0,1966.6666666666667
16637.0,Evan,King,Australia,3,5900.0,1966.6666666666667
16657.0,Alvin,She,Australia,3,5900.0,1966.6666666666667
11329.0,Andy,Alvarez,United States,2,5898.0,2949.0
11624.0,Ryan,Smith,United States,2,5898.0,2949.0
11675.0,Devin,Martinez,United States,2,5898.0,2949.0
11743.0,Chase,Kelly,United States,2,5898.0,2949.0
11811.0,Abigail,Brooks,United States,2,5898.0,2949.0
11817.0,Morgan,Miller,United States,2,5898.0,2949.0
11826.0,Jessie,Alonso,United States,2,5898.0,2949.0
12212.0,Shawna,Xie,France,2,5898.0,2949.0
12364.0,Erin,Rogers,United States,2,5898.0,2949.0
12383.0,Albert,Gomez,France,2,5898.0,2949.0
12438.0,Bailey,Rogers,United States,2,5898.0,2949.0
12464.0,Jared,Cook,France,2,5898.0,2949.0
12483.0,Amanda,Perez,France,2,5898.0,2949.0
12547.0,Bradley,Nara,France,2,5898.0,2949.0
12834.0,Kelsey,Xie,France,2,5898.0,2949.0
12912.0,Brianna,Morris,United States,2,5898.0,2949.0
12917.0,Vanessa,Russell,United States,2,5898.0,2949.0
13689.0,Teresa,Ramos,United Kingdom,2,5898.0,2949.0
15669.0,Paul,Suurs,United Kingdom,2,5898.0,2949.0
16349.0,Levi,Sai,Australia,2,5898.0,2949.0
16612.0,Ebony,Ashe,Australia,2,5898.0,2949.0
16660.0,Lee,Blanco,Australia,2,5898.0,2949.0
11296.0,Haley,Richardson,United States,4,5897.0,1474.25
11683.0,Greg,Taylor,United States,5,5897.0,1179.4
11886.0,Katelyn,Parker,United States,4,5897.0,1474.25
11924.0,Ian,Long,United States,5,5897.0,1179.4
12069.0,Garrett,Kelly,United States,4,5897.0,1474.25
16607.0,Logan,Gonzales,Australia,4,5897.0,1474.25
12915.0,Kaitlyn,Alexander,United States,5,5896.0,1179.2
15088.0,Colleen,Cai,United Kingdom,5,5896.0,1179.2
11538.0,Nicole,Taylor,United States,3,5895.0,1965.0
11591.0,Stacey,Lu,France,3,5895.0,1965.0
12151.0,Steven,Kelly,United States,3,5895.0,1965.0
15089.0,Martin,Prasad,United Kingdom,3,5895.0,1965.0
16620.0,Cameron,Thompson,Australia,3,5895.0,1965.0
12190.0,Justin,Gonzales,United States,5,5890.0,1178.0
11274.0,Kyle,Foster,United States,4,5888.0,1472.0
11522.0,Christian,Hughes,United States,4,5888.0,1472.0
11937.0,Devin,Perez,United States,4,5888.0,1472.0
12110.0,Bianca,Guo,United States,4,5888.0,1472.0
12522.0,Brandy,Sanchez,France,4,5888.0,1472.0
12561.0,Trisha,Lin,France,4,5888.0,1472.0
12849.0,Adam,Baker,France,4,5888.0,1472.0
13847.0,Kurt,Tang,United Kingdom,4,5888.0,1472.0
15083.0,Teresa,Gutierrez,United Kingdom,4,5888.0,1472.0
12255.0,Robyn,Alvarez,France,3,5883.0,1961.0
12717.0,Hannah,Wood,France,3,5883.0,1961.0
12866.0,Janelle,Fernandez,France,3,5883.0,1961.0
11303.0,Julia,Coleman,United States,3,5875.0,1958.3333333333333
11531.0,Nina,Yuan,United States,3,5875.0,1958.3333333333333
11592.0,Darrell,Raji,France,3,5875.0,1958.3333333333333
11628.0,Mariah,Wood,United States,3,5875.0,1958.3333333333333
12184.0,Isaiah,Perez,United States,3,5875.0,1958.3333333333333
12207.0,Samuel,Hill,United States,3,5875.0,1958.3333333333333
12441.0,Trevor,Simmons,United States,3,5875.0,1958.3333333333333
12468.0,Wayne,Nath,France,3,5875.0,1958.3333333333333
12883.0,Stephanie,Bailey,United States,3,5875.0,1958.3333333333333
14705.0,Riley,Wood,United Kingdom,3,5875.0,1958.3333333333333
11129.0,Julia,Wright,United States,2,5873.0,2936.5
11291.0,Jenna,Wright,United States,2,5873.0,2936.5
11317.0,Victoria,Russell,United States,2,5873.0,2936.5
11537.0,Dakota,Ross,United States,2,5873.0,2936.5
11611.0,Ernest,Lin,France,2,5873.0,2936.5
11696.0,Mackenzie,Campbell,United States,2,5873.0,2936.5
11778.0,Haley,Henderson,United States,2,5873.0,2936.5
11779.0,Sarah,Jackson,United States,2,5873.0,2936.5
11956.0,Alexandria,Sandberg,United States,2,5873.0,2936.5
11983.0,Cheryl,Ortega,United States,2,5873.0,2936.5
12076.0,Chloe,Washington,United States,2,5873.0,2936.5
12174.0,Charles,Phillips,United States,2,5873.0,2936.5
12217.0,Kyle,Roberts,France,2,5873.0,2936.5
12267.0,Clifford,Garcia,France,2,5873.0,2936.5
12290.0,Kaylee,Morris,France,2,5873.0,2936.5
13687.0,Mario,Xie,United Kingdom,2,5873.0,2936.5
14794.0,Gilbert,Becker,United Kingdom,2,5873.0,2936.5
16351.0,Martha,Xu,Australia,2,5873.0,2936.5
16658.0,Ashlee,Raje,Australia,2,5873.0,2936.5
16659.0,Emily,Jones,Australia,2,5873.0,2936.5
26018.0,Zachary,Thompson,United States,4,5869.0,1467.25
26041.0,Gloria,Torres,United States,6,5861.0,976.8333333333334
26114.0,Isaac,Peterson,United States,5,5853.0,1170.6
25990.0,Jenna,Parker,United States,4,5847.0,1461.75
26096.0,Kevin,Wright,United States,4,5843.0,1460.75
16393.0,Xavier,Edwards,France,7,5842.0,834.5714285714286
11380.0,Mitchell,Kumar,Germany,6,5838.0,973.0
26056.0,Karen,Zeng,United States,3,5838.0,1946.0
26058.0,Faith,Stewart,United States,3,5838.0,1946.0
26061.0,Connor,Butler,United States,3,5838.0,1946.0
12123.0,Wesley,Liang,United Kingdom,12,5837.0,486.4166666666667
26066.0,Elizabeth,Martinez,United States,6,5832.0,972.0
12133.0,Colleen,Xie,United Kingdom,10,5830.0,583.0
26091.0,Chloe,Bennett,United States,5,5828.0,1165.6
25872.0,Melanie,Ross,United States,3,5819.0,1939.6666666666667
25924.0,Hannah,Robinson,United States,3,5819.0,1939.6666666666667
25962.0,Jordyn,Jenkins,United States,3,5819.0,1939.6666666666667
25974.0,Noah,Jai,United States,3,5819.0,1939.6666666666667
25980.0,Julia,Jones,United States,3,5819.0,1939.6666666666667
25982.0,Rebecca,Phillips,United States,3,5819.0,1939.6666666666667
26090.0,Mathew,Moreno,United States,3,5819.0,1939.6666666666667
19997.0,Beth,Gill,Canada,3,5815.0,1938.3333333333333
25978.0,Morgan,Perez,United States,3,5813.0,1937.6666666666667
19844.0,Emma,Murphy,Canada,7,5808.0,829.7142857142857
25943.0,Brianna,McDonald,United States,5,5808.0,1161.6
16566.0,Ashlee,Shen,France,7,5807.0,829.5714285714286
25975.0,Ebony,Gutierrez,United States,5,5807.0,1161.4
18005.0,Renee,Ramos,Germany,7,5806.0,829.4285714285714
17976.0,Daisy,Carlson,Germany,5,5802.0,1160.4
26107.0,Alexis,Thomas,United States,5,5800.0,1160.0
25868.0,Jessica,Lewis,United States,4,5798.0,1449.5
26089.0,Terry,Rai,United States,4,5798.0,1449.5
26012.0,Mark,Bebbington,United States,3,5794.0,1931.3333333333333
26060.0,Kyle,Edwards,United States,3,5794.0,1931.3333333333333
26083.0,Alyssa,Smith,United States,3,5794.0,1931.3333333333333
26111.0,Sarah,Coleman,United States,3,5794.0,1931.3333333333333
26112.0,Luke,Perry,United States,3,5794.0,1931.3333333333333
26116.0,Ashley,Martin,United States,3,5794.0,1931.3333333333333
25901.0,Lucas,Harris,United States,3,5793.0,1931.0
25973.0,Mariah,Griffin,United States,3,5793.0,1931.0
26098.0,Daniel,Lee,United States,3,5793.0,1931.0
17986.0,Monica,Malhotra,Germany,7,5791.0,827.2857142857143
16392.0,Kari,Raman,France,5,5787.0,1157.4
17983.0,Carol,Saunders,Germany,8,5785.0,723.125
25867.0,Carlos,Carter,United States,2,5784.0,2892.0
25979.0,Miguel,Edwards,United States,2,5784.0,2892.0
26055.0,Ethan,Foster,United States,2,5784.0,2892.0
25972.0,Jocelyn,Henderson,United States,5,5781.0,1156.2
18133.0,Karen,Smith,Germany,5,5780.0,1156.0
25903.0,Marshall,Rai,United States,4,5773.0,1443.25
26097.0,Robert,Flores,United States,4,5773.0,1443.25
20034.0,Wyatt,Turner,Canada,5,5770.0,1154.0
16426.0,Jorge,Ye,France,7,5769.0,824.1428571428571
26011.0,Daisuke,Yanagishima,United States,3,5768.0,1922.6666666666667
26070.0,Elijah,Patterson,United States,3,5768.0,1922.6666666666667
26075.0,Jessica,Walker,United States,3,5768.0,1922.6666666666667
26082.0,Christian,Johnson,United States,3,5768.0,1922.6666666666667
26084.0,Luke,Jenkins,United States,3,5768.0,1922.6666666666667
26106.0,Connor,King,United States,3,5768.0,1922.6666666666667
19830.0,Gabrielle,Long,Canada,7,5766.0,823.7142857142857
18139.0,Jennifer,Washington,Germany,9,5764.0,640.4444444444445
14214.0,Robyn,Munoz,Australia,7,5760.0,822.8571428571429
25891.0,Brandon,Johnson,United States,2,5759.0,2879.5
25976.0,Hunter,Coleman,United States,2,5759.0,2879.5
26042.0,Devin,Griffin,United States,2,5759.0,2879.5
26110.0,James,Alexander,United States,2,5759.0,2879.5
11332.0,Deanna,Ramos,Germany,3,5755.0,1918.3333333333333
17964.0,Darren,Suri,Germany,7,5751.0,821.5714285714286
20182.0,Isabelle,Price,Canada,3,5750.0,1916.6666666666667
11338.0,Frank,Navarro,Germany,5,5745.0,1149.0
11335.0,Carla,Raman,Germany,4,5744.0,1436.0
14219.0,Christy,Ye,Australia,8,5744.0,718.0
15924.0,Omar,Wang,France,6,5744.0,957.3333333333334
18130.0,Kaitlyn,Mitchell,Germany,6,5743.0,957.1666666666666
18140.0,Anthony,White,Germany,8,5741.0,717.625
16424.0,Brandi,Diaz,France,4,5739.0,1434.75
18125.0,Leah,Cai,Germany,4,5739.0,1434.75
18134.0,Melody,Romero,Germany,6,5732.0,955.3333333333334
11395.0,Beth,Gutierrez,Germany,3,5730.0,1910.0
13967.0,Glenn,Zhang,Australia,8,5722.0,715.25
12287.0,Andre,Arun,United Kingdom,10,5720.0,572.0
16425.0,Lisa,Lu,France,4,5719.0,1429.75
13108.0,Curtis,Wang,Australia,9,5718.0,635.3333333333334
13112.0,Bianca,Gao,Australia,9,5717.0,635.2222222222222
13010.0,Erica,Ye,Australia,8,5716.0,714.5
14236.0,Abigail,Richardson,Australia,7,5710.0,815.7142857142857
19855.0,John,Smith,Canada,4,5710.0,1427.5
13111.0,Hannah,Butler,Australia,8,5707.0,713.375
18019.0,Yolanda,Raji,Germany,5,5707.0,1141.4
13106.0,Ebony,Munoz,Australia,7,5697.0,813.8571428571429
14220.0,Latasha,Romero,Australia,9,5696.0,632.8888888888889
12998.0,Mayra,Mehta,Australia,6,5695.0,949.1666666666666
20035.0,Cesar,Fernandez,Canada,2,5695.0,2847.5
14064.0,Stacey,Li,Australia,8,5694.0,711.75
12608.0,Brett,Sanchez,United Kingdom,8,5690.0,711.25
14234.0,Gina,Romero,Australia,6,5687.0,947.8333333333334
12271.0,Tyrone,Hernandez,United Kingdom,7,5683.0,811.8571428571429
13109.0,Cheryl,Navarro,Australia,7,5683.0,811.8571428571429
14235.0,Larry,Alvarez,Australia,8,5682.0,710.25
12460.0,Dominique,Malhotra,United Kingdom,6,5679.0,946.5
12873.0,Mandar,Samant,United Kingdom,5,5676.0,1135.2
14063.0,Patrick,Sands,Australia,5,5676.0,1135.2
13007.0,Brooke,Ward,Australia,5,5671.0,1134.2
13118.0,Sydney,Cook,Australia,6,5670.0,945.0
12277.0,Beth,Ortega,United Kingdom,8,5666.0,708.25
12859.0,Evelyn,Gonzalez,United Kingdom,6,5666.0,944.3333333333334
13517.0,Nicolas,Sharma,United Kingdom,9,5666.0,629.5555555555555
14215.0,Stacey,Yang,Australia,8,5666.0,708.25
12473.0,Sergio,Sai,United Kingdom,7,5665.0,809.2857142857143
12264.0,Bruce,Ashe,United Kingdom,7,5663.0,809.0
12615.0,Nathan,Hill,United Kingdom,5,5663.0,1132.6
14211.0,Emma,Bradley,Australia,7,5663.0,809.0
14230.0,Luis,Coleman,Australia,7,5662.0,808.8571428571429
12612.0,Shannon,Torres,United Kingdom,6,5658.0,943.0
14226.0,Heidi,Mehta,Australia,6,5656.0,942.6666666666666
14216.0,Edwin,Zheng,Australia,5,5654.0,1130.8
14261.0,Meredith,Subram,Australia,5,5654.0,1130.8
12486.0,Kristen,Ye,United Kingdom,7,5652.0,807.4285714285714
14058.0,Johnny,Anand,Australia,7,5652.0,807.4285714285714
14218.0,Karl,Kumar,Australia,9,5652.0,628.0
14262.0,Jon,He,Australia,6,5652.0,942.0
13050.0,Dennis,Zeng,Australia,5,5651.0,1130.2
13107.0,Mary,Nelson,Australia,6,5651.0,941.8333333333334
14050.0,Manuel,Lopez,Australia,5,5650.0,1130.0
12599.0,Jillian,Fernandez,United Kingdom,8,5649.0,706.125
13134.0,Sara,Morgan,Australia,5,5649.0,1129.8
14062.0,Madison,Clark,Australia,5,5648.0,1129.6
14263.0,Nina,Lal,Australia,5,5648.0,1129.6
13049.0,Autumn,Wang,Australia,6,5647.0,941.1666666666666
12289.0,Joseph,Taylor,United Kingdom,8,5646.0,705.75
13957.0,Meredith,Munoz,Australia,5,5645.0,1129.0
14046.0,Cheryl,Sanz,Australia,5,5645.0,1129.0
14047.0,Linda,Alvarez,Australia,5,5643.0,1128.6
14238.0,Jay,Gonzalez,Australia,7,5643.0,806.1428571428571
12991.0,Jésus,Serrano,Australia,7,5642.0,806.0
13554.0,Paula,Moreno,United Kingdom,4,5641.0,1410.25
12874.0,Kirk,Nason,United Kingdom,5,5638.0,1127.6
12560.0,Mandy,Gao,United Kingdom,7,5637.0,805.2857142857143
12609.0,Linda,Carlson,United Kingdom,7,5637.0,805.2857142857143
12394.0,Erika,Serrano,United Kingdom,5,5636.0,1127.2
12559.0,Emmanuel,Lopez,United Kingdom,6,5634.0,939.0
12623.0,Jesse,Sanchez,United Kingdom,7,5630.0,804.2857142857143
12284.0,Cristina,Beck,United Kingdom,5,5625.0,1125.0
13551.0,Jacob,Lee,United Kingdom,5,5623.0,1124.6
14210.0,Jenny,Tang,Australia,5,5621.0,1124.2
14224.0,Tamara,She,Australia,5,5621.0,1124.2
14070.0,Ricky,Alonso,Australia,4,5619.0,1404.75
12459.0,Stefanie,Rodriguez,United Kingdom,5,5618.0,1123.6
14071.0,Jack,Li,Australia,5,5618.0,1123.6
14065.0,Samuel,Diaz,Australia,4,5608.0,1402.0
14051.0,Nathaniel,Rivera,Australia,6,5607.0,934.5
12382.0,Tamara,Chen,United Kingdom,3,5606.0,1868.6666666666667
14225.0,Alisha,Chen,Australia,5,5604.0,1120.8
13553.0,Jessica,Coleman,United Kingdom,4,5603.0,1400.75
13105.0,Whitney,Kovár,Australia,8,5585.0,698.125
13110.0,Levi,Mehta,Australia,3,5584.0,1861.3333333333333
12283.0,Todd,Zeng,United Kingdom,6,5583.0,930.5
13038.0,Wilson,Pais,Australia,3,5581.0,1860.3333333333333
12380.0,Omar,Yuan,United Kingdom,5,5570.0,1114.0
12343.0,Gloria,Ruiz,Australia,4,5568.0,1392.0
14719.0,Ronnie,He,France,10,5512.0,551.2
16580.0,Dawn,Chen,France,9,5429.0,603.2222222222222
13823.0,Margaret,Zheng,France,5,5393.0,1078.6
14714.0,Meghan,Diaz,France,8,5386.0,673.25
20429.0,Curtis,Gao,Australia,4,5378.0,1344.5
19592.0,Tara,Xu,Australia,5,5377.0,1075.4
18739.0,Christy,Pal,Australia,5,5372.0,1074.4
15931.0,Micah,Xu,France,7,5362.0,766.0
19557.0,Bridget,She,Australia,4,5358.0,1339.5
18701.0,Kenneth,Lal,Australia,4,5357.0,1339.25
20241.0,Cesar,Mehta,Australia,5,5347.0,1069.4
23486.0,Benjamin,Coleman,Canada,5,5343.0,1068.6
20216.0,Shawn,Chander,Australia,4,5338.0,1334.5
18468.0,Joel,Sanchez,Australia,3,5333.0,1777.6666666666667
18702.0,Adriana,Smith,Australia,3,5333.0,1777.6666666666667
18721.0,Andy,Gomez,Australia,3,5333.0,1777.6666666666667
18722.0,Jonathon,Navarro,Australia,3,5333.0,1777.6666666666667
18729.0,Evan,Parker,Australia,3,5333.0,1777.6666666666667
19563.0,Robin,Moreno,Australia,3,5333.0,1777.6666666666667
20211.0,Scott,Rodgers,Australia,3,5333.0,1777.6666666666667
20249.0,Tasha,Kumar,Australia,3,5333.0,1777.6666666666667
20264.0,Jay,Carlson,Australia,3,5333.0,1777.6666666666667
22998.0,Lauren,Washington,Canada,3,5329.0,1776.3333333333333
18700.0,Ernest,Zhao,Australia,5,5328.0,1065.6
20284.0,Deanna,Ashe,Australia,5,5328.0,1065.6
14300.0,Colin,He,Australia,8,5322.0,665.25
23378.0,Jackson,Phillips,Canada,5,5317.0,1063.4
18698.0,Jaclyn,Chande,Australia,3,5314.0,1771.3333333333333
18703.0,Vincent,Huang,Australia,3,5314.0,1771.3333333333333
18726.0,Katrina,Anand,Australia,3,5314.0,1771.3333333333333
18767.0,Gary,Alonso,Australia,3,5314.0,1771.3333333333333
18768.0,Dalton,Garcia,Australia,3,5314.0,1771.3333333333333
19562.0,Leah,Guo,Australia,3,5314.0,1771.3333333333333
19601.0,Alfredo,Suarez,Australia,3,5314.0,1771.3333333333333
19605.0,Brad,Shan,Australia,3,5314.0,1771.3333333333333
19652.0,Douglas,Rodriguez,Australia,3,5314.0,1771.3333333333333
19653.0,Tina,Gonzalez,Australia,3,5314.0,1771.3333333333333
20260.0,Ethan,Martinez,Australia,3,5314.0,1771.3333333333333
20261.0,Mariah,Rivera,Australia,3,5314.0,1771.3333333333333
20283.0,Katie,Shen,Australia,3,5314.0,1771.3333333333333
20427.0,Mario,Raje,Australia,3,5314.0,1771.3333333333333
23137.0,Chloe,Sanders,Canada,3,5314.0,1771.3333333333333
23376.0,Zachary,Flores,Canada,3,5314.0,1771.3333333333333
19598.0,Kaitlyn,Powell,Australia,5,5310.0,1062.0
18699.0,Blake,Griffin,Australia,4,5308.0,1327.0
19565.0,Patricia,Saunders,Australia,4,5308.0,1327.0
19593.0,Carla,Rana,Australia,4,5306.0,1326.5
18769.0,Theresa,Dominguez,Australia,3,5304.0,1768.0
20214.0,Trisha,Liu,Australia,3,5304.0,1768.0
14716.0,Shannon,Zhou,France,6,5300.0,883.3333333333334
14667.0,Olivia,Alexander,Australia,7,5295.0,756.4285714285714
19564.0,Lawrence,Gutierrez,Australia,4,5293.0,1323.25
14049.0,Gina,Hernandez,Australia,9,5290.0,587.7777777777778
18467.0,Darren,Townsend,Australia,2,5279.0,2639.5
18697.0,Tara,Lal,Australia,2,5279.0,2639.5
18723.0,Lacey,Ma,Australia,2,5279.0,2639.5
19599.0,Alvin,Jai,Australia,2,5279.0,2639.5
19615.0,Franklin,Sun,Australia,2,5279.0,2639.5
19616.0,Stefanie,Rana,Australia,2,5279.0,2639.5
19620.0,Andy,Vazquez,Australia,2,5279.0,2639.5
19631.0,Timothy,Scott,Australia,2,5279.0,2639.5
20215.0,Ioannis,Xylaras,Australia,2,5279.0,2639.5
20236.0,Cesar,Chandra,Australia,2,5279.0,2639.5
23592.0,Joseph,Jackson,Canada,2,5279.0,2639.5
14276.0,Melody,Suarez,Australia,11,5258.0,478.0
12286.0,Nathan,Jenkins,United Kingdom,9,5255.0,583.8888888888889
11616.0,Casey,Nath,United Kingdom,10,5253.0,525.3
15662.0,Megan,Richardson,United Kingdom,8,5253.0,656.625
12404.0,Krystal,Liang,United Kingdom,8,5251.0,656.375
14012.0,Eddie,Vazquez,Australia,7,5250.0,750.0
15657.0,Marcus,Hayes,United Kingdom,10,5250.0,525.0
15632.0,Gloria,Carlson,United Kingdom,8,5244.0,655.5
11550.0,Deb,Torres,United Kingdom,5,5241.0,1048.2
13974.0,Tina,Chandra,Australia,7,5237.0,748.1428571428571
14672.0,Omar,Nath,Australia,8,5237.0,654.625
15133.0,Raul,Rai,Australia,7,5237.0,748.1428571428571
14286.0,Kristine,Hernandez,Australia,7,5234.0,747.7142857142857
12526.0,Michele,Suarez,United Kingdom,9,5229.0,581.0
14323.0,Colin,Tang,Australia,7,5221.0,745.8571428571429
12402.0,Albert,Moreno,United Kingdom,6,5218.0,869.6666666666666
14264.0,Karl,Lal,Australia,7,5217.0,745.2857142857143
15120.0,Erika,Suarez,Australia,8,5217.0,652.125
14668.0,Joe,Martin,Australia,7,5216.0,745.1428571428571
15130.0,Roger,Ma,Australia,7,5215.0,745.0
14326.0,Joe,Perez,Australia,8,5207.0,650.875
15661.0,Brandon,Robinson,United Kingdom,10,5207.0,520.7
11615.0,Dwayne,Navarro,United Kingdom,7,5205.0,743.5714285714286
15653.0,Gerald,Madan,United Kingdom,8,5203.0,650.375
15121.0,Brendan,Andersen,Australia,6,5202.0,867.0
12463.0,Todd,Huang,United Kingdom,7,5201.0,743.0
12619.0,Priscilla,Rai,United Kingdom,6,5200.0,866.6666666666666
14310.0,Jon,Zeng,Australia,9,5200.0,577.7777777777778
12745.0,Rafael,Wu,United Kingdom,6,5199.0,866.5
14666.0,Louis,Gao,Australia,6,5199.0,866.5
14277.0,Jerry,She,Australia,5,5196.0,1039.2
15122.0,Abby,Raman,Australia,6,5193.0,865.5
14676.0,Micah,Wang,Australia,5,5188.0,1037.6
13973.0,Bethany,Shan,Australia,7,5185.0,740.7142857142857
15127.0,Wesley,Yang,Australia,7,5182.0,740.2857142857143
13968.0,Lydia,Sai,Australia,9,5181.0,575.6666666666666
14681.0,Veronica,Chandra,Australia,6,5178.0,863.0
14055.0,Alejandro,Kumar,Australia,6,5177.0,862.8333333333334
15129.0,Jennifer,Patterson,Australia,6,5177.0,862.8333333333334
12281.0,Janelle,Sanchez,United Kingdom,7,5169.0,738.4285714285714
15660.0,April,Jai,United Kingdom,7,5168.0,738.2857142857143
12492.0,Brittany,Price,United Kingdom,6,5166.0,861.0
12381.0,Johnny,Lal,United Kingdom,6,5161.0,860.1666666666666
15638.0,Rosa,He,United Kingdom,7,5161.0,737.2857142857143
15652.0,Barbara,Wang,United Kingdom,6,5159.0,859.8333333333334
14275.0,Arthur,Prasad,Australia,6,5158.0,859.6666666666666
14325.0,Crystal,Li,Australia,7,5152.0,736.0
15134.0,Meagan,Raman,Australia,5,5151.0,1030.2
12742.0,Samantha,Martinez,Germany,10,5148.0,514.8
14301.0,Ruben,Vazquez,Australia,4,5142.0,1285.5
14287.0,Derek,Xie,Australia,4,5141.0,1285.25
14302.0,April,Beck,Australia,5,5140.0,1028.0
14308.0,Marie,Ramos,Australia,7,5140.0,734.2857142857143
12272.0,Justin,Alexander,United Kingdom,5,5139.0,1027.8
13975.0,Johnny,Raje,Australia,5,5138.0,1027.6
14279.0,Taylor,Barnes,Australia,7,5137.0,733.8571428571429
12622.0,Micheal,Rubio,United Kingdom,6,5135.0,855.8333333333334
15630.0,Nichole,Tang,United Kingdom,7,5135.0,733.5714285714286
14048.0,Wyatt,Mitchell,Australia,5,5123.0,1024.6
12391.0,Olivia,Kelly,United Kingdom,4,5121.0,1280.25
14324.0,Jessie,Alvarez,Australia,4,5121.0,1280.25
15631.0,Clayton,Andersen,United Kingdom,5,5121.0,1024.2
12385.0,Tara,Raji,United Kingdom,4,5118.0,1279.5
14673.0,Willie,Rai,Australia,4,5117.0,1279.25
12282.0,Nicolas,Tang,United Kingdom,3,5111.0,1703.6666666666667
12808.0,Marc,Schmidt,United Kingdom,3,5111.0,1703.6666666666667
14322.0,Sydney,Thomas,Australia,3,5111.0,1703.6666666666667
14299.0,Jermaine,Chandra,Australia,3,5108.0,1702.6666666666667
11368.0,Edward,Miller,Australia,11,5105.0,464.09090909090907
13769.0,Brendan,Kumar,France,5,5086.0,1017.2
11356.0,Terrence,Carson,Australia,8,5069.0,633.625
13768.0,Ross,Munoz,France,4,5064.0,1266.0
11402.0,Kelli,Cai,France,10,5059.0,505.9
12384.0,Jacquelyn,Gutierrez,Germany,8,5056.0,632.0
12462.0,Levi,Suri,Germany,8,5048.0,631.0
11363.0,Julian,Ross,Australia,5,5035.0,1007.0
11930.0,Jaclyn,Nara,Australia,5,5035.0,1007.0
11358.0,Cynthia,Malhotra,Australia,8,5034.0,629.25
11403.0,Nancy,Schmidt,France,9,5032.0,559.1111111111111
16551.0,Christy,Shan,France,7,5032.0,718.8571428571429
12461.0,Ruth,Suri,Germany,9,5030.0,558.8888888888889
12292.0,Nicolas,Kumar,United Kingdom,6,5027.0,837.8333333333334
11360.0,Tyrone,Serrano,Australia,6,5025.0,837.5
11365.0,Brittney,Sun,Australia,7,5024.0,717.7142857142857
12807.0,Nina,Kumar,Germany,7,5024.0,717.7142857142857
11401.0,Linda,Navarro,France,6,5020.0,836.6666666666666
22201.0,Lindsey,Luo,Australia,6,5012.0,835.3333333333334
11050.0,Alan,Zheng,Australia,6,5007.0,834.5
16940.0,Jenny,Zeng,Germany,3,5006.0,1668.6666666666667
16552.0,Joe,Sanchez,Germany,5,4987.0,997.4
11484.0,Erick,Sai,Germany,6,4985.0,830.8333333333334
16313.0,Hailey,Russell,Germany,6,4985.0,830.8333333333334
11481.0,Erica,Hu,Germany,6,4978.0,829.6666666666666
12299.0,Walter,Serrano,United Kingdom,7,4977.0,711.0
12390.0,Denise,Martinez,Germany,7,4977.0,711.0
11547.0,Cindy,Sai,France,5,4976.0,995.2
21567.0,Candace,Sanchez,Australia,5,4973.0,994.6
11126.0,Shaun,Carson,Australia,8,4971.0,621.375
16416.0,Brian,Rivera,France,4,4971.0,1242.75
11479.0,Darryl,Wu,France,9,4970.0,552.2222222222222
12397.0,Shaun,Chapman,Germany,7,4968.0,709.7142857142857
11483.0,Calvin,Chande,France,4,4966.0,1241.5
11372.0,Wendy,Romero,Australia,5,4965.0,993.0
11929.0,Virginia,Gonzalez,Australia,8,4965.0,620.625
11359.0,Jarrod,Prasad,Australia,8,4959.0,619.875
21569.0,Brendan,Rai,Australia,6,4959.0,826.5
16400.0,Theodore,Ramos,France,5,4958.0,991.6
16429.0,Jaclyn,Luo,Germany,5,4958.0,991.6
12738.0,Melinda,Rubio,Germany,7,4956.0,708.0
12806.0,Ronnie,Zeng,Germany,5,4956.0,991.2
21561.0,Albert,Navarro,Australia,5,4947.0,989.4
11357.0,Ramon,Ye,Australia,5,4943.0,988.6
15846.0,Julian,Flores,Canada,8,4943.0,617.875
12305.0,Xavier,Bailey,United Kingdom,4,4940.0,1235.0
11480.0,Colleen,Ma,France,7,4935.0,705.0
21179.0,Jaclyn,Zhou,Australia,5,4935.0,987.0
21216.0,Larry,Blanco,Australia,5,4935.0,987.0
16415.0,Andre,Patel,France,4,4930.0,1232.5
16549.0,Linda,Moreno,Germany,4,4930.0,1232.5
21556.0,Gloria,Serrano,Australia,4,4930.0,1232.5
11416.0,Katrina,Becker,France,5,4928.0,985.6
21888.0,Evan,Edwards,Australia,5,4925.0,985.0
16409.0,Ebony,Moreno,Germany,5,4924.0,984.8
21393.0,Candace,Arun,Australia,5,4924.0,984.8
21974.0,Whitney,Suri,Australia,5,4924.0,984.8
16442.0,Luke,Gonzalez,Germany,4,4923.0,1230.75
21951.0,Orlando,Hernandez,Australia,4,4923.0,1230.75
11364.0,Jennifer,Collins,Australia,4,4921.0,1230.25
16291.0,Lindsey,Lal,France,3,4921.0,1640.3333333333333
16412.0,Leah,Liang,France,4,4921.0,1230.25
16532.0,Tommy,Sharma,France,3,4921.0,1640.3333333333333
21201.0,Anna,Rogers,Australia,3,4921.0,1640.3333333333333
21875.0,Cedric,Nara,Australia,3,4921.0,1640.3333333333333
21891.0,Dawn,Nara,Australia,3,4921.0,1640.3333333333333
21892.0,Joan,Hernandez,Australia,3,4921.0,1640.3333333333333
21999.0,Julia,Barnes,Australia,3,4921.0,1640.3333333333333
22207.0,Nancy,Sanchez,Australia,3,4921.0,1640.3333333333333
16414.0,Kelly,Flores,Germany,3,4919.0,1639.6666666666667
21558.0,Nicole,Coleman,Australia,3,4919.0,1639.6666666666667
21957.0,Kathryn,Shen,Australia,3,4919.0,1639.6666666666667
15566.0,Aaron,Foster,Canada,10,4912.0,491.2
11134.0,Larry,Townsend,Australia,3,4911.0,1637.0
21166.0,Tamara,Yuan,Australia,5,4909.0,981.8
21897.0,Francisco,Subram,Australia,5,4909.0,981.8
22195.0,Philip,Romero,Australia,5,4909.0,981.8
13230.0,Chloe,Bryant,United States,4,4905.0,1226.25
16547.0,Jake,Yang,France,4,4900.0,1225.0
21211.0,Louis,He,Australia,4,4900.0,1225.0
21559.0,Pedro,Malhotra,Australia,4,4900.0,1225.0
21950.0,Armando,Hernandez,Australia,4,4900.0,1225.0
21955.0,Jenny,Ferrier,Australia,4,4900.0,1225.0
22930.0,Brett,Raman,Australia,4,4900.0,1225.0
15905.0,Taylor,Taylor,Canada,6,4899.0,816.5
13478.0,Alexia,Coleman,United States,5,4898.0,979.6
21403.0,Lisa,Roy,Australia,3,4895.0,1631.6666666666667
23396.0,Kaitlyn,Long,Canada,4,4892.0,1223.0
23865.0,Lori,Sanz,Canada,4,4892.0,1223.0
16572.0,Jon,Xu,Germany,2,4886.0,2443.0
21205.0,Denise,Vance,Australia,2,4886.0,2443.0
21557.0,Kate,Lal,Australia,2,4886.0,2443.0
21882.0,Jay,Ramos,Australia,2,4886.0,2443.0
21945.0,Pearlie,Rusek,Australia,2,4886.0,2443.0
21948.0,Ann,Madan,Australia,2,4886.0,2443.0
22193.0,Toni,Garcia,Australia,2,4886.0,2443.0
22857.0,Julio,Romero,Australia,2,4886.0,2443.0
13729.0,Jason,Li,United States,5,4884.0,976.8
13728.0,Taylor,Stewart,United States,6,4879.0,813.1666666666666
23267.0,Juan,James,Canada,5,4862.0,972.4
19037.0,Marshall,Chen,United Kingdom,3,4858.0,1619.3333333333333
13314.0,Jordan,Hernandez,United States,6,4854.0,809.0
28665.0,Donna,Anand,United States,4,4852.0,1213.0
15175.0,Kristi,Malhotra,Canada,7,4850.0,692.8571428571429
15889.0,Robert,Wright,Canada,6,4848.0,808.0
13885.0,Brian,Howard,United States,5,4844.0,968.8
15304.0,Miranda,Powell,Canada,8,4843.0,605.375
23511.0,Joshua,Rodriguez,Canada,3,4843.0,1614.3333333333333
14598.0,Miranda,Ross,Canada,8,4839.0,604.875
13435.0,Tracy,Pal,United States,5,4838.0,967.6
19049.0,Craig,Gutierrez,United Kingdom,6,4838.0,806.3333333333334
13274.0,Joshua,Lee,United States,6,4837.0,806.1666666666666
24284.0,Melissa,Sanders,Canada,6,4837.0,806.1666666666666
13019.0,Destiny,Murphy,United States,6,4835.0,805.8333333333334
13299.0,Vanessa,Ross,United States,6,4835.0,805.8333333333334
13898.0,Richard,Baker,United States,6,4835.0,805.8333333333334
12193.0,Caleb,Simmons,Canada,6,4833.0,805.5
23385.0,Isaac,Brooks,Canada,5,4829.0,965.8
23583.0,Brianna,Martin,Canada,5,4829.0,965.8
23868.0,Abigail,Coleman,Canada,5,4829.0,965.8
24235.0,Jill,Martinez,Canada,5,4829.0,965.8
24310.0,Gabrielle,Peterson,Canada,5,4829.0,965.8
13713.0,Alexander,Walker,United States,5,4828.0,965.6
15391.0,Jordyn,Powell,Canada,8,4828.0,603.5
23281.0,Megan,Harris,Canada,3,4828.0,1609.3333333333333
23283.0,Haley,Torres,Canada,3,4828.0,1609.3333333333333
23306.0,Byron,Ortega,Canada,3,4828.0,1609.3333333333333
23351.0,Lucas,Sanchez,Canada,3,4828.0,1609.3333333333333
23397.0,Isabelle,Bryant,Canada,3,4828.0,1609.3333333333333
23725.0,Dennis,Ware,Canada,3,4828.0,1609.3333333333333
23730.0,Morgan,Rodriguez,Canada,3,4828.0,1609.3333333333333
23731.0,Jose,Thompson,Canada,3,4828.0,1609.3333333333333
23842.0,Connor,Bryant,Canada,3,4828.0,1609.3333333333333
23846.0,Aidan,Diaz,Canada,3,4828.0,1609.3333333333333
23866.0,Xavier,Flores,Canada,3,4828.0,1609.3333333333333
24342.0,Evan,Campbell,Canada,3,4828.0,1609.3333333333333
28298.0,Maria,Edwards,United States,3,4828.0,1609.3333333333333
11942.0,George,Gonzalez,Australia,7,4827.0,689.5714285714286
28662.0,Isaiah,Murphy,United States,4,4827.0,1206.75
18457.0,Olivia,White,Australia,6,4826.0,804.3333333333334
12986.0,Rachel,Garcia,Canada,8,4823.0,602.875
28666.0,Kelvin,Zhu,United States,3,4822.0,1607.3333333333333
16534.0,Claudia,Holt,Germany,5,4821.0,964.2
17922.0,Shane,Schmidt,Australia,6,4821.0,803.5
12929.0,Vanessa,Bryant,United States,4,4820.0,1205.0
13380.0,Katherine,Scott,United States,4,4820.0,1205.0
13440.0,Sydney,Miller,Canada,5,4819.0,963.8
13657.0,Kaylee,Collins,United States,5,4819.0,963.8
12941.0,Maria,Morgan,United States,3,4818.0,1606.0
24332.0,Abigail,Thompson,Canada,5,4816.0,963.2
11979.0,Christopher,Johnson,Canada,8,4814.0,601.75
12122.0,Destiny,Coleman,Canada,5,4814.0,962.8
16000.0,Gabrielle,Ramirez,Canada,8,4814.0,601.75
13016.0,Antonio,Bryant,United States,5,4813.0,962.6
13208.0,Cassidy,Bryant,United States,5,4813.0,962.6
13246.0,Hailey,Perez,United States,5,4813.0,962.6
13484.0,Marcus,Martinez,United States,5,4813.0,962.6
15490.0,Kaitlyn,Rivera,Canada,7,4813.0,687.5714285714286
15850.0,Rachel,Bradley,Canada,4,4813.0,1203.25
12060.0,Andrew,Wedge,Canada,5,4812.0,962.4
12177.0,Kevin,Campbell,Canada,8,4811.0,601.375
13425.0,Jose,Garcia,United States,4,4810.0,1202.5
13894.0,Robyn,Ruiz,United States,6,4810.0,801.6666666666666
12981.0,Joe,Sanz,United States,4,4809.0,1202.25
23172.0,Alexandra,Thomas,Canada,5,4809.0,961.8
13329.0,Jake,Wang,United States,5,4807.0,961.4
13424.0,Jasmine,Thomas,United States,5,4807.0,961.4
23164.0,Kyle,Bryant,Canada,4,4807.0,1201.75
13086.0,Blake,Nelson,United States,5,4805.0,961.0
12921.0,Wyatt,Lee,United States,4,4803.0,1200.75
13087.0,Jeremy,Collins,United States,4,4803.0,1200.75
13205.0,Jerome,Torres,United States,4,4803.0,1200.75
14597.0,Sean,Reed,Canada,7,4803.0,686.1428571428571
23209.0,Lucas,Lewis,Canada,3,4802.0,1600.6666666666667
23819.0,Vanessa,Washington,Canada,3,4802.0,1600.6666666666667
23829.0,Anthony,Rodriguez,Canada,3,4802.0,1600.6666666666667
23830.0,Cameron,White,Canada,3,4802.0,1600.6666666666667
23867.0,Sarah,Henderson,Canada,3,4802.0,1600.6666666666667
13452.0,Kaitlyn,Evans,United States,5,4800.0,960.0
12154.0,Hailey,Adams,Canada,5,4798.0,959.6
13142.0,Xavier,Moore,United States,3,4798.0,1599.3333333333333
13401.0,Erin,Bradley,United States,3,4798.0,1599.3333333333333
13420.0,Jordan,Turner,United States,3,4798.0,1599.3333333333333
12926.0,Sara,Murphy,United States,4,4795.0,1198.75
13221.0,Madeline,Hall,United States,4,4795.0,1198.75
13249.0,Ryan,Perry,Canada,5,4795.0,959.0
14478.0,Abigail,Patterson,Canada,6,4795.0,799.1666666666666
12935.0,Robert,Hill,United States,4,4794.0,1198.5
13402.0,Gabriel,Turner,United States,3,4793.0,1597.6666666666667
15201.0,Miranda,Washington,Canada,7,4793.0,684.7142857142857
15916.0,Brandon,Walker,Canada,8,4793.0,599.125
24309.0,Ethan,Williams,Canada,2,4793.0,2396.5
28580.0,Aimee,Liu,United States,2,4793.0,2396.5
28664.0,Ashlee,Sharma,United States,2,4793.0,2396.5
17915.0,Aimee,Li,Australia,5,4792.0,958.4
15876.0,Eduardo,Turner,Canada,5,4789.0,957.8
13977.0,Alexandra,Brown,United States,6,4788.0,798.0
13658.0,Wyatt,Bennett,United States,4,4787.0,1196.75
17916.0,Tracy,Xu,Australia,4,4787.0,1196.75
16482.0,Tabitha,Arthur,Australia,4,4783.0,1195.75
15395.0,Joseph,Clark,Canada,6,4780.0,796.6666666666666
13093.0,Michelle,James,United States,4,4778.0,1194.5
13369.0,Mariah,Henderson,United States,4,4778.0,1194.5
11944.0,Rachael,Rodriguez,Australia,9,4776.0,530.6666666666666
14436.0,John,Martin,Canada,6,4776.0,796.0
13565.0,Tiffany,Zhao,France,4,4775.0,1193.75
13896.0,Hailey,Mitchell,United States,4,4775.0,1193.75
13978.0,Zoe,Peterson,United States,5,4775.0,955.0
14459.0,Cody,Gray,Canada,6,4775.0,795.8333333333334
12710.0,Dalton,Evans,Canada,4,4774.0,1193.5
13063.0,Jessica,Johnson,United States,3,4773.0,1591.0
13450.0,Victoria,Jones,United States,3,4773.0,1591.0
11835.0,Elijah,Russell,Canada,7,4772.0,681.7142857142857
16431.0,Jermaine,Rodriguez,France,4,4769.0,1192.25
13418.0,Devin,Cox,Canada,4,4768.0,1192.0
13284.0,Victoria,Butler,Canada,5,4767.0,953.4
16931.0,Dalton,Lee,Australia,5,4767.0,953.4
13189.0,Gloria,Romero,United States,3,4765.0,1588.3333333333333
13361.0,Cameron,Jai,United States,3,4765.0,1588.3333333333333
13873.0,Russell,Jai,United States,3,4765.0,1588.3333333333333
14041.0,Danielle,Bell,Canada,5,4765.0,953.0
19048.0,Bryant,Raman,United Kingdom,3,4765.0,1588.3333333333333
13909.0,Riley,Price,Canada,6,4764.0,794.0
12918.0,Brooke,Murphy,United States,2,4763.0,2381.5
13287.0,Brandon,Rodriguez,United States,2,4763.0,2381.5
13887.0,Nathan,Scott,United States,2,4763.0,2381.5
19036.0,Allen,Rana,United Kingdom,2,4763.0,2381.5
15906.0,Kaitlyn,Lewis,Canada,4,4761.0,1190.25
16514.0,Manuel,Fernandez,Australia,4,4761.0,1190.25
17909.0,Joanna,Ortega,Australia,4,4761.0,1190.25
22904.0,Mitchell,Shen,Australia,6,4761.0,793.5
12950.0,Mary,Adams,United States,3,4760.0,1586.6666666666667
13088.0,Megan,Powell,United States,3,4760.0,1586.6666666666667
19073.0,Lolan,Song,United Kingdom,3,4760.0,1586.6666666666667
21969.0,Latoya,Deng,Australia,7,4760.0,680.0
13345.0,Dalton,Butler,Canada,6,4759.0,793.1666666666666
11739.0,Aaron,King,Canada,6,4758.0,793.0
16526.0,Arthur,Perez,Australia,4,4757.0,1189.25
17478.0,Renee,Martin,Australia,4,4757.0,1189.25
17733.0,Alberto,Gill,Australia,4,4757.0,1189.25
13176.0,Kurt,Chander,United States,4,4753.0,1188.25
16519.0,Yolanda,Chander,Australia,3,4752.0,1584.0
16525.0,Martha,Liang,Australia,3,4752.0,1584.0
16527.0,Cory,Arun,Australia,3,4752.0,1584.0
16529.0,Jonathon,Gutierrez,Australia,3,4752.0,1584.0
17732.0,Allen,Rodriguez,Australia,3,4752.0,1584.0
17735.0,Connor,Yang,Australia,3,4752.0,1584.0
17912.0,Louis,Zhou,Australia,3,4752.0,1584.0
18331.0,Jerry,Chande,Australia,3,4752.0,1584.0
18332.0,Emmanuel,Malhotra,Australia,3,4752.0,1584.0
18452.0,Bruce,Martinez,Australia,3,4752.0,1584.0
18462.0,Clarence,Zhu,Australia,3,4752.0,1584.0
18465.0,Jamie,Yang,Australia,3,4752.0,1584.0
18766.0,Francisco,Sai,Australia,3,4752.0,1584.0
17730.0,Bridget,Tang,Australia,5,4751.0,950.2
13660.0,Ethan,Davis,Canada,6,4750.0,791.6666666666666
14605.0,Allison,Brooks,Canada,6,4750.0,791.6666666666666
13366.0,Austin,Davis,Canada,4,4749.0,1187.25
19070.0,Kristopher,Garcia,United Kingdom,3,4748.0,1582.6666666666667
11947.0,Jenny,Zheng,Australia,6,4747.0,791.1666666666666
18461.0,Tina,Martinez,Australia,4,4747.0,1186.75
14281.0,Daniel,Wilson,Canada,7,4746.0,678.0
15997.0,Melissa,Jenkins,Canada,5,4746.0,949.2
15362.0,Jennifer,Adams,Canada,5,4745.0,949.0
17370.0,Edwin,Chander,Australia,4,4742.0,1185.5
17736.0,Kristine,Vazquez,Australia,4,4742.0,1185.5
14118.0,Elizabeth,Ross,Canada,4,4741.0,1185.25
22197.0,Larry,Dominguez,Australia,6,4741.0,790.1666666666666
13032.0,Kevin,Baker,United States,3,4740.0,1580.0
13489.0,Jennifer,Walker,United States,3,4740.0,1580.0
12113.0,Nathan,Hughes,Canada,5,4737.0,947.4
12011.0,Morgan,Johnson,Australia,6,4736.0,789.3333333333334
13101.0,Alex,Sanchez,Canada,4,4736.0,1184.0
11943.0,Dawn,Huang,Australia,7,4734.0,676.2857142857143
16515.0,Troy,Sai,Australia,3,4733.0,1577.6666666666667
16516.0,Melvin,She,Australia,3,4733.0,1577.6666666666667
16524.0,Damien,Huang,Australia,3,4733.0,1577.6666666666667
16929.0,Savannah,Scott,Australia,3,4733.0,1577.6666666666667
17904.0,Gina,Torres,Australia,3,4733.0,1577.6666666666667
17913.0,Lacey,Xu,Australia,3,4733.0,1577.6666666666667
17917.0,Cristina,Raje,Australia,3,4733.0,1577.6666666666667
17918.0,Suzanne,Zeng,Australia,3,4733.0,1577.6666666666667
17919.0,Bruce,Hernandez,Australia,3,4733.0,1577.6666666666667
17920.0,Bradley,Yuan,Australia,3,4733.0,1577.6666666666667
17924.0,Shawna,Lal,Australia,3,4733.0,1577.6666666666667
18458.0,Gregory,She,Australia,3,4733.0,1577.6666666666667
21225.0,Michele,Jai,Australia,7,4733.0,676.1428571428571
11984.0,Alex,Campbell,Canada,6,4730.0,788.3333333333334
17728.0,Maria,Perry,Australia,5,4729.0,945.8
16520.0,Misty,Raji,Australia,4,4727.0,1181.75
15187.0,Benjamin,Brown,Canada,6,4725.0,787.5
17927.0,Douglas,Patel,Australia,4,4725.0,1181.25
18463.0,Adriana,Suri,Australia,4,4725.0,1181.25
21968.0,Jaime,Deng,Australia,5,4723.0,944.6
17726.0,Caroline,Griffin,Australia,5,4721.0,944.2
13343.0,Melanie,Bradley,Canada,6,4720.0,786.6666666666666
15567.0,Carmen,Madan,Canada,6,4720.0,786.6666666666666
12114.0,Charles,Richardson,Canada,5,4719.0,943.8
15363.0,Justin,Yang,Canada,4,4719.0,1179.75
11328.0,Julian,Griffin,Canada,4,4718.0,1179.5
14606.0,Amanda,Cooper,Canada,5,4716.0,943.2
16476.0,Shawn,Xie,France,5,4716.0,943.2
21555.0,Jarrod,Madan,Australia,5,4716.0,943.2
13908.0,Alyssa,Diaz,Canada,5,4715.0,943.0
17926.0,Carolyn,Ramos,Australia,4,4715.0,1178.75
21944.0,Daisy,Jiménez,Australia,4,4714.0,1178.5
26014.0,Olivia,Torres,United States,4,4714.0,1178.5
23858.0,Jonathan,Powell,Canada,4,4712.0,1178.0
12089.0,Nathaniel,Richardson,Canada,4,4710.0,1177.5
13328.0,Albert,Serrano,Canada,6,4708.0,784.6666666666666
16559.0,Candace,Martinez,France,6,4706.0,784.3333333333334
21570.0,Barry,Kovár,Australia,6,4706.0,784.3333333333334
15176.0,Kristi,Ramos,Canada,5,4703.0,940.6
16533.0,Kristen,Cai,France,5,4703.0,940.6
21560.0,Kristopher,Lopez,Australia,5,4703.0,940.6
21959.0,Jimmy,Dominguez,Australia,5,4703.0,940.6
25951.0,Anthony,Anderson,United States,5,4703.0,940.6
25917.0,Kyle,Long,United States,4,4700.0,1175.0
26002.0,Samuel,Walker,United States,5,4699.0,939.8
26004.0,Arthur,Washington,United States,5,4699.0,939.8
16517.0,Katrina,Raji,Australia,2,4698.0,2349.0
16518.0,Krystal,Holt,Australia,2,4698.0,2349.0
16521.0,Tonya,She,Australia,2,4698.0,2349.0
16522.0,Casey,Pal,Australia,2,4698.0,2349.0
16523.0,Sandra,Huang,Australia,2,4698.0,2349.0
16528.0,Dominique,Garcia,Australia,2,4698.0,2349.0
16928.0,Bryan,Stewart,Australia,2,4698.0,2349.0
17725.0,Daniel,Martinez,Australia,2,4698.0,2349.0
17734.0,Leah,Sun,Australia,2,4698.0,2349.0
17910.0,Dustin,Nara,Australia,2,4698.0,2349.0
17911.0,Pedro,Rodriguez,Australia,2,4698.0,2349.0
17914.0,Phillip,Suri,Australia,2,4698.0,2349.0
17921.0,Karen,Li,Australia,2,4698.0,2349.0
17925.0,Bradley,Raji,Australia,2,4698.0,2349.0
18334.0,Edwin,Ye,Australia,2,4698.0,2349.0
18464.0,Toni,Suri,Australia,2,4698.0,2349.0
11946.0,Brandy,Saunders,Australia,5,4697.0,939.4
16433.0,Mathew,Dominguez,France,5,4697.0,939.4
16436.0,Ethan,Henderson,France,5,4697.0,939.4
16540.0,Theodore,Browning,Germany,5,4697.0,939.4
21219.0,Candice,Zhu,Australia,5,4697.0,939.4
21886.0,Jill,Carlson,Australia,5,4697.0,939.4
21958.0,Mallory,Blanco,Australia,5,4697.0,939.4
22199.0,David,Lee,Australia,5,4694.0,938.8
13460.0,Jasmine,Walker,Canada,4,4693.0,1173.25
16408.0,Arthur,Madan,France,5,4693.0,938.6
21404.0,Julio,Sanz,Australia,4,4684.0,1171.0
22913.0,Valerie,Lu,Australia,4,4684.0,1171.0
13220.0,Isabella,Hernandez,United States,4,4683.0,1170.75
26016.0,Fernando,King,United States,6,4683.0,780.5
15917.0,Emily,White,Canada,2,4679.0,2339.5
16388.0,Jay,Torres,France,5,4674.0,934.8
16475.0,Kurt,Anand,Germany,5,4674.0,934.8
21165.0,Sheila,Gomez,Australia,5,4674.0,934.8
22181.0,Gary,Romero,Australia,5,4674.0,934.8
22929.0,Isabella,Davis,Australia,5,4674.0,934.8
25886.0,Rachel,Rogers,United States,5,4673.0,934.6
25887.0,Jack,Collins,United States,5,4673.0,934.6
26001.0,Nicholas,Lee,United States,5,4673.0,934.6
22202.0,Roberto,Diaz,Australia,6,4672.0,778.6666666666666
16513.0,Ronnie,Wagner,France,5,4670.0,934.0
21553.0,Allen,Suri,Australia,4,4667.0,1166.75
21878.0,Bryant,Rana,Australia,5,4664.0,932.8
21893.0,Brandi,Hernandez,Australia,5,4664.0,932.8
21899.0,Marie,Vazquez,Australia,5,4664.0,932.8
22000.0,Cynthia,Chandra,Australia,5,4664.0,932.8
22860.0,Cedric,Kumar,Australia,5,4664.0,932.8
21876.0,Philip,Rubio,Australia,5,4663.0,932.6
21218.0,Wyatt,Rodriguez,Australia,4,4662.0,1165.5
21873.0,Kellie,Navarro,Australia,4,4662.0,1165.5
22198.0,Frank,Hernandez,Australia,4,4662.0,1165.5
22908.0,Eddie,Ortega,Australia,4,4662.0,1165.5
16316.0,Kelli,Hu,Germany,4,4660.0,1165.0
16394.0,Bryan,Bell,France,3,4660.0,1553.3333333333333
16411.0,Stanley,Sanchez,Germany,3,4660.0,1553.3333333333333
16538.0,Stacey,Liang,Germany,3,4660.0,1553.3333333333333
21173.0,Chad,Yuan,Australia,3,4660.0,1553.3333333333333
21214.0,Corey,She,Australia,3,4660.0,1553.3333333333333
21217.0,Casey,Xie,Australia,3,4660.0,1553.3333333333333
21226.0,Dale,Nara,Australia,4,4660.0,1165.0
21418.0,Alicia,Chapman,Australia,3,4660.0,1553.3333333333333
21568.0,Jacquelyn,Hernandez,Australia,4,4660.0,1165.0
21572.0,Randall,Ramos,Australia,3,4660.0,1553.3333333333333
21946.0,Michele,Deng,Australia,4,4660.0,1165.0
21949.0,Clayton,Chavez,Australia,3,4660.0,1553.3333333333333
21966.0,Ross,Sai,Australia,3,4660.0,1553.3333333333333
21994.0,Natasha,Ruiz,Australia,3,4660.0,1553.3333333333333
22200.0,Martha,Ye,Australia,3,4660.0,1553.3333333333333
22854.0,Ebony,Mehta,Australia,3,4660.0,1553.3333333333333
22912.0,Mallory,Moreno,Australia,3,4660.0,1553.3333333333333
25879.0,Alyssa,Wood,United States,4,4659.0,1164.75
25909.0,Chase,James,United States,5,4659.0,931.8
25985.0,Justin,Harris,United States,5,4659.0,931.8
13273.0,Elizabeth,Lee,United States,4,4658.0,1164.5
16390.0,Mario,Nath,Germany,3,4658.0,1552.6666666666667
21167.0,Kara,Becker,Australia,3,4658.0,1552.6666666666667
21183.0,Hector,Moreno,Australia,3,4658.0,1552.6666666666667
21394.0,Gabriella,Parker,Australia,3,4658.0,1552.6666666666667
21895.0,Kaylee,Gonzalez,Australia,3,4658.0,1552.6666666666667
22850.0,Devon,Luo,Australia,3,4658.0,1552.6666666666667
26093.0,Nicole,Washington,United States,5,4658.0,931.6
19196.0,April,She,Germany,7,4657.0,665.2857142857143
25889.0,Reginald,Munoz,United States,5,4651.0,930.2
25878.0,Brianna,Simmons,United States,3,4650.0,1550.0
25895.0,Jesse,Richardson,United States,3,4650.0,1550.0
25916.0,Naomi,Serrano,United States,3,4650.0,1550.0
25964.0,Christopher,Winston,United States,3,4650.0,1550.0
25969.0,Jason,Parker,United States,3,4650.0,1550.0
25998.0,Richard,Rivera,United States,3,4650.0,1550.0
13319.0,Charles,Howard,United States,6,4648.0,774.6666666666666
16327.0,Darren,Diaz,Germany,5,4648.0,929.6
21169.0,Nancy,Arun,Australia,5,4648.0,929.6
22921.0,Kelsey,Shen,Australia,5,4648.0,929.6
25993.0,Heidi,Chandra,United States,5,4648.0,929.6
26003.0,Denise,Subram,United States,5,4648.0,929.6
26094.0,Sarah,Butler,United States,5,4648.0,929.6
17923.0,Cory,Malhotra,Australia,3,4644.0,1548.0
18626.0,Tony,Pal,Germany,6,4644.0,774.0
25865.0,Tristan,Butler,United States,3,4644.0,1548.0
25955.0,Anna,Robinson,United States,3,4644.0,1548.0
21885.0,Rafael,Xu,Australia,4,4642.0,1160.5
13866.0,Mya,Butler,United States,7,4640.0,662.8571428571429
19311.0,Dana,Rubio,Germany,6,4640.0,773.3333333333334
25987.0,Hunter,Kumar,United States,3,4640.0,1546.6666666666667
16389.0,Arturo,Shen,Germany,4,4639.0,1159.75
16430.0,Franklin,Rai,France,4,4639.0,1159.75
21874.0,Brandi,Suarez,Australia,4,4639.0,1159.75
21987.0,Theodore,Dominguez,Australia,4,4639.0,1159.75
13359.0,Ian,Wood,United States,4,4638.0,1159.5
16432.0,John,Garcia,France,3,4634.0,1544.6666666666667
16560.0,Kelvin,Sun,France,3,4634.0,1544.6666666666667
21203.0,Mary,Allen,Australia,3,4634.0,1544.6666666666667
22194.0,Bruce,Sai,Australia,3,4634.0,1544.6666666666667
22845.0,Jake,Chen,Australia,3,4634.0,1544.6666666666667
16422.0,Kurt,Xu,Germany,3,4633.0,1544.3333333333333
16451.0,Karl,Stone,Germany,3,4633.0,1544.3333333333333
21202.0,Theresa,Torres,Australia,3,4633.0,1544.3333333333333
21562.0,Drew,Jai,Australia,3,4633.0,1544.3333333333333
21947.0,Diane,Romero,Australia,3,4633.0,1544.3333333333333
21956.0,Jay,Kapoor,Australia,3,4633.0,1544.3333333333333
22180.0,Joe,Srini,Australia,3,4633.0,1544.3333333333333
22196.0,Francis,Romero,Australia,3,4633.0,1544.3333333333333
22851.0,Kaylee,Edwards,Australia,3,4633.0,1544.3333333333333
25863.0,Sydney,Wright,United States,5,4631.0,926.2
25876.0,Noah,King,United States,5,4629.0,925.8
13468.0,Mariah,Sanders,United States,6,4627.0,771.1666666666666
25994.0,Richard,Garcia,United States,5,4626.0,925.2
16391.0,Sergio,Suri,France,2,4625.0,2312.5
16466.0,Alisha,Kumar,Germany,2,4625.0,2312.5
16548.0,Darren,Rubio,France,2,4625.0,2312.5
21168.0,Clifford,Chapman,Australia,2,4625.0,2312.5
21215.0,Tiffany,Yang,Australia,2,4625.0,2312.5
21402.0,Kevin,King,Australia,2,4625.0,2312.5
21408.0,Autumn,Chen,Australia,2,4625.0,2312.5
21552.0,Francis,Alvarez,Australia,2,4625.0,2312.5
21571.0,Darryl,Yang,Australia,2,4625.0,2312.5
21877.0,Clarence,Xu,Australia,2,4625.0,2312.5
21889.0,Sheila,Navarro,Australia,2,4625.0,2312.5
21894.0,David,Li,Australia,2,4625.0,2312.5
21943.0,Cindy,Mehta,Australia,2,4625.0,2312.5
22203.0,Alisha,Zheng,Australia,2,4625.0,2312.5
22905.0,Joe,Schmidt,Australia,2,4625.0,2312.5
22906.0,Jessie,Moreno,Australia,2,4625.0,2312.5
25977.0,Jenna,Lopez,United States,3,4625.0,1541.6666666666667
25984.0,Isabella,Wright,United States,3,4625.0,1541.6666666666667
25986.0,Isabel,Bryant,United States,3,4625.0,1541.6666666666667
26050.0,Clarence,Ye,United States,3,4625.0,1541.6666666666667
25888.0,Morgan,Edwards,United States,4,4624.0,1156.0
25910.0,Natalie,Miller,United States,3,4624.0,1541.3333333333333
25997.0,Katherine,Wright,United States,3,4624.0,1541.3333333333333
26005.0,Elizabeth,Clark,United States,3,4624.0,1541.3333333333333
12975.0,Marcus,Wilson,United States,4,4619.0,1154.75
13348.0,Noah,Young,United States,6,4616.0,769.3333333333334
13529.0,Pamela,Martinez,Australia,5,4615.0,923.0
26015.0,Gabriel,Chow,United States,2,4615.0,2307.5
13304.0,Sara,Peterson,United States,5,4613.0,922.6
19197.0,Briana,Sandoval,Germany,7,4609.0,658.4285714285714
13525.0,Cassandra,Van,Australia,6,4606.0,767.6666666666666
13947.0,Megan,Hughes,United States,5,4606.0,921.2
25866.0,Tristan,Perry,United States,4,4604.0,1151.0
25970.0,Hailey,James,United States,4,4604.0,1151.0
25905.0,Nathan,Hayes,United States,3,4599.0,1533.0
25942.0,Brianna,Brooks,United States,3,4599.0,1533.0
25952.0,Jon,Alonso,United States,3,4599.0,1533.0
25996.0,Faith,Murphy,United States,3,4599.0,1533.0
13173.0,Dalton,Brooks,United States,5,4598.0,919.6
13907.0,Misty,Xie,United States,3,4597.0,1532.3333333333333
13431.0,Bryan,James,United States,6,4593.0,765.5
15600.0,Josue,Dominguez,Australia,5,4590.0,918.0
13233.0,Richard,Coleman,United States,5,4588.0,917.6
13429.0,Gabrielle,Washington,United States,4,4588.0,1147.0
19884.0,James,Simmons,Canada,5,4588.0,917.6
27250.0,Virginia,Vance,United States,6,4588.0,764.6666666666666
13997.0,Raquel,Hernandez,Australia,5,4586.0,917.2
13152.0,Gabrielle,Butler,United States,5,4583.0,916.6
13456.0,Sydney,Hernandez,United States,5,4583.0,916.6
13064.0,Dalton,Parker,United States,6,4580.0,763.3333333333334
13278.0,Jorge,Hu,United States,4,4579.0,1144.75
13403.0,Jennifer,Jackson,United States,4,4579.0,1144.75
13316.0,Angel,Rivera,United States,5,4577.0,915.4
13453.0,Amanda,Howard,United States,5,4577.0,915.4
13288.0,Jackson,Lopez,United States,6,4574.0,762.3333333333334
13384.0,Mario,Ashe,United States,4,4574.0,1143.5
13730.0,Walter,Suarez,United States,5,4571.0,914.2
13400.0,Julia,Thomas,United States,6,4569.0,761.5
13212.0,Logan,Phillips,United States,4,4565.0,1141.25
13226.0,Jenna,Mitchell,United States,4,4565.0,1141.25
19987.0,Taylor,Moore,Canada,5,4564.0,912.8
28419.0,Cheryl,Suarez,France,4,4564.0,1141.0
13948.0,Susan,Ma,United States,4,4563.0,1140.75
12949.0,Morgan,Rivera,United States,4,4559.0,1139.75
13174.0,Gabriella,Morris,United States,4,4559.0,1139.75
13202.0,Natasha,Romero,United States,4,4559.0,1139.75
13280.0,Bailey,Adams,United States,4,4559.0,1139.75
13325.0,Marcus,Wright,United States,4,4559.0,1139.75
13355.0,Jackson,Jai,United States,4,4559.0,1139.75
13895.0,Isabella,Brooks,United States,4,4559.0,1139.75
13462.0,Jay,Sara,United States,5,4558.0,911.6
19988.0,Jordan,Long,Canada,3,4555.0,1518.3333333333333
28394.0,Alisha,Zhang,France,3,4555.0,1518.3333333333333
13733.0,Sydney,Collins,United States,4,4554.0,1138.5
28395.0,Shannon,Dominguez,France,4,4554.0,1138.5
12980.0,Max,Moyer,United States,4,4553.0,1138.25
12934.0,Jason,Foster,United States,5,4552.0,910.4
16308.0,Sheena,Chander,United Kingdom,5,4552.0,910.4
27459.0,Kevin,Kumar,United States,6,4552.0,758.6666666666666
13520.0,Carol,Nelson,Australia,4,4551.0,1137.75
13247.0,Zachary,Chen,United States,4,4549.0,1137.25
13385.0,Danielle,Cook,United States,6,4549.0,758.1666666666666
13526.0,Krystal,Liu,Australia,3,4549.0,1516.3333333333333
13905.0,Christian,Henderson,United States,4,4549.0,1137.25
13911.0,Andrea,Kelly,United States,4,4549.0,1137.25
13949.0,Dwayne,Ramos,United States,4,4549.0,1137.25
11598.0,Meredith,Ruiz,Germany,5,4548.0,909.6
13353.0,Jordyn,Coleman,United States,6,4548.0,758.0
13912.0,Caroline,Simmons,United States,4,4548.0,1137.0
13340.0,Natalie,Edwards,United States,5,4547.0,909.4
13653.0,Tony,Chander,United States,5,4547.0,909.4
13357.0,Blake,Gonzales,United States,5,4544.0,908.8
19874.0,Sara,Rogers,Canada,5,4544.0,908.8
27452.0,Evan,Watson,United States,4,4544.0,1136.0
13315.0,Lucas,Thomas,United States,4,4542.0,1135.5
11587.0,Kevin,Bryant,France,5,4540.0,908.0
27281.0,Jenny,Nath,United States,4,4540.0,1135.0
27294.0,Ana,Bradley,United States,4,4540.0,1135.0
16287.0,Laura,Xu,United Kingdom,4,4539.0,1134.75
28393.0,Ramon,Zheng,France,4,4539.0,1134.75
28418.0,Kelli,Zhu,France,4,4539.0,1134.75
13443.0,Jasmine,White,United States,3,4537.0,1512.3333333333333
13446.0,Katelyn,Scott,United States,3,4537.0,1512.3333333333333
13886.0,Rachel,Taylor,United States,3,4537.0,1512.3333333333333
13224.0,Amanda,Brooks,United States,4,4536.0,1134.0
19298.0,Priscilla,Andersen,Germany,3,4535.0,1511.6666666666667
13279.0,Rachel,Howard,United States,4,4534.0,1133.5
13433.0,Jessie,Vazquez,United States,4,4534.0,1133.5
13447.0,Destiny,Cox,United States,4,4534.0,1133.5
13487.0,Emily,Martin,United States,4,4534.0,1133.5
13865.0,Mariah,Foster,United States,4,4534.0,1133.5
28420.0,Tracy,Chapman,France,4,4534.0,1133.5
13083.0,Jordyn,Butler,United States,4,4533.0,1133.25
13725.0,Nathan,Henderson,United States,4,4533.0,1133.25
19829.0,Lucas,Mitchell,Canada,5,4533.0,906.6
27455.0,Brianna,Jenkins,United States,5,4533.0,906.6
27542.0,Jessica,Rivera,United States,5,4533.0,906.6
13528.0,Carmen,Lopez,Australia,5,4530.0,906.0
20023.0,Edward,Hughes,Canada,3,4530.0,1510.0
13527.0,Tonya,Andersen,Australia,4,4529.0,1132.25
13524.0,Cheryl,Blanco,Australia,4,4528.0,1132.0
13994.0,Isaac,Cook,Australia,4,4528.0,1132.0
13324.0,Florian,Stiller,United States,6,4527.0,754.5
13449.0,Jerome,Diaz,United States,5,4527.0,905.4
13910.0,Isabelle,Butler,United States,5,4527.0,905.4
13382.0,Richard,Rogers,United States,4,4526.0,1131.5
13700.0,Evan,Howard,United States,4,4526.0,1131.5
19058.0,Shawn,Goel,United Kingdom,5,4525.0,905.0
21266.0,Taylor,Washington,Canada,4,4525.0,1131.25
13161.0,Jose,Moore,United States,3,4524.0,1508.0
26695.0,Jocelyn,Diaz,United States,5,4524.0,904.8
13378.0,Alexandra,Bailey,United States,6,4523.0,753.8333333333334
13734.0,Kristi,Gonzalez,United States,6,4523.0,753.8333333333334
27092.0,Marissa,Ross,United States,5,4519.0,903.8
26328.0,Edward,Anderson,United States,4,4518.0,1129.5
26638.0,Olivia,Flores,United States,4,4518.0,1129.5
27296.0,Rodrigo,Ready,United States,4,4518.0,1129.5
27570.0,Natasha,Navarro,United States,4,4518.0,1129.5
13237.0,Devin,Stewart,United States,4,4517.0,1129.25
13286.0,Hannah,Rodriguez,United States,4,4517.0,1129.25
13367.0,Savannah,Edwards,United States,4,4517.0,1129.25
13735.0,Dennis,Guo,United States,4,4517.0,1129.25
12922.0,Jennifer,Sanders,United States,5,4514.0,902.8
12930.0,Grace,Harris,United States,4,4514.0,1128.5
13521.0,Sandra,Lu,Australia,2,4514.0,2257.0
26536.0,Katherine,Thomas,United States,4,4514.0,1128.5
27450.0,Abigail,Ross,United States,4,4514.0,1128.5
27527.0,Tina,Sanchez,United States,4,4514.0,1128.5
13238.0,John,Williams,United States,3,4512.0,1504.0
13243.0,Alyssa,Davis,United States,3,4512.0,1504.0
13298.0,Anna,Harris,United States,3,4512.0,1504.0
13326.0,Bob,Fernandez,United States,3,4512.0,1504.0
13383.0,Natalie,Wright,United States,3,4512.0,1504.0
13477.0,Katherine,Wood,United States,3,4512.0,1504.0
13903.0,Elijah,Hernandez,United States,3,4512.0,1504.0
13976.0,Emmanuel,Smith,United States,3,4512.0,1504.0
16250.0,Brendan,Raje,United Kingdom,3,4512.0,1504.0
15578.0,Diane,Gill,Australia,4,4510.0,1127.5
26609.0,Abigail,Kelly,United States,3,4509.0,1503.0
26610.0,Mary,Perez,United States,3,4509.0,1503.0
27093.0,Alexandra,Martin,United States,3,4509.0,1503.0
12947.0,Isaiah,Sanchez,United States,4,4508.0,1127.0
13269.0,Rachel,Martin,United States,4,4508.0,1127.0
13807.0,Frederick,Rana,Germany,3,4506.0,1502.0
16696.0,Claudia,Zeng,Australia,3,4506.0,1502.0
17064.0,Stephanie,Gray,Australia,3,4506.0,1502.0
13225.0,Jésus,Suarez,United States,3,4504.0,1501.3333333333333
13712.0,Nancy,Martinez,United States,3,4504.0,1501.3333333333333
26708.0,Katherine,Washington,United States,5,4504.0,900.8
27540.0,Jacqueline,Butler,United States,5,4504.0,900.8
11346.0,Deanna,Gutierrez,France,7,4503.0,643.2857142857143
12942.0,Morgan,Harris,United States,2,4502.0,2251.0
13165.0,Wyatt,Walker,United States,2,4502.0,2251.0
13190.0,Jonathan,Diaz,United States,2,4502.0,2251.0
13210.0,Ethan,Simmons,United States,2,4502.0,2251.0
13214.0,Elijah,Adams,United States,2,4502.0,2251.0
13250.0,Jordan,King,United States,2,4502.0,2251.0
13438.0,Chloe,Griffin,United States,2,4502.0,2251.0
13464.0,Martha,Hu,United States,2,4502.0,2251.0
13904.0,Natalie,Thompson,United States,2,4502.0,2251.0
27017.0,Jonathan,Thompson,United States,5,4502.0,900.4
13062.0,Eduardo,Williams,United States,5,4501.0,900.2
13442.0,Paula,Vazquez,United States,4,4501.0,1125.25
13482.0,Haley,Bryant,United States,4,4501.0,1125.25
13492.0,Christian,Foster,United States,5,4501.0,900.2
13726.0,Austin,Lewis,United States,4,4501.0,1125.25
13177.0,Taylor,Rogers,United States,3,4499.0,1499.6666666666667
13178.0,Megan,Gray,United States,3,4499.0,1499.6666666666667
13277.0,Nathan,Brown,United States,3,4499.0,1499.6666666666667
13283.0,Dakota,Griffin,United States,3,4499.0,1499.6666666666667
13346.0,Gregory,Chande,United States,3,4499.0,1499.6666666666667
13354.0,Eric,Campbell,United States,3,4499.0,1499.6666666666667
13426.0,Taylor,Williams,United States,3,4499.0,1499.6666666666667
13436.0,Gail,Griffin,United States,3,4499.0,1499.6666666666667
13897.0,Carol,Washington,United States,3,4499.0,1499.6666666666667
26201.0,Dalton,Watson,United States,5,4498.0,899.6
17050.0,Cristina,Xie,Australia,5,4495.0,899.0
19989.0,Ethan,Thompson,Canada,2,4495.0,2247.5
20000.0,Elijah,Diaz,Canada,2,4495.0,2247.5
20007.0,Ashley,Alexander,Canada,2,4495.0,2247.5
12816.0,Tammy,Mehta,Germany,5,4494.0,898.8
13203.0,Bailey,Bell,United States,4,4492.0,1123.0
13248.0,Isabella,Martinez,United States,4,4492.0,1123.0
13519.0,Lucas,Foster,Australia,2,4492.0,2246.0
27201.0,Jose,Taylor,United States,4,4492.0,1123.0
15214.0,Amanda,Jenkins,Australia,6,4490.0,748.3333333333334
16155.0,Joan,Jenkins,Australia,5,4490.0,898.0
26245.0,Devin,Murphy,United States,3,4490.0,1496.6666666666667
26534.0,Fernando,Smith,United States,3,4490.0,1496.6666666666667
26611.0,Kayla,Henderson,United States,3,4490.0,1496.6666666666667
26642.0,Gabrielle,Evans,United States,3,4490.0,1496.6666666666667
27096.0,Chase,Watson,United States,3,4490.0,1496.6666666666667
27117.0,Jermaine,Prasad,United States,3,4490.0,1496.6666666666667
27273.0,Marcus,Miller,United States,3,4490.0,1496.6666666666667
27279.0,Katelyn,Brooks,United States,3,4490.0,1496.6666666666667
27407.0,Faith,Griffin,United States,3,4490.0,1496.6666666666667
27418.0,Mya,Coleman,United States,3,4490.0,1496.6666666666667
27427.0,Mason,Young,United States,3,4490.0,1496.6666666666667
27447.0,Miranda,Hayes,United States,3,4490.0,1496.6666666666667
27460.0,Grant,Goel,United States,3,4490.0,1496.6666666666667
27541.0,Samantha,Martin,United States,3,4490.0,1496.6666666666667
27568.0,Miguel,Evans,United States,3,4490.0,1496.6666666666667
27572.0,Isaiah,Carter,United States,3,4490.0,1496.6666666666667
27573.0,Hunter,Lal,United States,3,4490.0,1496.6666666666667
26342.0,Eduardo,Griffin,United States,4,4489.0,1122.25
12923.0,Fernando,Wright,United States,3,4487.0,1495.6666666666667
16596.0,Gabrielle,Carter,France,3,4487.0,1495.6666666666667
26313.0,Dalton,Simmons,United States,3,4487.0,1495.6666666666667
26603.0,Sheila,Ruiz,United States,3,4487.0,1495.6666666666667
11576.0,Micah,Zhu,France,3,4486.0,1495.3333333333333
15588.0,Kristy,Alvarez,Australia,4,4486.0,1121.5
15789.0,Steve,Schmidt,Australia,4,4486.0,1121.5
26301.0,Isaiah,Hall,United States,3,4484.0,1494.6666666666667
27287.0,Samuel,Perez,United States,3,4484.0,1494.6666666666667
27571.0,Shannon,Gao,United States,3,4484.0,1494.6666666666667
26727.0,Jose,Clark,United States,5,4482.0,896.4
27449.0,Bryan,Cox,United States,5,4482.0,896.4
17045.0,Derek,Goel,Australia,5,4480.0,896.0
17257.0,Darren,Rana,Australia,5,4480.0,896.0
17332.0,Jonathan,Green,Australia,5,4480.0,896.0
13292.0,Paula,Carlson,United States,3,4479.0,1493.0
13702.0,Jessie,Suarez,United States,3,4479.0,1493.0
13736.0,Cole,Rivera,United States,3,4479.0,1493.0
29274.0,Miguel,Green,United States,3,4479.0,1493.0
12863.0,Caleb,Zhang,Germany,8,4478.0,559.75
26325.0,Tyler,Robinson,United States,5,4478.0,895.6
26718.0,Richard,Flores,United States,5,4478.0,895.6
13351.0,Mariah,Cox,United States,2,4477.0,2238.5
13362.0,Destiny,Morgan,United States,2,4477.0,2238.5
13419.0,Lauren,Coleman,United States,2,4477.0,2238.5
13461.0,Anthony,Jones,United States,2,4477.0,2238.5
13724.0,Charles,Thompson,United States,2,4477.0,2238.5
12500.0,Kathleen,Vazquez,Germany,6,4475.0,745.8333333333334
21311.0,Jennifer,Ramirez,Canada,5,4473.0,894.6
12218.0,Mitchell,Xu,Germany,5,4472.0,894.4
16663.0,Rosa,Lu,Australia,4,4471.0,1117.75
16691.0,Paula,Romero,Australia,4,4471.0,1117.75
17229.0,Maria,Watson,Australia,4,4471.0,1117.75
17312.0,Mayra,Kovar,Australia,4,4471.0,1117.75
12237.0,Ruth,Madan,Germany,5,4470.0,894.0
15227.0,Harold,Malhotra,Australia,6,4470.0,745.0
28885.0,Kelvin,Raji,France,4,4470.0,1117.5
15586.0,Victor,Blanco,Australia,6,4469.0,744.8333333333334
26491.0,Riley,Sanchez,United States,5,4469.0,893.8
26532.0,Angela,Barnes,United States,4,4469.0,1117.25
26539.0,Faith,Hayes,United States,5,4469.0,893.8
27537.0,Amanda,Bryant,United States,4,4469.0,1117.25
15215.0,Alberto,Jiménez,Australia,6,4468.0,744.6666666666666
26247.0,Sophia,Turner,United States,3,4468.0,1489.3333333333333
26338.0,Anna,Coleman,United States,3,4468.0,1489.3333333333333
26490.0,Antonio,Simmons,United States,3,4468.0,1489.3333333333333
26530.0,Riley,Morgan,United States,3,4468.0,1489.3333333333333
26537.0,Wyatt,Perez,United States,3,4468.0,1489.3333333333333
26540.0,Jada,Sanchez,United States,3,4468.0,1489.3333333333333
26602.0,Noah,Yang,United States,3,4468.0,1489.3333333333333
26684.0,Dustin,Andersen,United States,3,4468.0,1489.3333333333333
26703.0,Wyatt,Miller,United States,3,4468.0,1489.3333333333333
27103.0,Chloe,Brooks,United States,3,4468.0,1489.3333333333333
27104.0,Randy,Zhu,United States,3,4468.0,1489.3333333333333
27199.0,Jesse,Wright,United States,3,4468.0,1489.3333333333333
27274.0,Marcus,Morris,United States,3,4468.0,1489.3333333333333
27446.0,Tyler,Jones,United States,3,4468.0,1489.3333333333333
27453.0,Carson,Henderson,United States,3,4468.0,1489.3333333333333
27539.0,Samuel,Winston,United States,3,4468.0,1489.3333333333333
27543.0,Katherine,Griffin,United States,3,4468.0,1489.3333333333333
14827.0,Ernest,Xu,Germany,4,4467.0,1116.75
15716.0,Roy,Madan,Australia,5,4467.0,893.4
17046.0,Preston,Sai,Australia,4,4467.0,1116.75
17326.0,Paul,Shakespear,Australia,3,4467.0,1489.0
26723.0,Devin,Kelly,United States,4,4467.0,1116.75
15180.0,Jillian,Suri,Australia,5,4466.0,893.2
15152.0,Meghan,Moreno,Australia,5,4465.0,893.0
11410.0,Maurice,Goel,France,5,4464.0,892.8
12860.0,Jillian,Prasad,United Kingdom,3,4464.0,1488.0
20051.0,Linda,Dominguez,Germany,9,4464.0,496.0
26320.0,Brianna,Diaz,United States,3,4464.0,1488.0
26324.0,Faith,Brooks,United States,3,4464.0,1488.0
26511.0,Charles,Weisman,United States,3,4464.0,1488.0
26538.0,Warren,Black,United States,3,4464.0,1488.0
26641.0,Arturo,Xie,United States,3,4464.0,1488.0
27097.0,Kaitlyn,Gonzales,United States,3,4464.0,1488.0
27114.0,Alexander,Thompson,United States,3,4464.0,1488.0
27116.0,Regina,Gonzalez,United States,3,4464.0,1488.0
27569.0,Jocelyn,Wood,United States,3,4464.0,1488.0
27439.0,Chase,Ramirez,United States,3,4462.0,1487.3333333333333
27521.0,Gabriel,Foster,United States,3,4462.0,1487.3333333333333
12827.0,Nicolas,Raje,Germany,4,4461.0,1115.25
11546.0,Christine,Chande,France,5,4460.0,892.0
12736.0,Diana,Ruiz,Germany,5,4460.0,892.0
12846.0,Bridget,Nara,Germany,5,4460.0,892.0
12856.0,Rosa,Lin,United Kingdom,5,4460.0,892.0
15596.0,Gilbert,Goel,Australia,6,4460.0,743.3333333333334
26292.0,Marty,Simpson,United States,5,4456.0,891.2
26319.0,Dylan,Martinez,United States,5,4456.0,891.2
26487.0,Vincent,Ma,United States,5,4456.0,891.2
26694.0,Aaron,Hughes,United States,5,4456.0,891.2
27574.0,Madeline,Hill,United States,5,4456.0,891.2
12270.0,Ebony,Ramos,Germany,4,4455.0,1113.75
26293.0,Casey,Carlson,United States,5,4455.0,891.0
26339.0,Cindy,James,United States,2,4455.0,2227.5
26650.0,Kevin,Collins,United States,2,4455.0,2227.5
26705.0,Eric,Jenkins,United States,2,4455.0,2227.5
26728.0,Elijah,Roberts,United States,5,4455.0,891.0
27106.0,Jennifer,Allen,United States,2,4455.0,2227.5
27107.0,Alexa,Stewart,United States,2,4455.0,2227.5
27195.0,Robert,Perez,United States,2,4455.0,2227.5
27291.0,Bobby,Mehta,United States,2,4455.0,2227.5
15785.0,Edwin,Zhang,Australia,4,4454.0,1113.5
11572.0,Billy,Moreno,France,6,4450.0,741.6666666666666
15181.0,Rosa,Huang,Australia,4,4448.0,1112.0
15722.0,Angela,Jenkins,Australia,4,4448.0,1112.0
15221.0,Troy,Arun,Australia,5,4447.0,889.4
27105.0,Sean,Perez,United States,4,4447.0,1111.75
27280.0,Naomi,Gutierrez,United States,4,4447.0,1111.75
27440.0,Trinity,Howard,United States,4,4447.0,1111.75
15207.0,Josue,Diaz,Australia,3,4446.0,1482.0
15751.0,Kristen,Xu,Australia,3,4446.0,1482.0
15178.0,Drew,Tang,Australia,4,4445.0,1111.25
15179.0,Jay,Rubio,Australia,5,4445.0,889.0
11409.0,Jacqueline,Hayes,France,5,4444.0,888.8
15204.0,Deanna,Gonzalez,Australia,5,4444.0,888.8
15723.0,Kate,Deng,Australia,5,4444.0,888.8
15802.0,Bridget,Kumar,Australia,5,4444.0,888.8
13557.0,Stacey,Liu,United Kingdom,4,4443.0,1110.75
14138.0,Vincent,He,Germany,5,4443.0,888.6
15733.0,Leslie,Ramos,Australia,6,4443.0,740.5
15788.0,Barbara,Li,Australia,4,4443.0,1110.75
26326.0,Trevor,Washington,United States,3,4442.0,1480.6666666666667
26604.0,Elizabeth,West,United States,3,4442.0,1480.6666666666667
26698.0,Brooke,Rivera,United States,3,4442.0,1480.6666666666667
26729.0,Brian,Gray,United States,3,4442.0,1480.6666666666667
27288.0,Destiny,Richardson,United States,3,4442.0,1480.6666666666667
27295.0,Wyatt,Taylor,United States,3,4442.0,1480.6666666666667
11336.0,Shaun,Raji,France,5,4441.0,888.2
12484.0,Lori,Suarez,Germany,6,4441.0,740.1666666666666
12712.0,Arthur,Romero,Germany,4,4441.0,1110.25
12713.0,Deborah,Xie,Germany,5,4441.0,888.2
14824.0,Miguel,Baker,Germany,4,4441.0,1110.25
15184.0,Mathew,Hernandez,Australia,5,4441.0,888.2
15756.0,Kari,Gutierrez,Australia,5,4441.0,888.2
17255.0,Carly,Nath,Australia,4,4441.0,1110.25
15590.0,Marshall,Wu,Australia,6,4440.0,740.0
11614.0,Katrina,Sharma,Germany,5,4438.0,887.6
12386.0,Katherine,Perry,Germany,5,4438.0,1109.5
12475.0,Logan,Carter,Germany,4,4438.0,1109.5
12521.0,Meredith,Dominguez,Germany,4,4438.0,1109.5
20375.0,Olivia,Perry,Canada,4,4438.0,1109.5
11378.0,Shannon,Liang,France,4,4436.0,1109.0
12275.0,Adriana,Madan,Germany,5,4435.0,887.0
21272.0,Nicole,Ward,Canada,5,4435.0,887.0
15205.0,Shawna,Black,Australia,5,4433.0,886.6
26327.0,Jack,Jai,United States,2,4433.0,2216.5
26649.0,Emily,Perry,United States,2,4433.0,2216.5
27073.0,Sydney,Sanders,United States,2,4433.0,2216.5
27074.0,Kristi,Sanchez,United States,2,4433.0,2216.5
17247.0,Michael,Moore,Australia,5,4432.0,886.4
15601.0,Naomi,Moreno,Australia,4,4430.0,1107.5
15719.0,Lacey,Liang,Australia,4,4430.0,1107.5
28674.0,Nathan,Yang,United States,5,4429.0,885.8
12826.0,Caleb,Gonzalez,Germany,5,4428.0,885.6
11379.0,Gary,Vazquez,France,4,4426.0,1106.5
12768.0,Johnathan,Chapman,United States,4,4426.0,1106.5
15734.0,Alicia,Lal,Australia,3,4426.0,1475.3333333333333
16701.0,Laura,Zheng,Australia,4,4426.0,1106.5
17069.0,Christy,Zheng,Australia,4,4426.0,1106.5
17249.0,Carl,Goel,Australia,4,4426.0,1106.5
17277.0,Nichole,Goel,Australia,4,4426.0,1106.5
17288.0,Dwayne,Torres,Australia,5,4426.0,885.2
15808.0,Natasha,Blanco,Australia,3,4424.0,1474.6666666666667
15587.0,Jessica,Ward,Australia,4,4423.0,1105.75
15799.0,Victoria,Anderson,Australia,4,4423.0,1105.75
12213.0,Alejandro,Lal,Germany,5,4419.0,883.8
12825.0,Kelvin,Hu,Germany,5,4419.0,883.8
12766.0,Jordyn,Bryant,United States,5,4417.0,883.4
14149.0,Donald,Srini,Germany,3,4417.0,1472.3333333333333
16712.0,Suzanne,Lu,Australia,3,4417.0,1472.3333333333333
17056.0,Shaun,Lal,Australia,3,4417.0,1472.3333333333333
17065.0,Cedric,Chen,Australia,3,4417.0,1472.3333333333333
17071.0,Tammy,Raji,Australia,3,4417.0,1472.3333333333333
17079.0,Tracy,Rai,Australia,3,4417.0,1472.3333333333333
17293.0,Alexandra,Allen,Australia,3,4417.0,1472.3333333333333
12276.0,Alisha,Shan,Germany,5,4416.0,883.2
12495.0,Lucas,Miller,Germany,5,4416.0,883.2
12501.0,Cory,Sai,Germany,5,4416.0,883.2
12546.0,Clarence,Andersen,Germany,5,4416.0,883.2
15589.0,Gilbert,He,Australia,5,4416.0,883.2
15725.0,Trevor,Price,Australia,5,4416.0,883.2
15754.0,Crystal,Xu,Australia,5,4416.0,883.2
11406.0,Latoya,Xu,France,6,4415.0,735.8333333333334
12229.0,Kari,Gomez,Germany,4,4415.0,1103.75
15797.0,Isaac,Cox,Australia,4,4415.0,1103.75
12855.0,Philip,Diaz,United Kingdom,5,4414.0,882.8
14838.0,Darren,Alvarez,Germany,5,4414.0,882.8
28871.0,Jasmine,West,United States,5,4414.0,882.8
11340.0,Melody,Munoz,France,5,4413.0,882.6
15764.0,Louis,Guo,Australia,3,4413.0,1471.0
12852.0,Teresa,Carlson,Germany,5,4411.0,882.2
15717.0,Alexia,Henderson,Australia,5,4411.0,882.2
16159.0,Mindy,Goldberg,Australia,5,4411.0,882.2
15752.0,Bobby,Rodriguez,Australia,5,4408.0,881.6
20470.0,Melissa,Gonzales,Canada,5,4408.0,881.6
20665.0,James,Evans,Canada,5,4408.0,881.6
11578.0,Trisha,Huang,France,4,4406.0,1101.5
12829.0,Micah,Li,Germany,5,4406.0,881.2
12850.0,Johnny,Raji,Germany,4,4406.0,1101.5
13808.0,Richard,Perez,Germany,4,4406.0,1101.5
14148.0,Shaun,Sharma,Germany,4,4406.0,1101.5
14167.0,Pamela,Subram,Germany,4,4406.0,1101.5
16708.0,Kellie,Sanz,Australia,4,4406.0,1101.5
20708.0,Devin,Thompson,Canada,4,4406.0,1101.5
11345.0,Robin,Ramos,France,3,4404.0,1468.0
11492.0,Terrence,Chander,Germany,3,4404.0,1468.0
12735.0,Donald,Mehta,Germany,3,4404.0,1468.0
13842.0,Kenneth,Xie,Germany,4,4404.0,1101.0
15755.0,Connor,Flores,Australia,3,4404.0,1468.0
16169.0,Dennis,Lin,Australia,3,4404.0,1468.0
16176.0,Michele,Torres,Australia,3,4404.0,1468.0
17259.0,Trisha,Wang,Australia,4,4404.0,1101.0
12228.0,Mayra,Martinez,Germany,3,4401.0,1467.0
12230.0,Wesley,Zheng,Germany,4,4401.0,1100.25
12266.0,Tiffany,Lin,Germany,3,4401.0,1467.0
12479.0,Priscilla,Tang,Germany,3,4401.0,1467.0
12487.0,Willie,Zhu,Germany,3,4401.0,1467.0
15225.0,Yolanda,Bhat,Australia,3,4401.0,1467.0
20483.0,Austin,Kumar,Canada,4,4400.0,1100.0
15218.0,Willie,Johnsen,Australia,3,4399.0,1466.3333333333333
15219.0,Clayton,Chen,Australia,3,4399.0,1466.3333333333333
15753.0,Margaret,Li,Australia,3,4399.0,1466.3333333333333
15800.0,Alberto,Serrano,Australia,3,4399.0,1466.3333333333333
28840.0,Valerie,Harrison,United States,4,4398.0,1099.5
29238.0,Xavier,Powell,United States,5,4398.0,879.6
13778.0,Roger,Huang,Germany,3,4397.0,1465.6666666666667
13789.0,Julie,Shan,Germany,3,4397.0,1465.6666666666667
13790.0,Nina,Deng,Germany,3,4397.0,1465.6666666666667
14137.0,Joy,Ruiz,Germany,3,4397.0,1465.6666666666667
14139.0,Meredith,Sai,Germany,3,4397.0,1465.6666666666667
14140.0,Meagan,Sai,Germany,3,4397.0,1465.6666666666667
14147.0,Marcus,Rivera,Germany,3,4397.0,1465.6666666666667
14541.0,Douglas,Kapoor,Germany,3,4397.0,1465.6666666666667
14709.0,Ian,Martin,Germany,3,4397.0,1465.6666666666667
14769.0,Jessica,Powell,Germany,3,4397.0,1465.6666666666667
14797.0,Steve,Gao,Germany,3,4397.0,1465.6666666666667
14822.0,Jessica,Martin,Germany,3,4397.0,1465.6666666666667
14834.0,Ebony,Jimenez,Germany,3,4397.0,1465.6666666666667
29279.0,Hailey,Turner,United States,6,4397.0,732.8333333333334
12861.0,Robyn,Jimenez,United Kingdom,5,4394.0,878.8
12858.0,Adriana,Mehta,Germany,3,4393.0,1464.3333333333333
13561.0,Gary,Navarro,United Kingdom,4,4393.0,1098.25
15185.0,Jonathan,Evans,Australia,3,4393.0,1464.3333333333333
15726.0,Faith,Barnes,Australia,4,4393.0,1098.25
15729.0,Mayra,Suri,Australia,3,4393.0,1464.3333333333333
28842.0,Nicole,Bailey,United States,6,4393.0,732.1666666666666
12839.0,Dominique,Fernandez,United Kingdom,5,4392.0,878.4
13774.0,Steve,Guo,Germany,4,4392.0,1098.0
14823.0,Nelson,Harrison,Germany,4,4392.0,1098.0
15171.0,Destiny,Jones,Australia,5,4392.0,878.4
17295.0,Victor,Sanz,Australia,4,4392.0,1098.0
21348.0,Alexis,Patterson,Canada,5,4392.0,878.4
11570.0,Kristin,Andersen,Germany,2,4391.0,2195.5
15170.0,Jermaine,Martinez,Australia,2,4391.0,2195.5
15182.0,Deanna,Srini,Australia,2,4391.0,2195.5
15226.0,Lori,Moreno,Australia,2,4391.0,2195.5
15597.0,Terry,Raji,Australia,2,4391.0,2195.5
16157.0,Cindy,Raman,Australia,2,4391.0,2195.5
17320.0,Alan,Zhu,Australia,4,4391.0,1097.75
11571.0,Joel,Sai,France,4,4390.0,1097.5
14800.0,Abby,Arthur,Germany,5,4390.0,878.0
29032.0,Taylor,Ramirez,United States,5,4389.0,877.8
29111.0,Dale,Anand,United States,5,4389.0,877.8
29252.0,Alex,Parker,United States,5,4389.0,877.8
29255.0,Kyle,Washington,United States,5,4389.0,877.8
17328.0,Michelle,Cox,Australia,4,4387.0,1096.75
16180.0,Kyle,Perez,Australia,5,4386.0,877.2
17242.0,Dale,Chande,Australia,5,4386.0,877.2
11590.0,Erika,Diaz,France,4,4384.0,1096.0
12747.0,Colleen,Hu,Germany,4,4384.0,1096.0
12857.0,Raul,Kumar,United Kingdom,4,4384.0,1096.0
15192.0,Tasha,Shan,Australia,4,4384.0,1096.0
15220.0,Micah,Liu,Australia,4,4384.0,1096.0
16675.0,Kristi,Arthur,Australia,5,4384.0,876.8
17240.0,Dustin,Luo,Australia,5,4384.0,876.8
29264.0,Riley,Brooks,United States,5,4384.0,876.8
14789.0,Rosa,Zhang,Germany,4,4382.0,1095.5
14801.0,Riley,Simmons,Germany,4,4382.0,1095.5
17048.0,Natasha,Gutierrez,Australia,3,4382.0,1460.6666666666667
17241.0,Omar,Chander,Australia,3,4382.0,1460.6666666666667
17248.0,Alicia,Beck,Australia,3,4382.0,1460.6666666666667
17278.0,Isabella,Price,Australia,3,4382.0,1460.6666666666667
17299.0,Jaclyn,Ferrier,Australia,3,4382.0,1460.6666666666667
11583.0,Karla,Xu,France,4,4381.0,1095.25
11613.0,Meredith,Prasad,Germany,4,4381.0,1095.25
12225.0,Kathleen,Ortega,Germany,4,4381.0,1095.25
15135.0,Derek,Kumar,Australia,4,4381.0,1095.25
15801.0,Katrina,Shen,Australia,4,4381.0,1095.25
11339.0,Dennis,She,France,3,4379.0,1459.6666666666667
11582.0,Claudia,Ma,France,3,4379.0,1459.6666666666667
12388.0,Casey,Kumar,Germany,3,4379.0,1459.6666666666667
12499.0,Heather,Wang,Germany,3,4379.0,1459.6666666666667
12624.0,Jamie,Xu,Germany,3,4379.0,1459.6666666666667
13829.0,Randall,Carlson,Germany,4,4379.0,1094.75
13836.0,Dominic,Sara,Germany,4,4379.0,1094.75
14772.0,Stacy,Torres,Germany,4,4379.0,1094.75
14795.0,Crystal,Gao,Germany,4,4379.0,1094.75
15767.0,George,Prasad,Australia,3,4379.0,1459.6666666666667
15784.0,Rebekah,Vazquez,Australia,3,4379.0,1459.6666666666667
17246.0,Micah,Wu,Australia,4,4379.0,1094.75
28673.0,Arianna,Reed,United States,4,4379.0,1094.75
16664.0,Sophia,Nelson,Australia,3,4377.0,1459.0
16707.0,Derrick,Serrano,Australia,3,4377.0,1459.0
12232.0,Sean,Hernandez,Germany,3,4376.0,1458.6666666666667
15732.0,Sandra,Zhu,Australia,3,4376.0,1458.6666666666667
15228.0,Jermaine,Raman,Australia,4,4375.0,1093.75
29138.0,Eduardo,Wood,United States,3,4374.0,1458.0
29222.0,Evan,Perez,United States,3,4374.0,1458.0
21138.0,Kaylee,Phillips,Canada,3,4371.0,1457.0
24666.0,Hannah,Martinez,Canada,3,4370.0,1456.6666666666667
28667.0,Devin,Williams,United States,3,4370.0,1456.6666666666667
11564.0,Jorge,Liang,Germany,2,4369.0,2184.5
11588.0,Candace,Mehta,France,2,4369.0,2184.5
13562.0,Bryant,Van,United Kingdom,2,4369.0,2184.5
15150.0,Colleen,Shan,Australia,3,4369.0,2184.5
15595.0,Andre,Sanchez,Australia,2,4369.0,2184.5
15765.0,Gilbert,Deng,Australia,2,4369.0,2184.5
15793.0,Renee,Navarro,Australia,2,4369.0,2184.5
16158.0,Kathleen,Gomez,Australia,2,4369.0,2184.5
17510.0,Jason,Butler,Australia,3,4369.0,1456.3333333333333
24759.0,Brooke,Stewart,Canada,5,4369.0,873.8
12226.0,Faith,Ward,Germany,5,4368.0,873.6
12548.0,Alexandra,Collins,Germany,5,4368.0,873.6
15145.0,Crystal,Lu,Australia,3,4368.0,1456.0
15183.0,Michele,Raji,Australia,3,4368.0,1456.0
24664.0,Ian,Washington,Canada,6,4368.0,728.0
12813.0,Reginald,Ramos,Germany,5,4367.0,873.4
12854.0,Reginald,Romero,United Kingdom,5,4367.0,873.4
15585.0,Roy,Garcia,Australia,5,4367.0,873.4
12378.0,Brianna,Sanchez,Germany,2,4366.0,2183.0
12867.0,Laura,Ye,Germany,2,4366.0,2183.0
15143.0,Kelvin,Wang,Australia,2,4366.0,2183.0
15223.0,Ebony,Martin,Australia,2,4366.0,2183.0
15757.0,Edwin,Ferrier,Australia,2,4366.0,2183.0
15786.0,Marshall,Andersen,Australia,3,4366.0,1455.3333333333333
19454.0,Roger,Sharma,Germany,6,4364.0,727.3333333333334
29167.0,Dawn,Shen,United States,6,4364.0,727.3333333333334
17256.0,Noah,Flores,Australia,4,4362.0,1090.5
17504.0,Anna,Williams,Australia,4,4362.0,1090.5
12833.0,Sheena,Goel,Germany,4,4359.0,1089.75
15724.0,Roger,She,Australia,4,4359.0,1089.75
13795.0,Carl,Raje,Germany,3,4357.0,1452.3333333333333
13844.0,Phillip,Mehta,Germany,3,4355.0,1451.6666666666667
14803.0,Stacy,Martin,Germany,3,4355.0,1451.6666666666667
14819.0,Dana,Ruiz,Germany,3,4355.0,1451.6666666666667
16662.0,Stacey,Gao,Australia,3,4355.0,1451.6666666666667
17294.0,Ruth,Arun,Australia,3,4355.0,1451.6666666666667
28672.0,Blake,Johnson,United States,3,4355.0,1451.6666666666667
28770.0,Sebastian,James,United States,3,4355.0,1451.6666666666667
28847.0,Carly,Xu,United States,3,4355.0,1451.6666666666667
28854.0,Morgan,Walker,United States,3,4355.0,1451.6666666666667
28859.0,Micah,Cai,United States,3,4355.0,1451.6666666666667
28869.0,Isabella,Howard,United States,3,4355.0,1451.6666666666667
29019.0,Isaiah,Morris,United States,3,4355.0,1451.6666666666667
29048.0,William,Harris,United States,3,4355.0,1451.6666666666667
29223.0,Angel,Phillips,United States,3,4355.0,1451.6666666666667
29237.0,Jennifer,Jenkins,United States,3,4355.0,1451.6666666666667
29242.0,Blake,Thomas,United States,3,4355.0,1451.6666666666667
29278.0,Janet,Scott,United States,3,4355.0,1451.6666666666667
12231.0,Isabelle,Patterson,Germany,3,4354.0,1451.3333333333333
12853.0,Evelyn,Malhotra,United Kingdom,3,4354.0,1451.3333333333333
24671.0,Christian,Perry,Canada,4,4354.0,1088.5
19439.0,Franklin,Xu,Germany,7,4350.0,621.4285714285714
24496.0,Katelyn,Mitchell,Canada,3,4349.0,1449.6666666666667
29128.0,Alyssa,Reed,United States,3,4349.0,1449.6666666666667
12764.0,Alexandra,Harris,United States,2,4347.0,2173.5
17047.0,Kendra,Rubio,Australia,2,4347.0,2173.5
17049.0,Krystal,Lu,Australia,2,4347.0,2173.5
17055.0,Willie,She,Australia,2,4347.0,2173.5
17232.0,Walter,Jimenez,Australia,2,4347.0,2173.5
17233.0,Michele,Raman,Australia,2,4347.0,2173.5
17258.0,Fernando,Green,Australia,2,4347.0,2173.5
17334.0,Luis,Lopez,Australia,2,4347.0,2173.5
19476.0,Sarah,Anderson,Germany,7,4347.0,621.0
15591.0,Darren,Srini,Australia,3,4346.0,1448.6666666666667
11382.0,Edward,Patterson,France,2,4344.0,2172.0
11470.0,Jay,Suarez,Germany,2,4344.0,2172.0
11561.0,Briana,Dominguez,Germany,2,4344.0,2172.0
11577.0,Janet,Serrano,France,2,4344.0,2172.0
11605.0,Heidi,Subram,Germany,2,4344.0,2172.0
15144.0,Deanna,Serrano,Australia,2,4344.0,2172.0
15151.0,Karl,Shen,Australia,2,4344.0,2172.0
15576.0,Carly,Raje,Australia,2,4344.0,2172.0
16156.0,Javier,Hernandez,Australia,2,4344.0,2172.0
24757.0,Alisha,She,Canada,5,4343.0,868.6
29168.0,Derrick,Romero,United States,5,4343.0,868.6
29239.0,Samantha,Miller,United States,5,4343.0,868.6
19438.0,Shannon,Hu,Germany,7,4338.0,619.7142857142857
28678.0,Ben,Adams,United States,4,4337.0,1084.25
28844.0,Emma,Rivera,United States,4,4337.0,1084.25
17824.0,Mario,Pal,Germany,6,4334.0,722.3333333333334
21980.0,Beth,Moreno,Australia,6,4334.0,722.3333333333334
24431.0,Abigail,Morgan,Canada,4,4334.0,1083.5
28841.0,Samuel,Gonzales,United States,4,4334.0,1083.5
28870.0,Brian,Watson,United States,4,4334.0,1083.5
29011.0,Allison,Roberts,United States,4,4334.0,1083.5
29166.0,Jaime,Hernandez,United States,4,4334.0,1083.5
29174.0,Richard,Parker,United States,4,4334.0,1083.5
29175.0,Sean,Rivera,United States,4,4334.0,1083.5
29201.0,Kara,Jai,United States,4,4334.0,1083.5
29203.0,Laura,Hu,United States,4,4334.0,1083.5
24344.0,Wayne,Chander,Canada,3,4329.0,1443.0
24392.0,Molly,Prasad,Canada,3,4329.0,1443.0
24418.0,Brandon,Garcia,Canada,3,4329.0,1443.0
28769.0,Brianna,Foster,United States,3,4329.0,1443.0
28828.0,Andrea,Murphy,United States,3,4329.0,1443.0
29236.0,Eric,Young,United States,3,4329.0,1443.0
29258.0,Makayla,James,United States,3,4329.0,1443.0
29275.0,Taylor,Thomas,United States,3,4329.0,1443.0
29276.0,Sydney,Flores,United States,3,4329.0,1443.0
19365.0,Wayne,Shan,Germany,8,4322.0,540.25
28671.0,Gabrielle,Russell,United States,2,4320.0,2160.0
28845.0,Kaitlyn,Simmons,United States,2,4320.0,2160.0
28846.0,Cynthia,Lopez,United States,2,4320.0,2160.0
29004.0,Andrew,Thomas,United States,2,4320.0,2160.0
29044.0,Olivia,Wilson,United States,2,4320.0,2160.0
29202.0,Jerry,Kumar,United States,2,4320.0,2160.0
29204.0,Austin,Sharma,United States,2,4320.0,2160.0
29221.0,Kelly,Bennett,United States,2,4320.0,2160.0
29225.0,Matthew,Lee,United States,2,4320.0,2160.0
29261.0,Robert,Turner,United States,2,4320.0,2160.0
29265.0,Marissa,Diaz,United States,2,4320.0,2160.0
19339.0,Lance,Gomez,Germany,6,4316.0,719.3333333333334
19420.0,Stanley,Raman,Germany,8,4315.0,539.375
19340.0,Renee,Dominguez,Germany,8,4314.0,539.25
19364.0,Alejandro,Nara,Germany,6,4313.0,718.8333333333334
19453.0,Veronica,Rana,Germany,7,4268.0,609.7142857142857
20993.0,Mitchell,Xie,Australia,5,4261.0,852.2
14945.0,Samantha,Lewis,Germany,4,4260.0,1065.0
17513.0,Micheal,Saunders,Australia,4,4260.0,1065.0
16944.0,Alejandro,Raji,Germany,5,4253.0,850.6
17779.0,Madison,Patterson,France,10,4249.0,424.9
19325.0,Kelli,Chen,Germany,5,4245.0,849.0
22951.0,Chelsea,Mehta,Australia,5,4242.0,848.4
20160.0,George,Garcia,Australia,6,4237.0,706.1666666666666
22178.0,Jessica,Bell,Australia,4,4233.0,1058.25
20818.0,Rachel,Powell,Australia,6,4231.0,705.1666666666666
21192.0,Regina,Sai,Australia,4,4229.0,1057.25
20816.0,Connor,Ross,Australia,6,4228.0,704.6666666666666
24598.0,Irma,Sherwood,Australia,5,4228.0,845.6
22230.0,Jordyn,Bennett,Canada,5,4223.0,844.6
16570.0,Julie,She,France,4,4219.0,1054.75
23408.0,Ivan,Perez,Australia,4,4218.0,1054.5
17741.0,Alvin,Xu,Germany,6,4217.0,702.8333333333334
18906.0,Adrienne,Gutierrez,Australia,6,4217.0,702.8333333333334
20823.0,Troy,Martinez,Australia,4,4217.0,1054.25
14978.0,Jamie,Ortega,Germany,6,4209.0,701.5
17898.0,Janet,Sanz,Germany,5,4208.0,841.6
21189.0,Desiree,Rubio,Australia,5,4208.0,841.6
22958.0,Brandy,Fernandez,Australia,5,4208.0,841.6
23421.0,Willie,Yuan,Australia,5,4208.0,841.6
20418.0,Joe,Vazquez,Australia,4,4207.0,1051.75
22940.0,Briana,Ashe,Australia,4,4207.0,1051.75
23665.0,Crystal,Yang,Australia,4,4207.0,1051.75
24303.0,Megan,Diaz,Australia,4,4207.0,1051.75
15050.0,Joshua,Miller,Germany,4,4206.0,1051.5
17873.0,Alejandro,She,Germany,4,4203.0,1050.75
17742.0,Randall,Romero,Germany,3,4198.0,1399.3333333333333
21229.0,Latoya,Jai,Australia,3,4198.0,1399.3333333333333
21976.0,Jacqueline,Torres,Australia,3,4198.0,1399.3333333333333
23538.0,Carlos,Evans,Australia,3,4198.0,1399.3333333333333
23645.0,Curtis,Zheng,Australia,3,4198.0,1399.3333333333333
16493.0,Brenda,Fernandez,Australia,3,4197.0,1399.0
20990.0,Mayra,Raman,Australia,6,4196.0,699.3333333333334
14967.0,Bridget,Xu,Germany,4,4194.0,1048.5
17086.0,Xavier,Anderson,Germany,3,4194.0,1398.0
17980.0,Paige,Hughes,Germany,3,4194.0,1398.0
22988.0,Patricia,Madan,Australia,3,4194.0,1398.0
24371.0,Leslie,Navarro,Australia,4,4193.0,1048.25
20994.0,Autumn,Ma,Australia,6,4191.0,698.5
14927.0,Chelsea,Martinez,Germany,4,4190.0,1047.5
22748.0,Adam,Phillips,Canada,4,4188.0,1047.0
21710.0,Brittany,Gonzales,Canada,5,4187.0,837.4
18902.0,Steve,Chen,Australia,5,4186.0,837.2
20814.0,Margaret,Lu,Australia,5,4186.0,837.2
14979.0,Rodney,Serrano,Germany,5,4183.0,836.6
16685.0,Robin,Dominguez,Australia,5,4183.0,836.6
22114.0,Lucas,Martin,Canada,5,4183.0,836.6
20819.0,Raymond,Madan,Australia,3,4182.0,1394.0
24661.0,Madison,Jones,Canada,3,4182.0,1394.0
17107.0,Priscilla,Yuan,Germany,3,4179.0,1393.0
17651.0,Ethan,Butler,France,9,4179.0,464.3333333333333
17777.0,Armando,Alvarez,Germany,3,4179.0,1393.0
22937.0,Jose,Baker,Australia,3,4179.0,1393.0
22954.0,Justin,Thompson,Australia,3,4179.0,1393.0
23432.0,Jordan,Roberts,Australia,3,4179.0,1393.0
23534.0,Ashlee,Luo,Australia,3,4179.0,1393.0
23659.0,Drew,Shan,Australia,3,4179.0,1393.0
24367.0,Ross,Sara,Australia,3,4179.0,1393.0
24481.0,Dennis,Sun,Australia,3,4179.0,1393.0
15055.0,Patrick,Torres,Germany,3,4178.0,1392.6666666666667
20983.0,Meredith,Vance,Australia,5,4178.0,835.6
20423.0,Alicia,Goel,Australia,4,4177.0,1044.25
16484.0,Dustin,Lal,Australia,5,4175.0,835.0
17778.0,Kari,Prasad,France,6,4175.0,695.8333333333334
21984.0,Kristy,Suarez,Australia,5,4175.0,835.0
24480.0,Kelli,Liu,Australia,5,4175.0,835.0
14990.0,Nelson,Ramos,Germany,4,4173.0,1043.25
16345.0,Francis,Ramos,Australia,4,4173.0,1043.25
17629.0,Tabitha,Torres,Germany,4,4173.0,1043.25
22934.0,Tonya,Kumar,Australia,4,4173.0,1043.25
22938.0,Hector,Blanco,Australia,4,4173.0,1043.25
24378.0,Brandi,Jiménez,Australia,4,4173.0,1043.25
18203.0,Louis,Kumar,Australia,3,4172.0,1390.6666666666667
21230.0,Carla,Rodriguez,Australia,4,4171.0,1042.75
17512.0,Cesar,Suri,Australia,4,4170.0,1042.5
21191.0,Willie,Lu,Australia,3,4169.0,1389.6666666666667
22907.0,Barry,Sai,Australia,3,4169.0,1389.6666666666667
22932.0,Maurice,Jai,Australia,3,4169.0,1389.6666666666667
24596.0,Heather,Zhao,Australia,3,4168.0,1389.3333333333333
18907.0,Priscilla,Nara,Australia,5,4167.0,833.4
19766.0,Edwin,Lin,Australia,5,4167.0,833.4
19771.0,Tasha,Jai,Australia,5,4167.0,833.4
20159.0,Ernest,Zhu,Australia,5,4167.0,833.4
22041.0,Paige,Morris,Canada,5,4167.0,833.4
22267.0,Brianna,Rodriguez,Canada,5,4167.0,833.4
23348.0,Tiffany,Chen,Australia,5,4167.0,833.4
21939.0,Thomas,Roberts,Canada,4,4163.0,1040.75
22050.0,Richard,Bailey,Canada,5,4160.0,832.0
16684.0,Joel,Perez,Australia,4,4158.0,1039.5
17834.0,Michele,Gill,France,8,4158.0,519.75
17902.0,Ruth,Lopez,Germany,4,4158.0,1039.5
22117.0,Sydney,Perez,Canada,4,4158.0,1039.5
22118.0,Jennifer,Parker,Canada,4,4158.0,1039.5
23431.0,Margaret,Guo,Australia,4,4158.0,1039.5
24307.0,Tina,Sara,Australia,4,4158.0,1039.5
16686.0,Kristine,Alonso,Australia,5,4157.0,831.4
18201.0,Karla,Xie,Australia,5,4157.0,831.4
15054.0,Roger,Anand,Germany,5,4155.0,831.0
14951.0,Katie,Rai,Germany,3,4153.0,1384.3333333333333
14952.0,Holly,Srini,Germany,3,4153.0,1384.3333333333333
17635.0,Terry,Deng,Germany,3,4153.0,1384.3333333333333
19271.0,Kristopher,Fernandez,Australia,3,4153.0,1384.3333333333333
19763.0,Roger,Lu,Australia,3,4153.0,1384.3333333333333
20154.0,Raul,Luo,Australia,3,4153.0,1384.3333333333333
20158.0,Rodney,Blanco,Australia,3,4153.0,1384.3333333333333
20984.0,Sabrina,Rubio,Australia,3,4153.0,1384.3333333333333
23859.0,Megan,Anderson,Canada,3,4153.0,1384.3333333333333
20151.0,Jamie,Guo,Australia,5,4152.0,830.4
17511.0,Tabitha,Subram,Australia,5,4150.0,830.0
18200.0,Alfredo,Gomez,Australia,5,4150.0,830.0
20996.0,Keith,Shan,Australia,5,4149.0,829.8
20989.0,Cassandra,Sara,Australia,4,4148.0,1037.0
22713.0,Joseph,Miller,Canada,4,4148.0,1037.0
14956.0,Krista,Romero,Germany,4,4145.0,1036.25
18193.0,Louis,Yuan,Australia,4,4145.0,1036.25
22299.0,Richard,Murphy,Canada,4,4145.0,1036.25
17096.0,Samantha,Bennett,Germany,2,4144.0,2072.0
17847.0,Logan,Lee,Germany,2,4144.0,2072.0
17998.0,Tammy,Weber,Germany,2,4144.0,2072.0
21195.0,Rafael,Xu,Australia,2,4144.0,2072.0
21199.0,Ruth,Raman,Australia,2,4144.0,2072.0
21257.0,Evelyn,Subram,Australia,2,4144.0,2072.0
21983.0,Glenn,Liang,Australia,2,4144.0,2072.0
22030.0,Barbara,Shen,Australia,2,4144.0,2072.0
22943.0,Timothy,Parker,Australia,2,4144.0,2072.0
23120.0,Javier,Browning,Australia,2,4144.0,2072.0
23121.0,Danny,Ramos,Australia,2,4144.0,2072.0
23331.0,Jeremiah,Gray,Australia,2,4144.0,2072.0
23332.0,Martin,Garcia,Australia,2,4144.0,2072.0
23420.0,Mario,Moyer,Australia,2,4144.0,2072.0
23539.0,Darren,Munoz,Australia,2,4144.0,2072.0
23648.0,Karla,Chander,Australia,2,4144.0,2072.0
23655.0,Grace,Murphy,Australia,2,4144.0,2072.0
23656.0,Naomi,Ramos,Australia,2,4144.0,2072.0
24300.0,Naomi,Gomez,Australia,2,4144.0,2072.0
24301.0,Tasha,Rai,Australia,2,4144.0,2072.0
24366.0,Melvin,Luo,Australia,2,4144.0,2072.0
24458.0,Frederick,Rodriguez,Australia,2,4144.0,2072.0
24468.0,Whitney,Patel,Australia,2,4144.0,2072.0
24586.0,Jerry,Luo,Australia,2,4144.0,2072.0
14997.0,Angel,Cooper,Germany,3,4143.0,1381.0
15073.0,Tasha,Chander,Germany,2,4143.0,2071.5
17515.0,Lacey,Li,Australia,2,4143.0,2071.5
18198.0,Cedric,Xu,Australia,3,4143.0,1381.0
18202.0,Erika,Gill,Australia,2,4143.0,2071.5
18903.0,Louis,Zeng,Australia,4,4143.0,1035.75
20820.0,Kathleen,Rubio,Australia,4,4143.0,1035.75
21659.0,Gabrielle,Jenkins,Canada,4,4143.0,1035.75
24386.0,Isabella,Walker,Canada,4,4143.0,1035.75
17514.0,Cedric,Zhou,Australia,5,4142.0,828.4
20152.0,Rafael,She,Australia,3,4142.0,1380.6666666666667
21921.0,Lucas,Collins,Canada,3,4142.0,1380.6666666666667
22128.0,Melissa,Perry,Canada,5,4142.0,828.4
22008.0,Alisha,Ye,Canada,5,4141.0,828.2
20156.0,Jay,Madan,Australia,3,4139.0,1379.6666666666667
20426.0,Johnathan,Perez,Australia,3,4139.0,1379.6666666666667
20992.0,Julio,Serrano,Australia,3,4139.0,1379.6666666666667
20822.0,Shannon,Ruiz,Australia,5,4134.0,826.8
15063.0,Kari,Malhotra,Germany,4,4133.0,1033.25
18196.0,Ivan,Rana,Australia,4,4133.0,1033.25
18204.0,Tiffany,Cai,Australia,4,4133.0,1033.25
22732.0,Sean,Turner,Canada,4,4133.0,1033.25
18900.0,Mathew,Torres,Australia,4,4132.0,1033.0
19264.0,Kristopher,Gonzalez,Australia,4,4132.0,1033.0
19765.0,Ruben,Patel,Australia,4,4132.0,1033.0
20420.0,Evelyn,Mehta,Australia,4,4132.0,1033.0
20424.0,Marie,Romero,Australia,4,4132.0,1033.0
20987.0,Marshall,Zeng,Australia,4,4132.0,1033.0
21727.0,Arianna,Flores,Canada,4,4132.0,1033.0
19270.0,Shawn,Shen,Australia,3,4127.0,1375.6666666666667
19770.0,Rosa,Liang,Australia,3,4127.0,1375.6666666666667
20812.0,Preston,Prasad,Australia,3,4127.0,1375.6666666666667
20995.0,Danny,Suarez,Australia,3,4127.0,1375.6666666666667
21741.0,Alexa,Sanders,Canada,3,4127.0,1375.6666666666667
17647.0,Molly,Lopez,France,5,4122.0,824.4
17648.0,Gilbert,Sharma,France,7,4122.0,588.8571428571429
17766.0,Jake,Xu,France,5,4119.0,823.8
14969.0,Julio,Vazquez,Germany,2,4118.0,2059.0
16483.0,Warren,Jai,Australia,2,4118.0,2059.0
18189.0,Nancy,Mehta,Australia,2,4118.0,2059.0
18899.0,Glenn,Liu,Australia,2,4118.0,2059.0
19269.0,Kathleen,Navarro,Australia,2,4118.0,2059.0
20157.0,Riley,Reed,Australia,2,4118.0,2059.0
20416.0,Dale,Goel,Australia,2,4118.0,2059.0
20425.0,Sabrina,Torres,Australia,2,4118.0,2059.0
20815.0,Tracy,Andersen,Australia,2,4118.0,2059.0
20817.0,Geoffrey,Rodriguez,Australia,2,4118.0,2059.0
20821.0,Hany,Morcos,Australia,2,4118.0,2059.0
20985.0,Autumn,Liu,Australia,2,4118.0,2059.0
20988.0,Anna,Martin,Australia,2,4118.0,2059.0
20991.0,Frederick,Sai,Australia,2,4118.0,2059.0
21768.0,Cole,Watson,Canada,2,4118.0,2059.0
21813.0,Dalton,Brown,Canada,2,4118.0,2059.0
22058.0,Jake,Zukowski,Canada,2,4118.0,2059.0
17780.0,Alisha,Huang,France,4,4112.0,1028.0
17767.0,Tommy,Raje,France,5,4101.0,820.2
12253.0,Jenny,Sun,Australia,6,4067.0,677.8333333333334
12021.0,Deborah,Yuan,Australia,5,4044.0,808.8
23410.0,Carrie,Alvarez,Australia,5,4017.0,803.4
24597.0,Lee,Dominguez,Australia,7,4010.0,572.8571428571429
29400.0,Marvin,Browning,Germany,5,3993.0,798.6
29403.0,Erik,Romero,Germany,6,3992.0,665.3333333333334
23593.0,Krystal,Zhou,Australia,6,3990.0,665.0
12241.0,Kristine,Sandberg,Australia,4,3989.0,997.25
22909.0,Tommy,Goel,Australia,5,3981.0,796.2
23653.0,Devin,Campbell,Australia,5,3976.0,795.2
22942.0,Brittney,She,Australia,4,3972.0,993.0
23544.0,Misty,Raje,Australia,6,3971.0,661.8333333333334
24381.0,Danny,Serrano,Australia,5,3971.0,794.2
12245.0,Francisco,Gonzalez,Australia,4,3967.0,991.75
24364.0,Henry,Prasad,Australia,5,3966.0,793.2
12240.0,Clayton,Sharma,Australia,2,3965.0,1982.5
12250.0,Andrea,Collins,Australia,2,3965.0,1982.5
29398.0,Bruce,Suri,Germany,3,3964.0,1321.3333333333333
16046.0,Robyn,Gomez,United Kingdom,4,3962.0,990.5
17945.0,Julio,Rubio,Germany,4,3961.0,990.25
22939.0,Rebekah,Arthur,Australia,4,3961.0,990.25
23661.0,Abigail,Washington,Australia,4,3961.0,990.25
24459.0,Kristin,Carson,Australia,4,3961.0,990.25
23106.0,Kathryn,Yuan,Australia,6,3956.0,659.3333333333334
22935.0,Tamara,Shen,Australia,5,3952.0,790.4
23425.0,Rachael,Lopez,Australia,5,3952.0,790.4
23436.0,Tanya,Munoz,Australia,5,3951.0,790.2
12013.0,Kayla,Lewis,Australia,3,3950.0,1316.6666666666667
12014.0,Devin,Sanders,Australia,3,3950.0,1316.6666666666667
29391.0,Ebony,Chandra,Germany,3,3950.0,1316.6666666666667
12242.0,Gilbert,Liang,Australia,3,3949.0,1316.3333333333333
12246.0,Shawn,Luo,Australia,5,3947.0,789.4
21996.0,Amy,Gao,Australia,5,3947.0,789.4
22936.0,Jill,Diaz,Australia,5,3947.0,789.4
24283.0,Aimee,Zheng,Australia,5,3947.0,789.4
24304.0,Beth,Serrano,Australia,5,3947.0,789.4
24368.0,Ebony,Prasad,Australia,5,3947.0,789.4
23119.0,Gilbert,Zhao,Australia,4,3946.0,986.5
23649.0,Naomi,Ruiz,Australia,4,3946.0,986.5
24305.0,Warren,Chow,Australia,4,3946.0,986.5
24377.0,Richard,Wood,Australia,4,3946.0,986.5
24475.0,Gilbert,Zhou,Australia,4,3946.0,986.5
17761.0,Kristopher,Sai,Germany,4,3942.0,985.5
17952.0,Brendan,Beck,Germany,4,3942.0,985.5
18045.0,Toni,Arun,Germany,4,3942.0,985.5
22987.0,Jerome,Dominguez,Australia,4,3942.0,985.5
23664.0,Sandra,Guo,Australia,4,3942.0,985.5
12248.0,Devin,Taylor,Australia,2,3940.0,1970.0
12252.0,Omar,Liu,Australia,5,3939.0,787.8
16569.0,Colleen,Li,France,3,3937.0,1312.3333333333333
17762.0,Rachel,Rodriguez,Germany,3,3937.0,1312.3333333333333
17789.0,Kari,Dominguez,Germany,3,3937.0,1312.3333333333333
21222.0,Kelvin,Xu,Australia,3,3937.0,1312.3333333333333
21228.0,Cassidy,Henderson,Australia,3,3937.0,1312.3333333333333
21231.0,Christine,Goel,Australia,3,3937.0,1312.3333333333333
21258.0,Alfredo,Serrano,Australia,3,3937.0,1312.3333333333333
21979.0,Philip,Gutierrez,Australia,3,3937.0,1312.3333333333333
21985.0,Eddie,Torres,Australia,3,3937.0,1312.3333333333333
22926.0,Keith,Yuan,Australia,3,3937.0,1312.3333333333333
23116.0,Jerome,Vazquez,Australia,3,3937.0,1312.3333333333333
23343.0,Bruce,Rubio,Australia,3,3937.0,1312.3333333333333
23423.0,Adam,Powell,Australia,3,3937.0,1312.3333333333333
23429.0,Jenny,Kumar,Australia,3,3937.0,1312.3333333333333
23640.0,Bruce,Jiménez,Australia,3,3937.0,1312.3333333333333
23658.0,Ross,Arun,Australia,3,3937.0,1312.3333333333333
29399.0,Janet,Gomez,Germany,3,3936.0,1312.0
17947.0,Erick,Srini,Germany,3,3933.0,1311.0
17963.0,Natalie,Collins,Germany,3,3933.0,1311.0
17989.0,Tiffany,Sun,Germany,3,3933.0,1311.0
21200.0,Alison,Kumar,Australia,3,3933.0,1311.0
17941.0,David,Jenkins,Germany,5,3932.0,786.4
23117.0,Bruce,Sanz,Australia,5,3932.0,786.4
16937.0,Craig,Rubio,France,4,3927.0,981.75
17765.0,Valerie,Zhang,Germany,4,3927.0,981.75
12251.0,Troy,Suri,Australia,3,3925.0,1308.3333333333333
17796.0,Eduardo,Taylor,Germany,5,3921.0,784.2
17848.0,Jaime,Yuan,Germany,3,3918.0,1306.0
17928.0,Terrence,She,Germany,3,3918.0,1306.0
18027.0,Alexia,Griffin,Germany,3,3918.0,1306.0
21197.0,Sheena,Pal,Australia,3,3918.0,1306.0
21256.0,Meghan,Torres,Australia,3,3918.0,1306.0
22004.0,Meghan,Ortega,Australia,3,3918.0,1306.0
22033.0,Marshall,Zhao,Australia,3,3918.0,1306.0
22933.0,Kelli,Chande,Australia,3,3918.0,1306.0
22950.0,Nicole,Cox,Australia,3,3918.0,1306.0
22959.0,Julie,Yuan,Australia,3,3918.0,1306.0
22966.0,Jodi,Chapman,Australia,3,3918.0,1306.0
23409.0,Brad,Raji,Australia,3,3918.0,1306.0
23435.0,Rosa,Chen,Australia,3,3918.0,1306.0
23533.0,Rafael,Nath,Australia,3,3918.0,1306.0
23651.0,Marvin,Alvarez,Australia,3,3918.0,1306.0
23660.0,Christy,Tang,Australia,3,3918.0,1306.0
23662.0,Cynthia,Sanchez,Australia,3,3918.0,1306.0
24282.0,Damien,Raji,Australia,3,3918.0,1306.0
24463.0,Kristen,Zheng,Australia,3,3918.0,1306.0
12243.0,Kristy,Rubio,Australia,2,3915.0,1957.5
22927.0,Jon,Guo,Australia,5,3914.0,782.8
23118.0,Monique,Moreno,Australia,5,3914.0,782.8
21194.0,Tara,Nara,Australia,4,3912.0,978.0
22946.0,Bryant,Kapoor,Australia,4,3912.0,978.0
23422.0,Casey,Alonso,Australia,4,3912.0,978.0
24590.0,Diana,Alonso,Australia,4,3912.0,978.0
20716.0,Kristina,Arun,Germany,6,3911.0,651.8333333333334
17769.0,Nathan,Martin,Germany,4,3910.0,977.5
17799.0,Alejandro,Guo,Germany,3,3908.0,1302.6666666666667
21259.0,Curtis,Cai,Australia,3,3908.0,1302.6666666666667
23652.0,Roger,Goel,Australia,3,3908.0,1302.6666666666667
17768.0,Luis,Parker,Germany,3,3907.0,1302.3333333333333
17934.0,Nelson,Gill,Germany,3,3907.0,1302.3333333333333
21193.0,Philip,Hernandez,Australia,5,3906.0,781.2
22953.0,Barbara,Liang,Australia,4,3900.0,975.0
17764.0,Terrance,Garcia,Germany,4,3897.0,974.25
17929.0,Alfredo,Rubio,Germany,4,3897.0,974.25
17942.0,Steven,Watson,Germany,4,3897.0,974.25
22031.0,Jorge,Cai,Australia,4,3897.0,974.25
23107.0,Michele,Kumar,Australia,4,3897.0,974.25
24592.0,Jay,Martinez,Australia,4,3897.0,974.25
17082.0,Morgan,Smith,Germany,3,3892.0,1297.3333333333333
17784.0,Mayra,Patel,Germany,3,3892.0,1297.3333333333333
22961.0,Nina,She,Australia,3,3892.0,1297.3333333333333
17722.0,Jerome,Serrano,Germany,2,3883.0,1941.5
17893.0,Omar,Rai,Germany,2,3883.0,1941.5
17940.0,Tommy,Yuan,Germany,2,3883.0,1941.5
17946.0,Jocelyn,Washington,Germany,2,3883.0,1941.5
21180.0,Katherine,Flores,Australia,2,3883.0,1941.5
21206.0,Roberto,Moreno,Australia,2,3883.0,1941.5
21982.0,Deborah,Lal,Australia,2,3883.0,1941.5
21986.0,Kristi,Chapman,Australia,2,3883.0,1941.5
22032.0,Ivan,Fernandez,Australia,2,3883.0,1941.5
22910.0,Latoya,Tang,Australia,2,3883.0,1941.5
22931.0,Logan,Johnson,Australia,2,3883.0,1941.5
23344.0,Sharon,Xu,Australia,2,3883.0,1941.5
23433.0,Pedro,Muñoz,Australia,2,3883.0,1941.5
23434.0,Katie,Nath,Australia,2,3883.0,1941.5
23545.0,Lacey,Liu,Australia,2,3883.0,1941.5
23663.0,Neil,Dominguez,Australia,2,3883.0,1941.5
24302.0,Cesar,Kapoor,Australia,2,3883.0,1941.5
24474.0,Rosa,Guo,Australia,2,3883.0,1941.5
24482.0,Roy,Ramos,Australia,2,3883.0,1941.5
24587.0,Suzanne,Sun,Australia,2,3883.0,1941.5
24601.0,Natasha,Munoz,Australia,2,3883.0,1941.5
24602.0,Preston,Garcia,Australia,2,3883.0,1941.5
14010.0,Thomas,Moore,Australia,4,3861.0,965.25
15014.0,Warren,Liu,Australia,6,3860.0,643.3333333333334
15037.0,Jaime,Raji,Australia,5,3856.0,771.2
15043.0,Joel,Gonzalez,Australia,4,3846.0,961.5
14128.0,Ian,Harris,Australia,5,3836.0,767.2
14134.0,Cassandra,Fernandez,Australia,4,3835.0,958.75
14011.0,Roger,Shen,Australia,4,3831.0,957.75
16025.0,Jorge,Sun,Australia,4,3831.0,957.75
15028.0,Tabitha,Alvarez,Australia,3,3826.0,1275.3333333333333
15029.0,Alejandro,Ye,Australia,3,3826.0,1275.3333333333333
15041.0,Michele,Goel,Australia,3,3826.0,1275.3333333333333
16027.0,Anne,Vazquez,Australia,3,3826.0,1275.3333333333333
14130.0,Rebekah,Serrano,Australia,5,3814.0,762.8
14127.0,Lacey,Zhang,Australia,4,3809.0,952.25
14131.0,Javier,Navarro,Australia,3,3807.0,1269.0
14523.0,Lydia,Fernandez,Australia,3,3807.0,1269.0
15040.0,George,Lopez,Australia,3,3807.0,1269.0
15042.0,Bryant,Perez,Australia,3,3807.0,1269.0
15643.0,Omar,Raji,Australia,3,3807.0,1269.0
15648.0,Edgar,Gonzalez,Australia,3,3807.0,1269.0
16028.0,Cody,Cooper,Australia,3,3807.0,1269.0
16029.0,Abby,Patel,Australia,3,3807.0,1269.0
14132.0,Brandon,Ross,Australia,3,3804.0,1268.0
15015.0,Randy,Liu,Australia,3,3804.0,1268.0
15439.0,Mason,Evans,Australia,3,3804.0,1268.0
15646.0,Emma,Kelly,Australia,3,3804.0,1268.0
16026.0,Byron,Jiménez,Australia,3,3804.0,1268.0
15044.0,Valerie,Hu,Australia,5,3803.0,760.6
15644.0,Savannah,Gonzalez,Australia,5,3803.0,760.6
16045.0,Evelyn,Sara,United Kingdom,6,3802.0,633.6666666666666
15435.0,Geoffrey,Raman,Australia,4,3801.0,950.25
15032.0,Meredith,Suarez,Australia,3,3800.0,1266.6666666666667
15033.0,Dana,Moreno,Australia,3,3797.0,1265.6666666666667
14316.0,Leonard,Anand,Australia,10,3796.0,379.6
15438.0,Arthur,Rodriguez,Australia,5,3788.0,757.6
15030.0,Jeffery,Zheng,Australia,4,3786.0,946.5
15036.0,Derek,She,Australia,3,3785.0,1261.6666666666667
15645.0,Javier,Gill,Australia,3,3785.0,1261.6666666666667
14007.0,Rebekah,Garcia,Australia,2,3772.0,1886.0
14125.0,Shane,Gonzalez,Australia,2,3772.0,1886.0
15035.0,Jay,Mehta,Australia,2,3772.0,1886.0
15262.0,Jan,Gonzalez,Australia,2,3772.0,1886.0
15425.0,Tina,Sai,Australia,2,3772.0,1886.0
15436.0,Patricia,Suri,Australia,2,3772.0,1886.0
15642.0,Cara,Gao,Australia,2,3772.0,1886.0
14133.0,Ricardo,Kumar,Australia,4,3764.0,941.0
15647.0,Dawn,He,Australia,4,3764.0,941.0
14855.0,Deanna,Weber,Australia,3,3759.0,1253.0
16054.0,Hector,Ortega,United Kingdom,6,3759.0,626.5
16053.0,Frederick,Perez,United Kingdom,5,3752.0,750.4
14129.0,Monica,Martinez,Australia,2,3750.0,1875.0
15038.0,Cedric,Yang,Australia,2,3750.0,1875.0
16031.0,Ian,Allen,Australia,2,3750.0,1875.0
16033.0,Erica,Lin,United Kingdom,4,3743.0,935.75
14260.0,Frank,Ruiz,Australia,6,3715.0,619.1666666666666
24604.0,Melvin,Rai,Australia,6,3681.0,613.5
14101.0,Franklin,Lal,Australia,7,3679.0,525.5714285714286
14102.0,Lisa,Huang,Australia,6,3666.0,611.0
16011.0,Maria,Murphy,Canada,6,3657.0,609.5
14306.0,Byron,Ramos,Australia,6,3652.0,608.6666666666666
14305.0,Brendan,Shen,Australia,7,3651.0,521.5714285714286
14345.0,Kristi,Rodriguez,Australia,5,3639.0,727.8
14303.0,Briana,Ramos,Australia,5,3636.0,727.2
14259.0,Antonio,Flores,Australia,4,3630.0,907.5
24605.0,Roger,Wang,Australia,5,3627.0,725.4
23540.0,Bruce,Lopez,Australia,4,3626.0,906.5
24360.0,Carolyn,Diaz,Australia,4,3626.0,906.5
24502.0,Deb,Price,Australia,4,3622.0,905.5
23413.0,Max,Ortega,Australia,3,3617.0,1205.6666666666667
23529.0,Kendra,Munoz,Australia,3,3617.0,1205.6666666666667
23572.0,Donna,Pal,Australia,3,3617.0,1205.6666666666667
24244.0,Anne,Serrano,Australia,3,3617.0,1205.6666666666667
24462.0,Donald,Fernandez,Australia,3,3617.0,1205.6666666666667
24503.0,Laura,Ma,Australia,3,3617.0,1205.6666666666667
14066.0,Melody,Jimenez,Australia,8,3611.0,451.375
14103.0,Monique,Blanco,Australia,7,3611.0,515.8571428571429
24362.0,Marc,Vazquez,Australia,5,3600.0,720.0
23416.0,Kristin,Shan,Australia,3,3598.0,1199.3333333333333
23524.0,Ronnie,Yang,Australia,3,3598.0,1199.3333333333333
23547.0,Francis,Serrano,Australia,3,3598.0,1199.3333333333333
14304.0,Jacquelyn,Jimenez,Australia,4,3595.0,898.75
23415.0,Kristi,Moreno,Australia,3,3588.0,1196.0
23412.0,Dalton,Coleman,Australia,5,3586.0,717.2
14346.0,Evelyn,Perez,Australia,3,3582.0,1194.0
22971.0,Morgan,Howard,Canada,1,3578.0,3578.0
22975.0,Courtney,Turner,Canada,1,3578.0,3578.0
23566.0,Benjamin,Shan,Canada,1,3578.0,3578.0
23806.0,Olivia,Foster,Canada,1,3578.0,3578.0
24491.0,Kaitlyn,Russell,Canada,1,3578.0,3578.0
24493.0,Seth,Bennett,Canada,1,3578.0,3578.0
24501.0,Victoria,Garcia,Canada,1,3578.0,3578.0
24646.0,Juan,Murphy,Canada,1,3578.0,3578.0
27577.0,Patrick,Cook,United States,1,3578.0,3578.0
27578.0,Courtney,Carter,United States,1,3578.0,3578.0
27601.0,Sydney,Rogers,United States,1,3578.0,3578.0
27604.0,Richard,Brooks,United States,1,3578.0,3578.0
27605.0,Miguel,Martinez,United States,1,3578.0,3578.0
27611.0,Jack,Edwards,United States,1,3578.0,3578.0
27612.0,Lucas,Hill,United States,1,3578.0,3578.0
27614.0,Warren,Ye,United States,1,3578.0,3578.0
27649.0,Evan,Bailey,United States,1,3578.0,3578.0
27666.0,Alyssa,Garcia,United States,1,3578.0,3578.0
27672.0,Justin,Brown,Canada,1,3578.0,3578.0
27673.0,Jennifer,Young,United States,1,3578.0,3578.0
27678.0,Angel,Carter,United States,1,3578.0,3578.0
27681.0,Olivia,Jackson,United States,1,3578.0,3578.0
27726.0,Sophia,Hall,United States,1,3578.0,3578.0
27752.0,Christian,Butler,Canada,1,3578.0,3578.0
27759.0,Alexandria,Brooks,United States,1,3578.0,3578.0
27917.0,Andrea,Sanders,United States,1,3578.0,3578.0
28013.0,James,Miller,Canada,1,3578.0,3578.0
28014.0,Rachel,Robinson,United States,1,3578.0,3578.0
28017.0,Christopher,Martin,United States,1,3578.0,3578.0
28018.0,Rachel,Foster,United States,1,3578.0,3578.0
28022.0,Jason,Lopez,United States,1,3578.0,3578.0
28036.0,Jonathan,Gonzales,Canada,1,3578.0,3578.0
28039.0,Xavier,Lee,United States,1,3578.0,3578.0
28040.0,Jack,Mitchell,United States,1,3578.0,3578.0
28041.0,Rebecca,Wright,United States,1,3578.0,3578.0
28042.0,Joseph,Brown,United States,1,3578.0,3578.0
28044.0,Jimmy,Navarro,United States,1,3578.0,3578.0
28047.0,Jay,Sanchez,United States,1,3578.0,3578.0
28051.0,Thomas,Young,Canada,1,3578.0,3578.0
28088.0,Marshall,Lal,United States,1,3578.0,3578.0
28092.0,Morgan,Hall,Canada,1,3578.0,3578.0
28096.0,Alexandra,Stewart,United States,1,3578.0,3578.0
28097.0,Jennifer,Barnes,United States,1,3578.0,3578.0
28112.0,Savannah,Evans,United States,1,3578.0,3578.0
28129.0,Justin,Griffin,Canada,1,3578.0,3578.0
28130.0,Joshua,Taylor,Canada,1,3578.0,3578.0
28142.0,Willie,Lin,United States,1,3578.0,3578.0
28145.0,Brandon,Jones,United States,1,3578.0,3578.0
28147.0,Omar,Black,United States,1,3578.0,3578.0
28148.0,Jon,Zhao,United States,1,3578.0,3578.0
28149.0,William,Miller,United States,1,3578.0,3578.0
28150.0,Connor,Chen,United States,1,3578.0,3578.0
28161.0,Jessica,Perry,Canada,1,3578.0,3578.0
28162.0,Bruce,Ward,United States,1,3578.0,3578.0
28163.0,Rachel,Washington,United States,1,3578.0,3578.0
28164.0,Gabrielle,Coleman,United States,1,3578.0,3578.0
28165.0,Alexa,Rivera,Canada,1,3578.0,3578.0
28166.0,Cassidy,Coleman,United States,1,3578.0,3578.0
28167.0,Samuel,Hughes,United States,1,3578.0,3578.0
28168.0,Jacqueline,Ward,United States,1,3578.0,3578.0
28169.0,Lucas,Blue,Canada,1,3578.0,3578.0
28170.0,Isabella,Johnson,United States,1,3578.0,3578.0
28171.0,Aidan,Henderson,United States,1,3578.0,3578.0
28172.0,Charles,Moore,United States,1,3578.0,3578.0
28173.0,Timothy,Young,Canada,1,3578.0,3578.0
28176.0,Natalie,Roberts,Canada,1,3578.0,3578.0
28177.0,Cameron,Henderson,Canada,1,3578.0,3578.0
28178.0,Katherine,James,Canada,1,3578.0,3578.0
28179.0,Billy,Alvarez,United States,1,3578.0,3578.0
28180.0,Jerry,Chander,United States,1,3578.0,3578.0
28181.0,Katherine,Rodriguez,United States,1,3578.0,3578.0
28182.0,Fernando,Turner,United States,1,3578.0,3578.0
28183.0,Nicole,Howard,United States,1,3578.0,3578.0
28184.0,Madison,Russell,United States,1,3578.0,3578.0
28185.0,Eric,Alexander,United States,1,3578.0,3578.0
28186.0,Jenny,Wagner,United States,1,3578.0,3578.0
28197.0,Kayla,Rodriguez,Canada,1,3578.0,3578.0
28198.0,Jared,Moyer,Canada,1,3578.0,3578.0
28199.0,Alyssa,Jones,United States,1,3578.0,3578.0
28200.0,Morgan,Henderson,United States,1,3578.0,3578.0
28221.0,Isabella,Rodriguez,United States,1,3578.0,3578.0
28222.0,Eduardo,Lewis,United States,1,3578.0,3578.0
28223.0,Jessica,Davis,United States,1,3578.0,3578.0
28270.0,Samuel,Long,United States,1,3578.0,3578.0
28271.0,Sean,Gonzalez,United States,1,3578.0,3578.0
28293.0,Shelby,Cox,United States,1,3578.0,3578.0
28294.0,Alexis,Jenkins,United States,1,3578.0,3578.0
28295.0,Wyatt,Collins,United States,1,3578.0,3578.0
28299.0,Jonathan,Shan,United States,1,3578.0,3578.0
28339.0,Sean,Edwards,United States,1,3578.0,3578.0
28340.0,Lucas,Butler,United States,1,3578.0,3578.0
28354.0,Ian,Wilson,Canada,1,3578.0,3578.0
28355.0,Carlos,James,United States,1,3578.0,3578.0
28362.0,Kaylee,Sanchez,United States,1,3578.0,3578.0
28363.0,Savannah,Travers,Canada,1,3578.0,3578.0
28573.0,Tyrone,Gill,United States,1,3578.0,3578.0
28574.0,Kayla,Flores,Canada,1,3578.0,3578.0
28583.0,Ryan,Long,United States,1,3578.0,3578.0
28584.0,Rolando,Smith,United States,1,3578.0,3578.0
28586.0,Gabriel,Diaz,United States,1,3578.0,3578.0
28587.0,Xavier,Harris,United States,1,3578.0,3578.0
28588.0,Emma,Griffin,United States,1,3578.0,3578.0
28598.0,Wyatt,Russell,United States,1,3578.0,3578.0
28618.0,Katelyn,Bailey,United States,1,3578.0,3578.0
28619.0,Brianna,Bailey,United States,1,3578.0,3578.0
28620.0,Cole,Richardson,Canada,1,3578.0,3578.0
28621.0,Kristen,Liu,United States,1,3578.0,3578.0
28624.0,Carson,Jenkins,Canada,1,3578.0,3578.0
28625.0,Logan,Griffin,United States,1,3578.0,3578.0
28626.0,Bailey,Hernandez,Canada,1,3578.0,3578.0
28627.0,Edward,Collins,United States,1,3578.0,3578.0
28628.0,Courtney,Phillips,United States,1,3578.0,3578.0
28629.0,Cynthia,Madan,United States,1,3578.0,3578.0
28630.0,Jack,Zimmerman,Canada,1,3578.0,3578.0
28635.0,Levi,Gonzalez,United States,1,3578.0,3578.0
28643.0,Xavier,Gray,United States,1,3578.0,3578.0
28644.0,Martha,Chow,United States,1,3578.0,3578.0
28645.0,Martin,Fernandez,United States,1,3578.0,3578.0
28646.0,Alexis,Moore,Canada,1,3578.0,3578.0
28647.0,Hannah,Foster,Canada,1,3578.0,3578.0
28648.0,Dylan,Harris,Canada,1,3578.0,3578.0
28649.0,Nathan,Martinez,United States,1,3578.0,3578.0
28650.0,Jessica,Clark,United States,1,3578.0,3578.0
28651.0,Lauren,Brown,United States,1,3578.0,3578.0
28652.0,Mariah,Murphy,Canada,1,3578.0,3578.0
28653.0,Grace,Williams,United States,1,3578.0,3578.0
28654.0,Miguel,Nelson,United States,1,3578.0,3578.0
28655.0,Devin,Smith,United States,1,3578.0,3578.0
28656.0,Lucas,Murphy,Canada,1,3578.0,3578.0
28657.0,Ryan,Hayes,United States,1,3578.0,3578.0
28658.0,Jasmine,Bailey,United States,1,3578.0,3578.0
28660.0,Justin,Anderson,United States,1,3578.0,3578.0
28661.0,Dalton,Ward,United States,1,3578.0,3578.0
28670.0,Julia,Gonzales,United States,1,3578.0,3578.0
28675.0,Angel,Mitchell,United States,1,3578.0,3578.0
28676.0,Alex,Bailey,United States,1,3578.0,3578.0
28761.0,Robert,Campbell,United States,1,3578.0,3578.0
28763.0,Mohamed,Pal,United States,1,3578.0,3578.0
28765.0,Abigail,Gonzales,United States,1,3578.0,3578.0
28772.0,Eric,Hughes,United States,1,3578.0,3578.0
28774.0,Latasha,Rowe,United States,1,3578.0,3578.0
28775.0,Morgan,Anderson,United States,1,3578.0,3578.0
28778.0,Maurice,Sharma,Canada,1,3578.0,3578.0
28790.0,Seth,Howard,United States,1,3578.0,3578.0
28792.0,Henry,Stone,United States,1,3578.0,3578.0
28794.0,Juan,Cooper,United States,1,3578.0,3578.0
28795.0,Jesse,Allen,United States,1,3578.0,3578.0
28797.0,Alexandra,Wood,United States,1,3578.0,3578.0
28799.0,Amber,Nelson,United States,1,3578.0,3578.0
28804.0,Wyatt,Allen,United States,1,3578.0,3578.0
28805.0,Marissa,Bennett,United States,1,3578.0,3578.0
28807.0,Maria,Cox,United States,1,3578.0,3578.0
28820.0,Naomi,Alvarez,United States,1,3578.0,3578.0
28821.0,Blake,Jackson,United States,1,3578.0,3578.0
28822.0,Amanda,Alexander,United States,1,3578.0,3578.0
28823.0,Xavier,Brown,United States,1,3578.0,3578.0
28824.0,Brandon,Gonzales,United States,1,3578.0,3578.0
28825.0,Caleb,Hernandez,United States,1,3578.0,3578.0
28826.0,Jack,Sharma,United States,1,3578.0,3578.0
28827.0,Joshua,Robinson,United States,1,3578.0,3578.0
28829.0,Robert,Bryant,United States,1,3578.0,3578.0
28830.0,Matthew,Smith,United States,1,3578.0,3578.0
28831.0,Elizabeth,Harris,United States,1,3578.0,3578.0
28833.0,Abigail,Harris,United States,1,3578.0,3578.0
28835.0,Elijah,Phillips,United States,1,3578.0,3578.0
28838.0,Jasmine,Ross,United States,1,3578.0,3578.0
28839.0,Connor,Parker,United States,1,3578.0,3578.0
28843.0,Chloe,Price,United States,1,3578.0,3578.0
28849.0,Garrett,Murphy,United States,1,3578.0,3578.0
28851.0,Miguel,Mitchell,United States,1,3578.0,3578.0
28852.0,Mariah,Watson,United States,1,3578.0,3578.0
28853.0,Miguel,Davis,United States,1,3578.0,3578.0
28856.0,Luke,Wang,United States,1,3578.0,3578.0
28857.0,Matthew,Johnson,United States,1,3578.0,3578.0
28966.0,Martha,Li,United States,1,3578.0,3578.0
28988.0,Harold,Perez,United States,1,3578.0,3578.0
28989.0,Angela,Cox,United States,1,3578.0,3578.0
28990.0,Ann,Raman,United States,1,3578.0,3578.0
28993.0,Destiny,Perry,United States,1,3578.0,3578.0
28997.0,Hector,Carlson,United States,1,3578.0,3578.0
29008.0,Andres,Luo,United States,1,3578.0,3578.0
29010.0,Jennifer,Long,United States,1,3578.0,3578.0
29016.0,Jackson,Perez,United States,1,3578.0,3578.0
29017.0,Gabriel,Long,United States,1,3578.0,3578.0
29056.0,Angelica,Griffin,United States,1,3578.0,3578.0
29058.0,Olivia,Reed,United States,1,3578.0,3578.0
29059.0,Jocelyn,Perry,United States,1,3578.0,3578.0
29060.0,David,Washington,United States,1,3578.0,3578.0
29070.0,Arianna,Simmons,United States,1,3578.0,3578.0
29106.0,Calvin,Beck,United States,1,3578.0,3578.0
29108.0,Seth,Evans,United States,1,3578.0,3578.0
29110.0,Sydney,Smith,United States,1,3578.0,3578.0
29126.0,Chloe,Cox,United States,1,3578.0,3578.0
29132.0,Brianna,Cook,United States,1,3578.0,3578.0
29136.0,Caroline,Bryant,United States,1,3578.0,3578.0
29139.0,Riley,Coleman,United States,1,3578.0,3578.0
29140.0,Richard,Ward,United States,1,3578.0,3578.0
29141.0,Suzanne,Wang,United States,1,3578.0,3578.0
29142.0,Ashley,Smith,United States,1,3578.0,3578.0
29143.0,Grace,Jenkins,United States,1,3578.0,3578.0
29144.0,Brandon,Zhang,United States,1,3578.0,3578.0
29145.0,Shelby,Gray,United States,1,3578.0,3578.0
29146.0,Ian,Henderson,United States,1,3578.0,3578.0
29147.0,Mary,Roberts,United States,1,3578.0,3578.0
29148.0,Gabriella,Murphy,United States,1,3578.0,3578.0
29150.0,Wyatt,Griffin,United States,1,3578.0,3578.0
29151.0,Caroline,Long,United States,1,3578.0,3578.0
29155.0,Gabriella,Kelly,United States,1,3578.0,3578.0
29156.0,Ashley,Barnes,United States,1,3578.0,3578.0
29157.0,Seth,Powell,United States,1,3578.0,3578.0
29158.0,Ian,Edwards,United States,1,3578.0,3578.0
29163.0,Mason,Murphy,United States,1,3578.0,3578.0
29169.0,Victoria,Bailey,United States,1,3578.0,3578.0
29170.0,Alexandra,Adams,United States,1,3578.0,3578.0
29198.0,Faith,Ramirez,United States,1,3578.0,3578.0
29207.0,Katelyn,James,United States,1,3578.0,3578.0
29208.0,Amber,Lopez,United States,1,3578.0,3578.0
29254.0,Erin,Sanchez,United States,1,3578.0,3578.0
29280.0,Erin,Cook,United States,1,3578.0,3578.0
29285.0,Thomas,Adams,United States,1,3578.0,3578.0
29326.0,Victoria,Diaz,United States,1,3578.0,3578.0
29334.0,Paige,Howard,United States,1,3578.0,3578.0
29335.0,Justin,Bryant,,1,3578.0,3578.0
29340.0,Rachel,Cox,Canada,1,3578.0,3578.0
29350.0,Julia,Thompson,,1,3578.0,3578.0
29352.0,Lydia,Gonzalez,United States,1,3578.0,3578.0
29354.0,Isaiah,Edwards,United States,1,3578.0,3578.0
23411.0,Cesar,Prasad,Australia,4,3577.0,894.25
19502.0,Felicia,Carlson,United Kingdom,6,3565.0,594.1666666666666
23526.0,Cara,Xu,Australia,2,3563.0,1781.5
23571.0,Alisha,Guo,Australia,2,3563.0,1781.5
24476.0,Jared,Brooks,Australia,2,3563.0,1781.5
24484.0,Chad,Anand,Australia,2,3563.0,1781.5
24504.0,Eddie,Navarro,Australia,2,3563.0,1781.5
24506.0,Jaime,Muñoz,Australia,2,3563.0,1781.5
19448.0,Meagan,Fernandez,United Kingdom,5,3544.0,708.8
19477.0,Lance,Rubio,United Kingdom,4,3533.0,883.25
19511.0,Marcus,Ward,United Kingdom,6,3524.0,587.3333333333334
19493.0,Karla,Shan,United Kingdom,5,3515.0,703.0
19360.0,Joanna,Hernandez,United Kingdom,5,3511.0,702.2
19424.0,Terrance,Smith,United Kingdom,5,3511.0,702.2
14472.0,Natalie,Diaz,United States,5,3503.0,700.6
19341.0,Clarence,Huang,United Kingdom,3,3498.0,1166.0
19440.0,Alicia,Sharma,United Kingdom,5,3492.0,698.4
19499.0,Shawn,Black,United Kingdom,5,3492.0,698.4
23104.0,Isabelle,Long,Australia,5,3490.0,698.0
19467.0,Krista,Alvarez,United Kingdom,4,3485.0,871.25
19437.0,Kelsey,Rai,United Kingdom,4,3480.0,870.0
19506.0,Candice,Lin,United Kingdom,4,3480.0,870.0
19359.0,Roberto,Townsend,United Kingdom,3,3478.0,1159.3333333333333
19361.0,Stacey,Sun,United Kingdom,3,3478.0,1159.3333333333333
19433.0,Bridget,Raje,United Kingdom,3,3478.0,1159.3333333333333
19455.0,Jack,Perez,United Kingdom,3,3478.0,1159.3333333333333
19459.0,Katie,Yuan,United Kingdom,3,3478.0,1159.3333333333333
19471.0,Bryant,Martinez,United Kingdom,3,3478.0,1159.3333333333333
19500.0,Russell,Shan,United Kingdom,3,3478.0,1159.3333333333333
19416.0,Caitlin,Morris,United Kingdom,3,3476.0,1158.6666666666667
19418.0,Nathan,Miller,United Kingdom,3,3476.0,1158.6666666666667
19435.0,Benjamin,Thompson,United Kingdom,4,3457.0,864.25
14081.0,Nicole,Butler,United States,3,3451.0,1150.3333333333333
19510.0,Renee,Torres,United Kingdom,3,3451.0,1150.3333333333333
19362.0,Karl,Raje,United Kingdom,2,3443.0,1721.5
19382.0,Jerry,Shan,United Kingdom,2,3443.0,1721.5
19479.0,Jessica,Gray,United Kingdom,2,3443.0,1721.5
19940.0,Rosa,Ye,United Kingdom,3,3440.0,1146.6666666666667
19912.0,Tara,Xie,United Kingdom,5,3427.0,685.4
20713.0,Kathleen,Gill,United Kingdom,5,3422.0,684.4
14473.0,Miguel,King,United States,4,3414.0,853.5
14456.0,Benjamin,Walker,United States,4,3406.0,851.5
18167.0,Raul,Chander,Germany,4,3405.0,851.25
14453.0,Jesse,Scott,United States,5,3401.0,680.2
20075.0,Aaron,Allen,Canada,1,3400.0,3400.0
23418.0,Brittney,Wu,Australia,5,3400.0,680.0
25857.0,Abigail,Perry,United States,1,3400.0,3400.0
25861.0,Garrett,Cooper,United States,1,3400.0,3400.0
28389.0,Rachael,Martinez,France,1,3400.0,3400.0
28414.0,Bradley,Luo,France,1,3400.0,3400.0
28470.0,Tamara,Tang,France,1,3400.0,3400.0
29385.0,Don,Lal,Germany,1,3400.0,3400.0
29410.0,Lucas,Price,Germany,1,3400.0,3400.0
29448.0,Lindsey,Yuan,Germany,1,3400.0,3400.0
29449.0,Laura,Chen,Germany,1,3400.0,3400.0
29475.0,Jared,Ward,Germany,1,3400.0,3400.0
29476.0,Elizabeth,Bradley,Germany,1,3400.0,3400.0
18157.0,Isabella,Hall,Germany,5,3399.0,679.8
26299.0,Y.,Yong,United States,8,3397.0,424.625
14434.0,Sophia,Hill,United States,4,3396.0,849.0
14253.0,Eduardo,Scott,United States,6,3394.0,565.6666666666666
14498.0,Katie,Luo,United States,6,3394.0,565.6666666666666
14240.0,Caroline,Foster,United States,6,3391.0,565.1666666666666
23414.0,Damien,Lin,Australia,4,3391.0,847.75
24361.0,Francisco,Rodriguez,Australia,4,3391.0,847.75
14447.0,Madison,Alexander,United States,5,3385.0,677.0
14470.0,Jeremy,Robinson,United States,5,3382.0,676.4
19067.0,Misty,Luo,Germany,4,3381.0,845.25
14255.0,Jonathan,Jackson,United States,4,3379.0,844.75
14290.0,Jonathan,Wilson,United States,4,3377.0,844.25
14452.0,Alex,Gonzalez,United States,4,3377.0,844.25
14120.0,Gabrielle,Cooper,United States,5,3376.0,675.2
14289.0,Jessica,Martinez,United States,5,3376.0,675.2
19802.0,Sara,James,Canada,1,3375.0,3375.0
28390.0,Frederick,Suri,France,1,3375.0,3375.0
28401.0,Maria,Alexander,France,1,3375.0,3375.0
28407.0,Emma,Miller,France,1,3375.0,3375.0
28443.0,Alfredo,Dominguez,France,1,3375.0,3375.0
28449.0,Jarred,Gill,France,1,3375.0,3375.0
28458.0,Casey,She,France,1,3375.0,3375.0
28471.0,Phillip,Sullivan,France,1,3375.0,3375.0
28478.0,Riley,Long,France,1,3375.0,3375.0
28491.0,Cassie,Jai,France,1,3375.0,3375.0
28492.0,Bethany,Tang,France,1,3375.0,3375.0
28504.0,Reginald,Gomez,France,1,3375.0,3375.0
29466.0,Lance,Jimenez,Germany,1,3375.0,3375.0
29467.0,Monica,Mehta,Germany,1,3375.0,3375.0
29474.0,Jaime,Raje,Germany,1,3375.0,3375.0
29481.0,Ivan,Suri,Germany,1,3375.0,3375.0
14382.0,Darren,Blanco,United States,5,3374.0,674.8
14419.0,Abigail,Ward,United States,4,3371.0,842.75
26283.0,Jeremiah,Diaz,United States,4,3371.0,842.75
14442.0,Shelby,Peterson,United States,5,3370.0,674.0
14448.0,Lauren,Butler,United States,5,3370.0,674.0
17216.0,Kathleen,Ramos,France,5,3370.0,674.0
14421.0,Hannah,Barnes,United States,5,3369.0,673.8
19917.0,Jenny,Chander,United Kingdom,5,3369.0,673.8
14440.0,Jon,Tang,United States,6,3367.0,561.1666666666666
24585.0,Harold,Patel,Australia,5,3366.0,673.2
14298.0,Kaitlyn,Jenkins,United States,5,3365.0,673.0
14374.0,David,Yang,United States,5,3362.0,672.4
14451.0,Tyler,Moore,United States,5,3362.0,672.4
26276.0,Heather,Huang,United States,5,3362.0,672.4
14112.0,Charles,Sanchez,United States,5,3361.0,672.2
23105.0,Karl,Andersen,Australia,4,3361.0,840.25
14411.0,Ashley,Johnson,United States,4,3360.0,840.0
14481.0,Mary,Edwards,United States,4,3360.0,840.0
19918.0,Joy,Alonso,United Kingdom,4,3360.0,840.0
14457.0,Thomas,White,United States,5,3359.0,671.8
14044.0,Thomas,Wright,United States,4,3357.0,839.25
14400.0,Brandon,Brown,United States,5,3357.0,671.4
14464.0,Elizabeth,Price,United States,4,3357.0,839.25
26302.0,James,Jackson,United States,6,3357.0,559.5
24372.0,Teresa,Jimenez,Australia,3,3356.0,1118.6666666666667
24457.0,Meghan,Alonso,Australia,3,3356.0,1118.6666666666667
24465.0,Tara,Andersen,Australia,3,3356.0,1118.6666666666667
24485.0,Franklin,Ma,Australia,3,3356.0,1118.6666666666667
14449.0,Logan,Jenkins,United States,3,3355.0,1118.3333333333333
14471.0,Gabriel,Gonzalez,United States,3,3355.0,1118.3333333333333
26296.0,Grace,Simmons,United States,5,3355.0,671.0
19916.0,Katie,Xie,United Kingdom,6,3354.0,559.0
14117.0,Emma,Cook,United States,4,3352.0,838.0
14356.0,Isabella,Baker,United States,4,3352.0,838.0
14438.0,Gabrielle,Gonzales,United States,4,3352.0,838.0
14242.0,Rafael,Ye,United States,4,3351.0,837.75
14288.0,Christina,Ramirez,United States,4,3351.0,837.75
17188.0,Alexa,Peterson,France,3,3350.0,1116.6666666666667
14484.0,Samantha,Hall,United States,5,3345.0,669.0
18176.0,Bradley,Kumar,Germany,5,3345.0,669.0
14394.0,Jacob,Rodriguez,United States,4,3344.0,836.0
18183.0,Meagan,Schmidt,Germany,5,3343.0,668.6
14256.0,Elizabeth,Robinson,United States,3,3342.0,1114.0
14433.0,Jennifer,Peterson,United States,3,3342.0,1114.0
14477.0,Lauren,Lee,United States,3,3342.0,1114.0
13057.0,Destiny,Powell,United States,5,3341.0,668.2
14813.0,Madison,Hayes,France,5,3341.0,668.2
26298.0,Jasmine,Peterson,United States,3,3340.0,1113.3333333333333
19029.0,Alicia,Andersen,Germany,4,3339.0,834.75
20054.0,Clarence,Nara,United Kingdom,5,3338.0,667.6
14357.0,Dalton,Collins,United States,5,3337.0,667.4
23311.0,Veronica,Gonzalez,Australia,3,3337.0,1112.3333333333333
23417.0,Emmanuel,Sai,Australia,3,3337.0,1112.3333333333333
23523.0,Steve,Liu,Australia,3,3337.0,1112.3333333333333
23531.0,Alexis,Powell,Australia,5,3337.0,667.4
23532.0,Brett,Martinez,Australia,3,3337.0,1112.3333333333333
23541.0,Dana,Suarez,Australia,3,3337.0,1112.3333333333333
23542.0,Justin,Martin,Australia,3,3337.0,1112.3333333333333
23546.0,Kathryn,Jai,Australia,3,3337.0,1112.3333333333333
23573.0,Jorge,Gao,Australia,3,3337.0,1112.3333333333333
23574.0,Ebony,Hernandez,Australia,3,3337.0,1112.3333333333333
24466.0,Alexa,Travers,Australia,3,3337.0,1112.3333333333333
24467.0,Susan,He,Australia,3,3337.0,1112.3333333333333
24478.0,Lindsay,Sharma,Australia,3,3337.0,1112.3333333333333
14297.0,Kristin,Raji,United States,4,3335.0,833.75
19911.0,Valerie,Chen,United Kingdom,4,3335.0,833.75
26120.0,Miguel,Lewis,United States,5,3335.0,667.0
26281.0,Ian,Alexander,United States,5,3335.0,667.0
23310.0,Sydney,Wood,Australia,5,3333.0,666.6
18185.0,Laura,Huang,Germany,5,3332.0,666.4
24365.0,Mallory,Navarro,Australia,4,3331.0,832.75
14380.0,Kaylee,Watson,United States,3,3330.0,1110.0
14381.0,Alexa,Cooper,United States,3,3330.0,1110.0
17195.0,Franklin,Sharma,France,4,3330.0,832.5
18164.0,Alisha,Wang,Germany,3,3330.0,1110.0
19034.0,Tabitha,Diaz,Germany,3,3322.0,1107.3333333333333
19057.0,Joanna,Ramos,Germany,3,3322.0,1107.3333333333333
26277.0,Jacqueline,Hughes,United States,3,3321.0,1107.0
26303.0,Devon,Pal,United States,3,3321.0,1107.0
14377.0,Paula,Ruiz,United States,2,3320.0,1660.0
14412.0,Nicole,Blue,United States,2,3320.0,1660.0
14420.0,Chloe,Wright,United States,2,3320.0,1660.0
19035.0,Stanley,Schmidt,Germany,2,3320.0,1660.0
19046.0,Shawna,Raje,Germany,2,3320.0,1660.0
26241.0,James,Lal,United States,4,3320.0,830.0
14005.0,Noah,Hughes,United States,5,3319.0,663.8
14121.0,Devon,Goel,United States,4,3319.0,829.75
14292.0,Isabella,Ross,United States,4,3319.0,829.75
18171.0,Alejandro,Zeng,Germany,5,3319.0,663.8
17196.0,Douglas,Fernandez,France,5,3318.0,663.6
19038.0,Joe,Patel,Germany,5,3318.0,663.6
14116.0,Brianna,Torres,United States,3,3317.0,1105.6666666666667
14439.0,Brian,Cox,United States,5,3312.0,662.4
14485.0,Bailey,Stewart,United States,5,3312.0,662.4
14461.0,Chloe,Gonzalez,United States,4,3310.0,827.5
14486.0,Jonathan,Coleman,United States,4,3310.0,827.5
17187.0,Alejandro,Ma,France,4,3310.0,827.5
19030.0,Marco,Arun,Germany,4,3310.0,827.5
19040.0,Eugene,Sun,Germany,4,3310.0,827.5
26285.0,Kayla,Hayes,United States,5,3309.0,661.8
26286.0,Evan,Phillips,United States,6,3308.0,551.3333333333334
23525.0,Derrick,Rubio,Australia,2,3302.0,1651.0
23575.0,Bobby,Ray,Australia,2,3302.0,1651.0
24281.0,Marie,Suri,Australia,2,3302.0,1651.0
24460.0,Willie,Nara,Australia,2,3302.0,1651.0
24461.0,Ruth,Sai,Australia,2,3302.0,1651.0
24477.0,Warren,Zeng,Australia,2,3302.0,1651.0
24505.0,Clifford,Gonzalez,Australia,2,3302.0,1651.0
26121.0,Madeline,Nelson,United States,4,3300.0,825.0
26252.0,Morgan,Garcia,United States,5,3300.0,660.0
26238.0,Julia,Foster,United States,3,3299.0,1099.6666666666667
26280.0,Jackson,Jenkins,United States,3,3299.0,1099.6666666666667
26295.0,Toni,Kapoor,United States,3,3299.0,1099.6666666666667
26300.0,Audrey,Ortega,United States,3,3299.0,1099.6666666666667
14115.0,Samantha,Gonzales,United States,3,3297.0,1099.0
13999.0,Elijah,Gonzales,United States,2,3295.0,1647.5
14006.0,Brianna,Walker,United States,2,3295.0,1647.5
14239.0,Maria,Peterson,United States,2,3295.0,1647.5
14392.0,Justin,Jackson,United States,2,3295.0,1647.5
17206.0,Spencer,Gonzales,France,2,3295.0,1647.5
19065.0,Michele,Arun,Germany,2,3295.0,1647.5
26290.0,Noah,Chen,United States,3,3295.0,1098.3333333333333
26234.0,Antonio,Perry,United States,3,3293.0,1097.6666666666667
13056.0,Morgan,Blue,United States,4,3291.0,822.75
14170.0,Rebekah,Moreno,France,4,3291.0,822.75
16531.0,Lacey,Gao,United Kingdom,6,3291.0,548.5
26297.0,Jeremiah,Lopez,United States,5,3287.0,657.4
14802.0,Audrey,Moreno,France,4,3286.0,821.5
16461.0,Rosa,Wu,United Kingdom,4,3286.0,821.5
20879.0,Pamela,Sanchez,United Kingdom,6,3284.0,547.3333333333334
20718.0,Ricky,Ruiz,United Kingdom,4,3283.0,820.75
13039.0,Trisha,Ma,United States,3,3282.0,1094.0
13745.0,Andrew,Robinson,United States,5,3282.0,656.4
13870.0,Jonathan,Clark,United States,3,3282.0,1094.0
13882.0,Mariah,Russell,United States,5,3282.0,656.4
13917.0,Samuel,Allen,United States,5,3282.0,656.4
13979.0,Chloe,Jenkins,United States,3,3282.0,1094.0
13984.0,Adrian,Richardson,United States,3,3282.0,1094.0
14141.0,Ana,Bryant,France,5,3282.0,656.4
16275.0,Deborah,McDonald,United Kingdom,3,3282.0,1094.0
16324.0,Juan,Romero,United Kingdom,5,3282.0,656.4
20931.0,Brian,Sanchez,United Kingdom,6,3273.0,545.5
26305.0,Julia,Rogers,United States,3,3273.0,1091.0
14539.0,Carrie,Alonso,France,4,3271.0,817.75
16329.0,Jamie,Ye,United Kingdom,6,3271.0,545.1666666666666
16444.0,Erika,Carlson,United Kingdom,4,3271.0,817.75
16465.0,Kara,Goel,United Kingdom,7,3271.0,467.2857142857143
20811.0,Calvin,Shan,United Kingdom,4,3270.0,817.5
20209.0,Andrea,Turner,Canada,6,3268.0,544.6666666666666
17792.0,Bridget,Andersen,United Kingdom,5,3266.0,653.2
20150.0,Gary,Rubio,United Kingdom,6,3264.0,544.0
26304.0,Anna,Lewis,United States,2,3264.0,1632.0
13800.0,Logan,Li,France,3,3262.0,1087.3333333333333
13801.0,Colleen,Andersen,France,3,3262.0,1087.3333333333333
13812.0,Joanna,Munoz,France,3,3262.0,1087.3333333333333
14169.0,Carmen,Martinez,France,3,3262.0,1087.3333333333333
14779.0,Henry,Fernandez,France,3,3262.0,1087.3333333333333
16405.0,Adriana,Sai,United Kingdom,3,3262.0,1087.3333333333333
16512.0,Ricardo,Sharma,United Kingdom,3,3262.0,1087.3333333333333
16945.0,Brianna,Kelly,United Kingdom,3,3262.0,1087.3333333333333
17828.0,Valerie,Zhou,United Kingdom,3,3262.0,1087.3333333333333
17966.0,Kellie,Gutierrez,United Kingdom,3,3262.0,1087.3333333333333
20712.0,Colin,Huang,United Kingdom,3,3261.0,1087.0
20863.0,Erica,Xu,United Kingdom,3,3261.0,1087.0
16509.0,Veronica,Sai,United Kingdom,6,3258.0,543.0
13746.0,Janelle,Madan,United States,5,3249.0,649.8
16407.0,Colleen,Zhao,United Kingdom,5,3249.0,649.8
17793.0,Kathleen,Alvarez,United Kingdom,5,3249.0,649.8
20807.0,Jordan,Foster,United Kingdom,5,3249.0,649.8
13854.0,Kyle,Parker,United States,4,3247.0,811.75
15346.0,Charles,Rodriguez,United States,5,3247.0,649.4
20546.0,Ruth,Fernandez,Canada,6,3246.0,541.0
15780.0,Claudia,McDonald,United States,4,3245.0,811.25
15845.0,Mackenzie,Carter,United States,4,3245.0,811.25
20656.0,Marcus,Perry,Canada,3,3245.0,1081.6666666666667
13839.0,Manuel,Madan,France,3,3242.0,1080.6666666666667
16410.0,Joy,Navarro,United Kingdom,4,3242.0,810.5
16445.0,Caitlin,Ward,United Kingdom,3,3242.0,1080.6666666666667
20318.0,Amanda,Turner,Canada,3,3241.0,1080.3333333333333
20710.0,Andres,Raje,United Kingdom,4,3240.0,810.0
20711.0,Ebony,Sanz,United Kingdom,4,3240.0,810.0
20717.0,Chelsea,Ray,United Kingdom,4,3240.0,810.0
20862.0,Marshall,Sutton,United Kingdom,4,3240.0,810.0
20892.0,Henry,Sara,United Kingdom,4,3240.0,810.0
28751.0,Joe,Belson,France,5,3240.0,648.0
15944.0,Damien,Lu,United States,6,3235.0,539.1666666666666
20864.0,Grace,Howard,United Kingdom,3,3234.0,1078.0
20917.0,Tonya,Tang,United Kingdom,3,3234.0,1078.0
20921.0,Melinda,Carlson,United Kingdom,3,3234.0,1078.0
20670.0,Julia,Cox,Canada,4,3228.0,807.0
20188.0,Kimberly,Watson,Canada,3,3226.0,1075.3333333333333
20350.0,Isabella,Campbell,Canada,3,3226.0,1075.3333333333333
20373.0,Morgan,Williams,Canada,3,3226.0,1075.3333333333333
20825.0,Pamela,Kapoor,United Kingdom,2,3226.0,1613.0
20922.0,Clayton,Wagner,United Kingdom,2,3226.0,1613.0
28520.0,Susan,Liang,France,3,3226.0,1075.3333333333333
15499.0,Robert,Thomas,United States,3,3223.0,1074.3333333333333
15852.0,Oscar,Henderson,United States,3,3223.0,1074.3333333333333
21148.0,Brianna,Gonzales,Canada,3,3223.0,1074.3333333333333
21284.0,Cody,Stewart,Canada,3,3223.0,1074.3333333333333
13925.0,Wyatt,Barnes,United States,3,3220.0,1073.3333333333333
20208.0,Austin,Hayes,Canada,3,3219.0,1073.0
20680.0,Ashley,Anderson,Canada,3,3219.0,1073.0
28562.0,Phillip,Martinez,France,4,3218.0,804.5
28756.0,Stacey,Hee,France,5,3218.0,643.6
16820.0,Isabella,Gray,Canada,7,3217.0,459.57142857142856
28553.0,Sabrina,Serrano,France,3,3216.0,1072.0
20052.0,Theodore,Ruiz,United Kingdom,5,3214.0,642.8
28506.0,Ruth,Schmidt,France,4,3213.0,803.25
28750.0,Andy,Romero,France,4,3213.0,803.25
15203.0,David,Lewis,United States,6,3212.0,535.3333333333334
15193.0,Samuel,King,United States,7,3210.0,458.57142857142856
15781.0,Blake,Evans,United States,5,3210.0,642.0
20206.0,Olivia,Murphy,Canada,3,3204.0,1068.0
21305.0,Hunter,Garcia,Canada,3,3204.0,1068.0
28569.0,Dustin,Jai,France,3,3204.0,1068.0
28713.0,Franklin,Nath,France,3,3204.0,1068.0
15328.0,Fernando,Jackson,United States,5,3199.0,639.8
15348.0,Greg,Carter,United States,5,3199.0,639.8
15534.0,Steven,Bell,United States,5,3199.0,639.8
15851.0,Taylor,Anderson,United States,5,3199.0,639.8
15501.0,Justin,Simmons,United States,3,3198.0,1066.0
20651.0,Timothy,Cooper,Canada,4,3198.0,799.5
15992.0,Isabelle,Alexander,United States,6,3195.0,532.5
20736.0,Alexandra,Howard,Canada,3,3194.0,1064.6666666666667
16836.0,David,Thomas,Canada,6,3193.0,532.1666666666666
20165.0,Kristina,Mehta,United Kingdom,5,3191.0,638.2
20186.0,Connor,Li,Canada,2,3191.0,1595.5
28740.0,Alisha,Alan,France,2,3191.0,1595.5
19910.0,Orlando,Rubio,Germany,4,3189.0,797.25
11089.0,Abigail,Price,United States,7,3188.0,455.42857142857144
15364.0,Aidan,Bryant,United States,5,3184.0,636.8
15379.0,Amanda,Griffin,United States,5,3184.0,636.8
11264.0,Eduardo,Martin,United States,8,3182.0,397.75
15491.0,Shannon,Li,United States,5,3182.0,636.4
15167.0,Sara,Hernandez,United States,6,3181.0,530.1666666666666
20173.0,Dennis,Zhao,United Kingdom,5,3181.0,636.2
15484.0,Samuel,Henderson,United States,4,3180.0,795.0
15770.0,Xavier,Brooks,United States,7,3180.0,454.2857142857143
15985.0,Devin,Johnson,United States,4,3180.0,795.0
15371.0,Cameron,Bryant,United States,4,3179.0,794.75
15888.0,Amanda,Richardson,United States,4,3179.0,794.75
15367.0,Alyssa,White,United States,5,3178.0,635.6
15374.0,Donna,Kumar,United States,5,3178.0,635.6
15778.0,José,Miller,United States,5,3178.0,635.6
19076.0,Jaclyn,Pal,France,5,3178.0,635.6
19903.0,Marcus,Nelson,France,6,3178.0,529.6666666666666
20170.0,Jerome,Martin,United Kingdom,3,3177.0,1059.0
11088.0,Hunter,Davis,United States,7,3176.0,453.7142857142857
15771.0,Maria,Diaz,United States,4,3175.0,793.75
15952.0,Evan,Cooper,United States,4,3175.0,793.75
15194.0,Erik,Suarez,United States,6,3174.0,529.0
15521.0,Kathryn,Deng,United States,5,3173.0,634.6
21517.0,Gerald,Subram,United Kingdom,4,3173.0,793.25
19924.0,Douglas,Perez,Germany,5,3172.0,634.4
15429.0,Aaron,Li,United States,6,3170.0,528.3333333333334
16339.0,Seth,Davis,Australia,2,3169.0,1584.5
20468.0,Olivia,Richardson,Canada,2,3169.0,1584.5
20669.0,Rachel,Ross,Canada,2,3169.0,1584.5
23992.0,Bonnie,Chande,Australia,5,3167.0,633.4
20149.0,Heidi,Arun,United Kingdom,5,3165.0,633.0
16678.0,Ian,Ramirez,Canada,6,3162.0,527.0
20560.0,Mindy,Raji,Germany,6,3162.0,527.0
15769.0,Kelly,Coleman,United States,4,3160.0,790.0
15196.0,Isaiah,Reed,United States,5,3159.0,631.8
15949.0,Katherine,Green,United States,3,3158.0,1052.6666666666667
15976.0,Kristopher,Patel,United States,3,3158.0,1052.6666666666667
20866.0,David,Jones,United Kingdom,3,3158.0,1052.6666666666667
15195.0,Edwin,Huang,United States,4,3155.0,788.75
15500.0,Keith,Raji,United States,4,3154.0,788.5
20555.0,Kelvin,Raje,Germany,4,3154.0,788.5
15320.0,Eduardo,Brooks,United States,5,3153.0,630.6
15322.0,Evan,Green,United States,5,3153.0,630.6
15389.0,Joan,King,United States,5,3153.0,630.6
15481.0,Jamie,Zhang,United States,5,3153.0,630.6
15842.0,Haley,Gray,United States,5,3153.0,630.6
21508.0,Suzanne,Li,United Kingdom,5,3153.0,630.6
14602.0,Kaylee,Kelly,United States,6,3150.0,525.0
15918.0,Roberto,Ruiz,United States,4,3150.0,787.5
20042.0,Brad,Deng,United Kingdom,3,3150.0,1050.0
20049.0,Colleen,Chavez,United Kingdom,3,3150.0,1050.0
20164.0,Carol Ann,Rockne,United Kingdom,3,3150.0,1050.0
20172.0,Kelli,Gao,United Kingdom,3,3150.0,1050.0
15155.0,Jamie,Harrison,United States,6,3149.0,524.8333333333334
15972.0,Caitlin,Bailey,United States,6,3149.0,524.8333333333334
15396.0,Julia,Wilson,United States,5,3148.0,629.6
15399.0,Mackenzie,Murphy,United States,5,3148.0,629.6
15934.0,Nichole,Raji,United States,5,3148.0,629.6
20576.0,Johnathan,Kapoor,United Kingdom,4,3148.0,787.0
15350.0,Kathleen,Serrano,United States,5,3145.0,629.0
15380.0,Nathan,Robinson,United States,5,3145.0,629.0
15937.0,Grace,Lewis,United States,5,3145.0,629.0
15200.0,Mindy,Simpson,United States,4,3143.0,785.75
15843.0,Caleb,Wright,United States,4,3143.0,785.75
15365.0,Victoria,Gray,United States,6,3142.0,523.6666666666666
16103.0,Haley,Hill,Canada,4,3142.0,785.5
20048.0,Virginia,Srini,United Kingdom,2,3142.0,1571.0
20060.0,Kayla,Jackson,United Kingdom,2,3142.0,1571.0
20167.0,Joe,Serrano,United Kingdom,2,3142.0,1571.0
15989.0,Savannah,Campbell,United States,4,3141.0,785.25
15349.0,Stephanie,Gonzalez,United States,5,3140.0,628.0
15739.0,Garrett,Rogers,United States,4,3140.0,785.0
19052.0,Kristi,Kapoor,France,4,3140.0,785.0
20584.0,Molly,Schmidt,Germany,4,3140.0,785.0
19033.0,Omar,Lin,France,5,3139.0,627.8
20561.0,Willie,Liu,United Kingdom,3,3139.0,1046.3333333333333
19922.0,Nancy,Gonzalez,France,3,3138.0,1046.0
19945.0,Phillip,Garcia,France,3,3138.0,1046.0
11083.0,Alyssa,Cox,United States,5,3137.0,627.4
11168.0,David,Rodriguez,United States,7,3136.0,448.0
15302.0,Brianna,Thomas,United States,4,3135.0,783.75
15329.0,Brianna,Cox,United States,4,3135.0,783.75
15394.0,Natalie,Wilson,United States,4,3135.0,783.75
15844.0,Megan,Brown,United States,4,3135.0,783.75
15983.0,Alexis,Ross,United States,4,3135.0,783.75
15899.0,Ian,James,United States,4,3134.0,783.5
15398.0,Jose,Wang,United States,3,3133.0,1044.3333333333333
20548.0,Phillip,Rodriguez,Germany,5,3132.0,626.4
15369.0,Connor,Perez,United States,5,3128.0,625.6
15388.0,Victoria,Smith,United States,5,3128.0,625.6
15411.0,Jay,Chandra,United States,5,3128.0,625.6
19899.0,Marcus,Richardson,France,5,3128.0,625.6
15961.0,Ashley,Walker,United States,4,3127.0,781.75
15991.0,David,Taylor,United States,4,3127.0,781.75
20590.0,Todd,Zhang,Germany,4,3127.0,781.75
11167.0,Jasmine,Barnes,United States,4,3126.0,781.5
19931.0,Darryl,Xu,Germany,5,3126.0,625.2
15166.0,Nina,Goel,United States,3,3125.0,1041.6666666666667
15540.0,Randall,Ortega,United States,3,3125.0,1041.6666666666667
15667.0,Hector,Ramos,Germany,4,3125.0,781.25
15768.0,Victoria,Walker,United States,3,3125.0,1041.6666666666667
15984.0,Nathan,Wright,United States,3,3125.0,1041.6666666666667
20556.0,Glenn,Sun,Germany,3,3125.0,1041.6666666666667
15482.0,Audrey,Rubio,United States,4,3124.0,781.0
15873.0,Hailey,Richardson,United States,6,3124.0,520.6666666666666
17815.0,Ronnie,Ma,United Kingdom,7,3123.0,446.14285714285717
15417.0,Alvin,Lu,United States,5,3120.0,624.0
15483.0,Katherine,Robinson,United States,5,3120.0,624.0
15542.0,Andrea,Baker,United States,4,3118.0,779.5
15954.0,Marshall,Deng,United States,4,3118.0,779.5
15959.0,Logan,Rodriguez,United States,4,3118.0,779.5
15964.0,Steven,Cox,United States,4,3118.0,779.5
16754.0,Alex,Bell,Canada,7,3118.0,445.42857142857144
21509.0,Michele,Lopez,United Kingdom,4,3118.0,779.5
15492.0,Grace,Long,United States,5,3117.0,623.4
15737.0,Alexander,Robinson,United States,6,3117.0,519.5
15280.0,Mya,Griffin,United States,5,3115.0,623.0
15351.0,Steve,Lu,United States,5,3115.0,623.0
15404.0,Sydney,Robinson,United States,5,3115.0,623.0
15518.0,Richard,Bryant,United States,5,3115.0,623.0
15897.0,Haley,Cooper,United States,5,3115.0,623.0
19930.0,Tony,Tang,Germany,4,3115.0,778.75
20569.0,Patricia,Patel,United Kingdom,5,3114.0,622.8
15321.0,Blake,Phillips,United States,3,3113.0,1037.6666666666667
15517.0,Thomas,Edwards,United States,3,3113.0,1037.6666666666667
15568.0,Aaron,Hayes,United States,3,3113.0,1037.6666666666667
19069.0,Thomas,Hall,France,3,3113.0,1037.6666666666667
19943.0,Walter,Carlson,France,3,3113.0,1037.6666666666667
20592.0,Jorge,Liu,United Kingdom,4,3113.0,778.25
11042.0,Megan,Sanchez,United States,3,3112.0,1037.3333333333333
11082.0,Angela,Butler,United States,6,3110.0,518.3333333333334
15969.0,Sean,Murphy,United States,4,3110.0,777.5
16406.0,Dakota,Henderson,United Kingdom,3,3110.0,1036.6666666666667
16938.0,Abigail,Williams,United Kingdom,3,3110.0,1036.6666666666667
15965.0,Jennifer,Watson,United States,4,3109.0,777.25
16491.0,Christian,Garcia,Canada,4,3106.0,776.5
15372.0,Miguel,Alexander,United States,3,3105.0,1035.0
15841.0,Luis,Shan,United States,3,3105.0,1035.0
15941.0,Bailey,Brooks,United States,3,3105.0,1035.0
19051.0,Taylor,Henderson,France,4,3105.0,776.25
19944.0,Jonathon,Suarez,Germany,3,3105.0,1035.0
20549.0,Jennifer,Morris,Germany,3,3105.0,1035.0
15419.0,Carlos,Baker,United States,2,3103.0,1551.5
15915.0,Alex,Cox,United States,2,3103.0,1551.5
17933.0,Virginia,Prasad,United Kingdom,5,3103.0,620.6
13722.0,Luke,Campbell,United States,6,3102.0,517.0
15345.0,Ashley,Perry,United States,5,3102.0,620.4
21516.0,Larry,Serrano,United Kingdom,4,3102.0,775.5
16098.0,Jasmine,Diaz,Canada,7,3101.0,443.0
14664.0,Kayla,Ross,United States,5,3100.0,620.0
15493.0,Eric,Chen,United States,3,3100.0,1033.3333333333333
15535.0,Jordan,Scott,United States,3,3100.0,1033.3333333333333
15565.0,Kyle,Mitchell,United States,3,3100.0,1033.3333333333333
15968.0,Edward,Gonzalez,United States,3,3100.0,1033.3333333333333
15990.0,Eduardo,Richardson,United States,3,3100.0,1033.3333333333333
20598.0,Jackson,Powell,Germany,3,3100.0,1033.3333333333333
15455.0,Denise,Raman,France,6,3099.0,516.5
13855.0,Sarah,Washington,United States,5,3095.0,619.0
20575.0,Stacey,Cai,United Kingdom,6,3095.0,515.8333333333334
15948.0,Angela,Hughes,United States,4,3093.0,773.25
16446.0,Kristine,Munoz,United Kingdom,4,3093.0,773.25
13059.0,Keith,Deng,United States,5,3089.0,617.8
13085.0,Daniel,Harris,United States,5,3089.0,617.8
15666.0,Bianca,Liang,France,5,3089.0,617.8
19041.0,Autumn,Zheng,France,4,3089.0,772.25
15750.0,Kaitlin,Martinez,United States,3,3088.0,1029.3333333333333
15462.0,Tony,Chande,France,4,3086.0,771.5
13849.0,Preston,Rodriguez,United States,4,3085.0,771.25
13055.0,Patrick,Gray,United States,5,3084.0,616.8
13889.0,Robert,Martin,United States,5,3084.0,616.8
13939.0,Eduardo,Ramirez,United States,5,3084.0,616.8
14656.0,Bryant,Fernandez,United States,5,3084.0,616.8
15023.0,Juan,Watson,United States,4,3080.0,770.0
15199.0,Joe,Jordan,United States,3,3080.0,1026.6666666666667
15840.0,Natalie,Peterson,United States,3,3080.0,1026.6666666666667
15914.0,Logan,Bryant,United States,3,3080.0,1026.6666666666667
17753.0,Kendra,Sanz,United Kingdom,6,3080.0,513.3333333333334
18000.0,Ramon,She,United Kingdom,6,3080.0,513.3333333333334
19902.0,Johnny,Pal,France,3,3080.0,1026.6666666666667
20577.0,Sheila,Romero,United Kingdom,3,3080.0,1026.6666666666667
11084.0,Lucas,Phillips,United States,5,3078.0,615.6
13716.0,Brandon,Jai,United States,5,3078.0,615.6
15303.0,Haley,Patterson,United States,2,3078.0,1539.0
15480.0,Denise,Lopez,United States,2,3078.0,1539.0
15569.0,Morgan,Ward,United States,2,3078.0,1539.0
15980.0,Gabrielle,Morgan,United States,2,3078.0,1539.0
19941.0,Cedric,Liang,United Kingdom,6,3078.0,513.0
14601.0,Nicolas,Rai,United States,4,3076.0,769.0
14657.0,John,Thomas,United States,4,3076.0,769.0
13806.0,Bryant,Mehta,France,7,3075.0,439.2857142857143
17639.0,Heather,Ma,United Kingdom,4,3075.0,768.75
20567.0,Nicolas,Anand,United Kingdom,3,3074.0,1024.6666666666667
15004.0,Suzanne,Hu,France,5,3073.0,614.6
23993.0,Rachael,Fernandez,Australia,4,3072.0,768.0
13938.0,Alejandro,Cai,United States,6,3071.0,511.8333333333333
14796.0,Michael,Miller,France,6,3071.0,511.8333333333333
16452.0,Cassie,Luo,United Kingdom,6,3071.0,511.8333333333333
16946.0,Teresa,Diaz,United Kingdom,4,3071.0,767.75
17937.0,Heidi,Kapoor,United Kingdom,4,3069.0,767.25
16810.0,Michael,Rodriguez,Canada,3,3064.0,1021.3333333333334
18175.0,Carrie,Hernandez,France,4,3064.0,766.0
13779.0,Manuel,Garcia,France,6,3063.0,510.5
18143.0,Chad,Shen,France,5,3063.0,612.6
19028.0,Cedric,Wang,France,5,3063.0,612.6
13718.0,Marcus,Barnes,United States,3,3062.0,1020.6666666666666
16758.0,Justin,Perry,Canada,2,3062.0,1531.0
23321.0,Karl,Xu,Australia,5,3061.0,612.2
13871.0,Sarah,Gonzales,United States,5,3060.0,612.0
13067.0,Olivia,Garcia,United States,4,3059.0,764.75
20564.0,Jessie,Gao,United Kingdom,4,3059.0,764.75
14926.0,Juan,Rogers,France,5,3058.0,611.6
14998.0,Robert,Rodriguez,France,5,3058.0,611.6
16201.0,Ross,Martin,United Kingdom,5,3058.0,611.6
17798.0,Robin,Ortega,United Kingdom,5,3058.0,611.6
14596.0,Amber,Hill,United States,5,3056.0,611.2
16654.0,Heather,Zhang,Canada,4,3056.0,764.0
14599.0,Charles,Wilson,United States,3,3054.0,1018.0
15674.0,Tommy,Raheem,Germany,4,3053.0,763.25
24179.0,Robyn,Blanco,Australia,5,3052.0,610.4
26115.0,Savannah,Mitchell,Canada,6,3052.0,508.6666666666667
22580.0,Alexis,Long,Australia,5,3051.0,610.2
15003.0,Dennis,Yang,France,6,3048.0,508.0
15649.0,Melinda,Jimenez,Germany,5,3048.0,609.6
15659.0,Angela,Rivera,Germany,5,3047.0,609.4
24160.0,Carl,Yuan,Australia,3,3047.0,1015.6666666666666
24165.0,Gilbert,Gao,Australia,3,3047.0,1015.6666666666666
25048.0,Yolanda,Sharma,Canada,3,3047.0,1015.6666666666666
13747.0,Brian,Torres,United States,4,3045.0,761.25
13915.0,Allison,King,United States,4,3045.0,761.25
17948.0,Cheryl,Vazquez,United Kingdom,5,3045.0,609.0
17896.0,Renee,Gutierrez,United Kingdom,6,3044.0,507.3333333333333
18163.0,Gabriel,Zhang,France,5,3044.0,608.8
13884.0,Jada,Rogers,United States,6,3043.0,507.1666666666667
17889.0,Blake,Taylor,United Kingdom,3,3043.0,1014.3333333333334
17968.0,Nina,Black,United Kingdom,3,3043.0,1014.3333333333334
18137.0,Gabriel,Kumar,France,5,3043.0,608.6
23322.0,Wesley,Li,Australia,4,3042.0,760.5
24007.0,Randy,Huang,Australia,4,3042.0,760.5
24176.0,Marie,Jimenez,Australia,4,3042.0,760.5
14584.0,Gabrielle,Mitchell,United States,6,3040.0,506.6666666666667
14944.0,Sebastian,Watson,France,4,3040.0,760.0
17969.0,Jeffery,Li,United Kingdom,4,3040.0,760.0
17790.0,Darryl,Ye,United Kingdom,4,3039.0,759.75
16267.0,Edwin,Chen,Germany,3,3037.0,1012.3333333333334
16546.0,Terrance,Jordan,United Kingdom,4,3037.0,759.25
14510.0,Samuel,Hernandez,United States,5,3036.0,607.2
14603.0,Sara,Ward,United States,4,3034.0,758.5
18132.0,Adrienne,Blanco,France,4,3034.0,758.5
19942.0,Armando,Navarro,United Kingdom,4,3034.0,758.5
20552.0,Heather,Liang,United Kingdom,4,3034.0,758.5
13066.0,Carson,Perry,United States,5,3033.0,606.6
13714.0,Amanda,Ward,United States,5,3033.0,606.6
18621.0,Cassandra,Prasad,United Kingdom,3,3033.0,1011.0
13058.0,Ramon,Huang,United States,5,3032.0,606.4
21359.0,Johnny,Luo,Australia,5,3032.0,606.4
13877.0,Adam,Lal,United States,4,3030.0,757.5
16561.0,Kurt,Yuan,United Kingdom,4,3030.0,757.5
19027.0,Mayra,Madan,France,3,3029.0,1009.6666666666666
16541.0,Micah,Hu,United Kingdom,4,3028.0,757.0
15622.0,Yvonne,Schleger,Germany,4,3027.0,756.75
18627.0,Kristine,Gomez,United Kingdom,4,3027.0,756.75
17849.0,Wesley,He,United Kingdom,4,3025.0,756.25
14648.0,Eric,Evans,United States,4,3024.0,756.0
13662.0,Miguel,Roberts,France,3,3021.0,1007.0
13793.0,Jason,Gonzales,France,3,3021.0,1007.0
13883.0,Brandon,Lal,United States,3,3021.0,1007.0
13892.0,Spencer,Diaz,United States,3,3021.0,1007.0
13906.0,Courtney,Evans,United States,3,3021.0,1007.0
13927.0,Gabriel,Gonzales,United States,3,3021.0,1007.0
14555.0,Jodi,Kumar,France,5,3021.0,604.2
16272.0,Raul,Deng,United Kingdom,3,3021.0,1007.0
16318.0,Kellie,Moreno,United Kingdom,5,3021.0,604.2
16428.0,Ryan,Ross,United Kingdom,5,3021.0,604.2
16470.0,Wesley,Guo,United Kingdom,3,3021.0,1007.0
17097.0,Deanna,Kapoor,United Kingdom,5,3021.0,604.2
17627.0,Dennis,Chen,United Kingdom,5,3021.0,604.2
17782.0,Casey,Shan,United Kingdom,3,3021.0,1007.0
18131.0,Ann,Malhotra,France,3,3021.0,1007.0
17813.0,Jay,Nicholls,United Kingdom,5,3020.0,604.0
20558.0,Brianna,Stewart,United Kingdom,2,3019.0,1509.5
13705.0,Blake,Mitchell,United States,3,3018.0,1006.0
14154.0,Willie,Gao,France,6,3018.0,503.0
17978.0,Armando,Diaz,United Kingdom,5,3018.0,603.6
19904.0,Jasmine,Gray,Germany,4,3018.0,754.5
21001.0,Clinton,Gutierrez,Australia,3,3018.0,1006.0
22175.0,Joy,Dominguez,Australia,3,3018.0,1006.0
22406.0,Kelvin,Shen,Australia,3,3018.0,1006.0
22412.0,Drew,Andersen,Australia,3,3018.0,1006.0
22575.0,Orlando,Blanco,Australia,3,3018.0,1006.0
24170.0,Jaime,Hernandez,Australia,3,3018.0,1006.0
24274.0,Shaun,Shan,Australia,3,3018.0,1006.0
25104.0,Natalie,Parker,Canada,3,3018.0,1006.0
25981.0,Isaiah,Howard,Canada,3,3018.0,1006.0
26040.0,Ana,Butler,Canada,3,3018.0,1006.0
14538.0,Katherine,Brown,France,5,3017.0,603.4
17644.0,Rebecca,Adams,United Kingdom,3,3017.0,1005.6666666666666
14572.0,Melanie,Foster,United States,3,3016.0,1005.3333333333334
14585.0,Kimberly,Torres,United States,3,3016.0,1005.3333333333334
19901.0,Ronald,Sara,Germany,3,3016.0,1005.3333333333334
16271.0,Michele,Gutierrez,Germany,4,3014.0,753.5
13799.0,Bryan,Bailey,France,4,3010.0,752.5
13840.0,Tommy,Pal,France,4,3010.0,752.5
16277.0,Christy,Luo,United Kingdom,4,3010.0,752.5
17115.0,Karen,Xu,United Kingdom,4,3008.0,752.0
24960.0,Brianna,Gray,Canada,4,3008.0,752.0
22174.0,Micah,Lu,Australia,3,3007.0,1002.3333333333334
23100.0,Christy,Raje,Australia,4,3006.0,751.5
24171.0,Jarrod,Chandra,Australia,5,3006.0,601.2
24162.0,Grant,Raje,Australia,3,3004.0,1001.3333333333334
13667.0,Andres,Deng,France,3,3001.0,1000.3333333333334
13766.0,Joe,Gill,France,3,3001.0,1000.3333333333334
13811.0,Sandra,Chen,France,3,3001.0,1000.3333333333334
14524.0,Carla,Prasad,France,3,3001.0,1000.3333333333334
14701.0,Maurizio,Macagno,France,5,3001.0,600.2
14798.0,Colleen,Nara,France,3,3001.0,1000.3333333333334
16260.0,Gina,Schmidt,United Kingdom,5,3001.0,600.2
16317.0,Joel,Raman,United Kingdom,3,3001.0,1000.3333333333334
16328.0,Maurice,Rai,United Kingdom,3,3001.0,1000.3333333333334
16417.0,Noah,Bryant,United Kingdom,3,3001.0,1000.3333333333334
16447.0,Kate,Becker,United Kingdom,5,3001.0,600.2
16530.0,Priscilla,Chander,United Kingdom,3,3001.0,1000.3333333333334
16550.0,Frederick,Madan,United Kingdom,3,3001.0,1000.3333333333334
16553.0,Gabriella,Roberts,United Kingdom,3,3001.0,1000.3333333333334
16562.0,Colleen,Zhang,United Kingdom,3,3001.0,1000.3333333333334
16573.0,Ruben,Dominguez,United Kingdom,3,3001.0,1000.3333333333334
17094.0,Julio,Dominguez,United Kingdom,3,3001.0,1000.3333333333334
17626.0,Alfredo,Blanco,United Kingdom,3,3001.0,1000.3333333333334
17632.0,Jimmy,Serrano,United Kingdom,5,3001.0,600.2
17960.0,Marie,Rodriguez,United Kingdom,3,3001.0,1000.3333333333334
17965.0,Warren,Chander,United Kingdom,3,3001.0,1000.3333333333334
17979.0,Lisa,Lin,United Kingdom,5,3001.0,600.2
18028.0,Jessie,Zheng,United Kingdom,3,3001.0,1000.3333333333334
18620.0,Randall,Navarro,United Kingdom,3,3001.0,1000.3333333333334
15022.0,Latasha,Gutierrez,Australia,3,2999.0,999.6666666666666
21361.0,Ricky,Romero,Australia,4,2997.0,749.25
22168.0,Erica,Wang,Australia,4,2997.0,749.25
22572.0,Karen,Cai,Australia,4,2997.0,749.25
23325.0,Tiffany,Zimmerman,Australia,4,2997.0,749.25
24241.0,Colin,Zhao,Australia,4,2997.0,749.25
14501.0,Ruben,Prasad,United States,2,2994.0,1497.0
15006.0,Grace,Jackson,United States,2,2994.0,1497.0
20562.0,Jim,Rodman,United Kingdom,2,2994.0,1497.0
15064.0,Erik,Rubio,France,3,2992.0,997.3333333333334
15656.0,Darryl,Zhao,Germany,3,2992.0,997.3333333333334
16278.0,Angel,Turner,Germany,3,2992.0,997.3333333333334
21002.0,Carolyn,Rodriguez,Australia,3,2992.0,997.3333333333334
21379.0,Colleen,Huang,Australia,3,2992.0,997.3333333333334
16554.0,Casey,Chander,United Kingdom,5,2990.0,598.0
13742.0,Benjamin,Ross,United States,5,2988.0,597.6
14348.0,Alex,Scott,Australia,5,2988.0,597.6
16311.0,Carl,Beck,United Kingdom,5,2988.0,597.6
18026.0,Alisha,He,United Kingdom,5,2988.0,597.6
21349.0,Bryan,Kelly,Canada,5,2988.0,597.6
13862.0,Andrew,Walker,United States,3,2986.0,995.3333333333334
17085.0,Edwin,Deng,United Kingdom,4,2986.0,746.5
16305.0,Stanley,Gonzalez,Germany,2,2983.0,1491.5
17795.0,Jaime,Diaz,United Kingdom,2,2983.0,1491.5
17812.0,Casey,Nara,United Kingdom,4,2983.0,745.75
17829.0,Audrey,Gutierrez,United Kingdom,4,2983.0,745.75
17981.0,Fernando,Mitchell,United Kingdom,2,2983.0,1491.5
22401.0,Ian,Price,Australia,2,2983.0,1491.5
22404.0,Margaret,Xu,Australia,2,2983.0,1491.5
22410.0,Cassandra,Arthur,Australia,2,2983.0,1491.5
23099.0,Kristi,Suarez,Australia,2,2983.0,1491.5
23995.0,Bradley,Carson,Australia,2,2983.0,1491.5
24000.0,Randy,Yang,Australia,2,2983.0,1491.5
24001.0,Arthur,Raman,Australia,2,2983.0,1491.5
24161.0,Luke,Kumar,Australia,2,2983.0,1491.5
24167.0,Lacey,Zhu,Australia,2,2983.0,1491.5
24174.0,Keith,Chander,Australia,2,2983.0,1491.5
24251.0,Jay,Browning,Australia,2,2983.0,1491.5
25287.0,Paige,Sanders,Canada,2,2983.0,1491.5
13856.0,Ian,Scott,United States,4,2982.0,745.5
13890.0,Jennifer,Carter,United States,4,2982.0,745.5
16427.0,Kendra,Alonso,United Kingdom,5,2975.0,595.0
14818.0,Diane,Ruiz,France,5,2974.0,594.8
26619.0,Thomas,Hill,United States,3,2972.0,990.6666666666666
26646.0,Jordyn,Perry,United States,3,2972.0,990.6666666666666
14708.0,Evelyn,Kapoor,France,4,2966.0,741.5
17977.0,Valerie,Zeng,United Kingdom,4,2966.0,741.5
13029.0,Jennifer,Foster,United States,3,2961.0,987.0
13744.0,Alvin,Andersen,United States,3,2959.0,986.3333333333334
16420.0,Eddie,Alonso,United Kingdom,3,2959.0,986.3333333333334
13741.0,Haley,Morgan,United States,2,2951.0,1475.5
15208.0,Colleen,Luo,Australia,5,2951.0,590.2
15266.0,Briana,Suarez,Australia,6,2934.0,489.0
14671.0,Cristina,Lal,Australia,6,2933.0,488.8333333333333
22172.0,Cesar,Sara,Australia,8,2932.0,366.5
15210.0,Kurt,Raje,Australia,4,2926.0,731.5
21384.0,Ronnie,Lin,Australia,6,2921.0,486.8333333333333
14670.0,Leslie,Gill,Australia,4,2919.0,729.75
15169.0,Zachary,Miller,Australia,4,2919.0,729.75
15209.0,Frank,Romero,Australia,5,2916.0,583.2
26322.0,Justin,Zhang,United States,4,2912.0,728.0
15211.0,Kenneth,Luo,Australia,3,2910.0,970.0
15575.0,Alvin,Ye,Australia,3,2910.0,970.0
15580.0,Ruben,Raman,Australia,3,2910.0,970.0
15582.0,Jeffery,Cai,Australia,5,2907.0,581.4
23313.0,Corey,Lal,Australia,5,2906.0,581.2
14347.0,Tara,Goel,Australia,4,2899.0,724.75
15265.0,Kristopher,Malhotra,Australia,4,2897.0,724.25
26634.0,Devin,Walker,United States,7,2896.0,413.7142857142857
26626.0,Dalton,Taylor,United States,6,2891.0,481.8333333333333
26575.0,Toni,Gonzalez,United States,6,2890.0,481.6666666666667
26606.0,Hannah,Harris,United States,6,2890.0,481.6666666666667
26647.0,Jasmine,Simmons,United States,4,2890.0,722.5
17750.0,Shawna,Jai,United Kingdom,4,2889.0,722.25
21423.0,Connor,Adams,Canada,5,2888.0,577.6
26633.0,Gabrielle,Ward,United States,6,2883.0,480.5
26312.0,Elizabeth,Wood,United States,5,2881.0,576.2
26608.0,Aaron,Nelson,United States,5,2881.0,576.2
26617.0,Isaiah,Peterson,United States,5,2881.0,576.2
26308.0,Sara,Kelly,United States,3,2867.0,955.6666666666666
26317.0,Amanda,Wright,United States,5,2862.0,572.4
26601.0,Kyle,Gonzalez,United States,5,2862.0,572.4
26329.0,Angelica,Bryant,United States,5,2860.0,572.0
24778.0,Sean,Baker,Canada,5,2859.0,571.8
15027.0,Tommy,Jai,Australia,4,2853.0,713.25
15267.0,Kendra,Alvarez,Australia,3,2853.0,951.0
26307.0,Alexander,Miller,United States,3,2848.0,949.3333333333334
26499.0,Renee,Ruiz,United States,3,2848.0,949.3333333333334
26513.0,Stacy,Moreno,United States,3,2848.0,949.3333333333334
26632.0,Isabella,Moore,United States,3,2848.0,949.3333333333334
28904.0,Ian,Flores,France,3,2848.0,949.3333333333334
26546.0,Miguel,Bennett,United States,4,2847.0,711.75
17772.0,Leonard,Andersen,United Kingdom,7,2846.0,406.57142857142856
25991.0,Arianna,Hayes,Canada,6,2846.0,474.3333333333333
24270.0,Latasha,Ortega,Australia,6,2845.0,474.1666666666667
26623.0,Alexandra,Ross,United States,3,2841.0,947.0
15268.0,Shannon,Wu,Australia,2,2840.0,1420.0
17717.0,Jeremiah,Miller,United Kingdom,6,2840.0,473.3333333333333
26579.0,Hunter,Hayes,United States,5,2840.0,568.0
26635.0,Jasmine,Harris,United States,5,2840.0,568.0
22571.0,Armando,Vazquez,Australia,5,2835.0,567.0
23316.0,Billy,Blanco,Australia,5,2835.0,567.0
14995.0,Stefanie,Malhotra,France,4,2833.0,708.25
15229.0,Calvin,Rai,Australia,4,2833.0,708.25
17715.0,Rafael,Pal,United Kingdom,4,2832.0,708.0
26520.0,Chloe,Ramirez,United States,5,2827.0,565.4
26625.0,Lauren,Barnes,United States,4,2827.0,706.75
26618.0,Amanda,Morris,United States,3,2826.0,942.0
26624.0,Elizabeth,Russell,United States,3,2826.0,942.0
26315.0,Taylor,Peterson,United States,4,2825.0,706.25
16290.0,Russell,Nath,Germany,6,2823.0,470.5
26311.0,Brenda,Rodriguez,United States,3,2822.0,940.6666666666666
26545.0,Taylor,Ross,United States,3,2822.0,940.6666666666666
26581.0,Mariah,Patterson,United States,3,2822.0,940.6666666666666
22583.0,Troy,Sara,Australia,6,2821.0,470.1666666666667
26330.0,Marcus,Diaz,United States,3,2821.0,940.3333333333334
26521.0,Nathan,Taylor,United States,3,2821.0,940.3333333333334
19294.0,Stanley,Garcia,Germany,6,2820.0,470.0
26622.0,Jan,Howard,United States,3,2820.0,940.0
15213.0,Briana,Martin,Australia,2,2818.0,1409.0
13068.0,Alexandria,Morris,United States,5,2816.0,563.2
15456.0,Donald,Suri,Germany,5,2816.0,563.2
26484.0,Fernando,Patterson,United States,2,2813.0,1406.5
26485.0,Jason,Bryant,United States,2,2813.0,1406.5
26510.0,Jack,Scott,United States,2,2813.0,1406.5
26607.0,Natalie,Powell,United States,2,2813.0,1406.5
26631.0,Isaiah,Stewart,United States,2,2813.0,1406.5
26681.0,Zachary,Jackson,United States,2,2813.0,1406.5
17958.0,Ricardo,Lal,United Kingdom,5,2812.0,562.4
24178.0,Clifford,Sara,Australia,4,2811.0,702.75
13060.0,Eugene,Zhu,United States,6,2808.0,468.0
14957.0,Lacey,Shan,France,4,2808.0,702.0
24003.0,Warren,Kumar,Australia,4,2807.0,701.75
17700.0,Hector,Torres,United Kingdom,4,2806.0,701.5
20998.0,Eugene,She,Australia,6,2806.0,467.6666666666667
26644.0,Jenna,Hernandez,United States,4,2805.0,701.25
26676.0,Emily,Jenkins,United States,4,2805.0,701.25
14960.0,Leonard,Pal,France,4,2804.0,701.0
15067.0,Dana,Alvarez,France,4,2804.0,701.0
15665.0,Kristi,Sai,France,4,2804.0,701.0
16273.0,Marie,Martinez,France,4,2804.0,701.0
17841.0,Walter,Navarro,United Kingdom,4,2804.0,701.0
14851.0,Karla,Tang,France,7,2803.0,400.42857142857144
15463.0,Terrence,Yuan,France,7,2803.0,400.42857142857144
26306.0,Kyle,Holt,United States,3,2800.0,933.3333333333334
26309.0,Julian,Powell,United States,3,2800.0,933.3333333333334
26331.0,Melanie,Powell,United States,3,2800.0,933.3333333333334
26343.0,Mariah,Washington,United States,3,2800.0,933.3333333333334
26351.0,Emma,Moore,United States,3,2800.0,933.3333333333334
26486.0,Andrea,Cook,United States,3,2800.0,933.3333333333334
26509.0,Seth,Taylor,United States,3,2800.0,933.3333333333334
26600.0,Michelle,Gray,United States,3,2800.0,933.3333333333334
26616.0,Colin,Goel,United States,3,2800.0,933.3333333333334
26645.0,Morgan,Richardson,United States,3,2800.0,933.3333333333334
23101.0,Barbara,Lal,Australia,6,2795.0,465.8333333333333
17743.0,Gerald,Gomez,United Kingdom,4,2794.0,698.5
17775.0,Ricky,Moreno,France,5,2794.0,558.8
18021.0,Trisha,She,United Kingdom,4,2794.0,698.5
18633.0,Adam,Jenkins,United Kingdom,6,2794.0,465.6666666666667
17972.0,Alisha,Ma,United Kingdom,4,2792.0,698.0
17974.0,Kate,Raje,United Kingdom,6,2792.0,465.3333333333333
17720.0,Deanna,Diaz,United Kingdom,4,2791.0,697.75
23994.0,Raymond,Subram,Australia,5,2791.0,558.2
24168.0,Manuel,Srini,Australia,5,2791.0,558.2
26344.0,Natalie,Hughes,United States,2,2791.0,1395.5
26614.0,Richard,Robinson,United States,2,2791.0,1395.5
26627.0,Jose,Alexander,United States,2,2791.0,1395.5
24166.0,Renee,Alonso,Australia,5,2790.0,558.0
17892.0,Ronnie,Xu,United Kingdom,5,2788.0,557.6
13721.0,Lucas,Howard,United States,5,2787.0,557.4
14948.0,Damien,Lal,France,5,2787.0,557.4
14267.0,Lauren,Wood,United States,4,2786.0,696.5
22399.0,Arthur,Fernandez,Australia,3,2786.0,928.6666666666666
15002.0,Jenny,Lin,France,3,2782.0,927.3333333333334
15061.0,Margaret,Ma,France,3,2782.0,927.3333333333334
15457.0,Adriana,Martinez,Germany,3,2782.0,927.3333333333334
16252.0,Danny,Jiménez,Germany,3,2782.0,927.3333333333334
17943.0,Joe,Romero,United Kingdom,3,2782.0,927.3333333333334
13715.0,Eduardo,Sanchez,United States,4,2779.0,694.75
14946.0,Frederick,Vance,France,4,2779.0,694.75
16268.0,Lindsey,Kumar,France,5,2779.0,555.8
16269.0,Tara,Nath,Germany,5,2779.0,555.8
16289.0,Julie,Pal,France,4,2779.0,694.75
17897.0,Darrell,Kumar,France,4,2779.0,694.75
17990.0,Kristina,Patel,United Kingdom,4,2779.0,694.75
17962.0,Colin,Zhou,United Kingdom,4,2778.0,694.5
17752.0,Deanna,Hernandez,France,4,2776.0,694.0
15663.0,Mandy,Chen,France,3,2772.0,924.0
16270.0,Jerome,Hernandez,Germany,5,2772.0,554.4
15070.0,Alfredo,Navarro,France,4,2771.0,692.75
15664.0,Jill,Vazquez,Germany,5,2771.0,554.2
21389.0,Jamie,Sun,Australia,5,2771.0,554.2
22408.0,Clarence,Shan,Australia,5,2771.0,554.2
22411.0,Amy,He,Australia,5,2771.0,554.2
23097.0,Tony,Natsuhara,Australia,5,2771.0,554.2
24173.0,Lacey,Wang,Australia,5,2771.0,554.2
24248.0,Jake,Lin,Australia,5,2771.0,554.2
24257.0,Alan,Shen,Australia,5,2771.0,554.2
16288.0,Edwin,Shen,France,3,2769.0,923.0
17098.0,Willie,Shan,United Kingdom,3,2769.0,923.0
17109.0,Sydney,Wilson,France,5,2769.0,553.8
17755.0,Zoe,Cox,United Kingdom,3,2769.0,923.0
17744.0,Chad,Nath,United Kingdom,4,2766.0,691.5
14272.0,Sydney,Ward,United States,5,2765.0,553.0
17932.0,Barry,Srini,France,5,2765.0,553.0
19289.0,Johnathan,Patel,Germany,5,2765.0,553.0
19283.0,Adrian,Sanders,Germany,4,2764.0,691.0
17803.0,Renee,Hernandez,United Kingdom,5,2761.0,552.2
17095.0,Logan,Garcia,France,4,2760.0,690.0
24164.0,Teresa,Gomez,Australia,5,2760.0,552.0
15451.0,Linda,Munoz,France,3,2757.0,919.0
16197.0,Heidi,Prasad,Germany,3,2757.0,919.0
16259.0,Ebony,Sai,France,3,2757.0,919.0
22407.0,Carolyn,Gonzalez,Australia,3,2757.0,919.0
22582.0,Evelyn,Madan,Australia,3,2757.0,919.0
22986.0,Carly,Jai,Australia,3,2757.0,919.0
23998.0,Arturo,Raji,Australia,3,2757.0,919.0
24005.0,Julio,Jimenez,Australia,3,2757.0,919.0
24159.0,Christine,Luo,Australia,3,2757.0,919.0
24163.0,Micah,Guo,Australia,3,2757.0,919.0
24242.0,Amy,Zeng,Australia,3,2757.0,919.0
24249.0,Jesse,Howard,Australia,3,2757.0,919.0
26200.0,Ian,Baker,Canada,3,2757.0,919.0
15072.0,Whitney,Subram,France,3,2756.0,918.6666666666666
14088.0,Alexandra,Lopez,United States,3,2755.0,918.3333333333334
14354.0,Seth,Green,United States,3,2755.0,918.3333333333334
17754.0,Stephanie,King,France,3,2755.0,918.3333333333334
17827.0,Maria,Coleman,France,3,2755.0,918.3333333333334
19286.0,Kaitlyn,Butler,Germany,3,2755.0,918.3333333333334
14965.0,Edwin,Zhou,France,5,2754.0,550.8
15655.0,Deanna,Gomez,Germany,5,2754.0,550.8
17890.0,Derrick,Jiménez,United Kingdom,4,2754.0,688.5
18625.0,Derrick,Moreno,United Kingdom,5,2754.0,550.8
14083.0,Nathan,Lopez,United States,3,2751.0,917.0
16942.0,Kaitlyn,Bennett,France,3,2751.0,917.0
17646.0,Leah,Xu,France,3,2751.0,917.0
17773.0,Crystal,Lin,France,3,2751.0,917.0
17830.0,Carlos,Scott,France,3,2751.0,917.0
17900.0,Victoria,Snowden,France,3,2751.0,917.0
17944.0,Riley,Rivera,France,3,2751.0,917.0
19285.0,Jacqueline,Howard,Germany,3,2751.0,917.0
17831.0,Noah,Long,France,5,2750.0,550.0
17959.0,Ebony,Srini,United Kingdom,4,2749.0,687.25
22581.0,Theresa,Vazquez,Australia,5,2749.0,549.8
24266.0,Melvin,Chander,Australia,5,2749.0,549.8
25971.0,Savannah,Young,Canada,5,2749.0,549.8
26202.0,Haley,Simmons,Canada,5,2749.0,549.8
14848.0,George,Louverdis,France,2,2747.0,1373.5
14966.0,Derrick,Vazquez,France,2,2747.0,1373.5
15071.0,Krista,Gutierrez,France,2,2747.0,1373.5
15454.0,Ian,Bennett,Germany,2,2747.0,1373.5
15460.0,Bethany,Nara,Germany,2,2747.0,1373.5
15651.0,Ann,Lopez,France,2,2747.0,1373.5
16051.0,Leonard,Xu,France,2,2747.0,1373.5
17794.0,Theodore,Rowe,United Kingdom,4,2746.0,686.5
22409.0,Candace,Madan,Australia,3,2746.0,915.3333333333334
24009.0,Alison,Anand,Australia,3,2746.0,915.3333333333334
20997.0,Joanna,Ashe,Australia,5,2745.0,549.0
21387.0,Nelson,Diaz,Australia,4,2745.0,686.25
22170.0,Cynthia,Martinez,Australia,4,2745.0,686.25
23098.0,Pedro,Rubio,Australia,4,2745.0,686.25
23314.0,Alfredo,Munoz,Australia,5,2745.0,549.0
23323.0,Alfredo,Alonso,Australia,4,2745.0,686.25
23996.0,Richard,Lee,Australia,5,2745.0,549.0
24002.0,Thomas,Harris,Australia,5,2745.0,549.0
24004.0,César,Raman,Australia,5,2745.0,549.0
24252.0,Jaclyn,Xu,Australia,5,2745.0,549.0
24271.0,Leonard,Shen,Australia,4,2745.0,686.25
25989.0,Jeremy,Price,Canada,5,2745.0,549.0
17747.0,Franklin,Xie,United Kingdom,3,2744.0,914.6666666666666
22577.0,Bryant,Sai,Australia,3,2743.0,914.3333333333334
24175.0,Lacey,Luo,Australia,3,2743.0,914.3333333333334
19257.0,Dana,Jiménez,Germany,5,2739.0,547.8
24250.0,Carmen,Suri,Australia,4,2739.0,684.75
22400.0,Ruben,Martin,Australia,5,2738.0,547.6
13704.0,Victoria,Davis,United States,4,2737.0,684.25
14268.0,Isabella,Roberts,United States,3,2736.0,912.0
17634.0,Kaitlin,Rana,France,3,2736.0,912.0
17641.0,Lorrin,Smith-Bates,France,3,2736.0,912.0
17714.0,Tanya,Gutierrez,France,3,2736.0,912.0
17739.0,Colin,Cai,France,3,2736.0,912.0
17891.0,Sharon,Lal,France,3,2736.0,912.0
18047.0,Latasha,Alvarez,Germany,3,2736.0,912.0
19284.0,Briana,Romero,Germany,3,2736.0,912.0
19288.0,Candice,Wang,Germany,3,2736.0,912.0
19321.0,Clifford,Weber,Germany,3,2736.0,912.0
20999.0,Carolyn,Garcia,Australia,4,2736.0,684.0
21380.0,Candace,Sara,Australia,4,2736.0,684.0
22173.0,Bianca,Cai,Australia,4,2736.0,684.0
22578.0,Juan,Vazquez,Australia,4,2736.0,684.0
24169.0,Lydia,Martinez,Australia,4,2736.0,684.0
24172.0,Jessie,Hernandez,Australia,4,2736.0,684.0
24272.0,Martha,Wang,Australia,4,2736.0,684.0
25408.0,Karen,Zhao,Canada,4,2736.0,684.0
13069.0,Adam,Green,United States,3,2732.0,910.6666666666666
15079.0,Jose,Martin,France,3,2732.0,910.6666666666666
16052.0,Danny,Gutierrez,France,3,2732.0,910.6666666666666
17080.0,Katelyn,Peterson,France,5,2732.0,546.4
17633.0,Gary,Dominguez,France,5,2732.0,546.4
17950.0,Alberto,Ortega,France,5,2732.0,546.4
19188.0,Dalton,Anderson,Germany,5,2732.0,546.4
22579.0,Kara,Lal,Australia,3,2731.0,910.3333333333334
23102.0,Barbara,Zeng,Australia,3,2731.0,910.3333333333334
23320.0,Kendra,Gomez,Australia,3,2731.0,910.3333333333334
23324.0,Deborah,Deng,Australia,3,2731.0,910.3333333333334
23999.0,Gilbert,Li,Australia,3,2731.0,910.3333333333334
24008.0,Monique,Munoz,Australia,3,2731.0,910.3333333333334
26113.0,Caitlin,Rivera,Canada,3,2731.0,910.3333333333334
19314.0,Alvin,Beck,Germany,4,2730.0,682.5
17787.0,Alejandro,Zhao,France,3,2726.0,908.6666666666666
14925.0,Ashley,Hughes,France,2,2722.0,1361.0
14930.0,Cindy,Sara,France,2,2722.0,1361.0
16253.0,Bethany,Lal,Germany,2,2722.0,1361.0
21000.0,Geoffrey,Perez,Australia,2,2722.0,1361.0
22171.0,Meredith,Gonzalez,Australia,2,2722.0,1361.0
22402.0,Clarence,Xie,Australia,2,2722.0,1361.0
22573.0,Lance,Sanz,Australia,2,2722.0,1361.0
22576.0,Tony,Xu,Australia,2,2722.0,1361.0
24006.0,Peter,Deng,Australia,2,2722.0,1361.0
24177.0,Gina,Gill,Australia,2,2722.0,1361.0
24247.0,George,Sara,Australia,2,2722.0,1361.0
24273.0,Monique,Sanz,Australia,2,2722.0,1361.0
25288.0,Jordyn,Flores,Canada,2,2722.0,1361.0
25992.0,Stephanie,Flores,Canada,2,2722.0,1361.0
17756.0,Jill,Ashe,France,4,2715.0,678.75
17770.0,Grant,Xie,France,4,2715.0,678.75
17894.0,Hailey,Simmons,France,3,2710.0,903.3333333333334
14109.0,Aidan,Gonzales,United States,2,2701.0,1350.5
17099.0,Joel,Fernandez,France,2,2701.0,1350.5
17716.0,Cesar,Gonzalez,France,2,2701.0,1350.5
17885.0,Julio,Carlson,France,2,2701.0,1350.5
19254.0,Anibal,Sousa,Germany,2,2701.0,1350.5
19274.0,Karen,Yang,Germany,2,2701.0,1350.5
19316.0,Raymond,Srini,Germany,2,2701.0,1350.5
16161.0,Jodi,Deng,Australia,5,2700.0,540.0
13025.0,Reginald,Serrano,Australia,3,2690.0,896.6666666666666
21400.0,Adam,Campbell,Canada,5,2689.0,537.8
15830.0,Naomi,Alonso,Australia,5,2680.0,536.0
13036.0,Virginia,Subram,Australia,4,2677.0,669.25
29412.0,Melinda,Gutierrez,France,5,2671.0,534.2
21331.0,Timothy,James,Canada,4,2670.0,667.5
12573.0,Grant,Rai,Australia,3,2668.0,889.3333333333334
12575.0,Jaclyn,Shen,Australia,3,2668.0,889.3333333333334
12578.0,Gavin,Perry,Australia,3,2668.0,889.3333333333334
13021.0,Kendra,Diaz,Australia,4,2668.0,667.0
15790.0,Colin,Xu,Australia,4,2668.0,667.0
12589.0,Ruben,Rodriguez,Australia,4,2665.0,666.25
13024.0,Marc,Moreno,Australia,4,2665.0,666.25
13156.0,Bradley,Lal,Australia,4,2663.0,665.75
21501.0,Deb,Foster,Canada,3,2661.0,887.0
12570.0,Casey,Munoz,Australia,5,2654.0,530.8
12576.0,Walter,Dominguez,Australia,4,2653.0,663.25
21595.0,Juan,Ward,Canada,5,2649.0,529.8
21655.0,Zachary,Bryant,Canada,4,2648.0,662.0
12581.0,Kristina,Fernandez,Australia,3,2646.0,882.0
12583.0,Tyrone,Ortega,Australia,3,2646.0,882.0
15831.0,Omar,He,Australia,5,2646.0,529.2
21354.0,Morgan,Bailey,Canada,3,2646.0,882.0
21652.0,Julia,Bell,Canada,4,2646.0,661.5
15792.0,Ernest,Zhou,Australia,3,2645.0,881.6666666666666
13022.0,Rafael,Ma,Australia,4,2644.0,661.0
16160.0,Erika,Hernandez,Australia,4,2644.0,661.0
13018.0,Brendan,Xie,Australia,4,2642.0,660.5
12571.0,Jennifer,Green,Australia,4,2641.0,660.25
16163.0,Willie,Chande,Australia,4,2641.0,660.25
21658.0,Jocelyn,Powell,Canada,4,2641.0,660.25
27937.0,Kristine,Alvarez,Germany,5,2641.0,528.2
12588.0,Tracy,Chande,Australia,3,2639.0,879.6666666666666
16164.0,Amy,Liang,Australia,3,2639.0,879.6666666666666
22430.0,Brad,Chande,France,4,2639.0,659.75
13035.0,Kristy,Torres,Australia,5,2638.0,527.6
13518.0,Brendan,Goldstein,Australia,4,2638.0,659.5
21582.0,Amber,Roberts,Canada,5,2638.0,527.6
29388.0,Calvin,Kumar,France,5,2638.0,527.6
12586.0,Kellie,Hernandez,Australia,2,2636.0,1318.0
12584.0,Brittney,Ma,Australia,3,2633.0,877.6666666666666
12585.0,Ian,Martinez,Australia,4,2629.0,657.25
21336.0,Angel,Perez,Canada,4,2628.0,657.0
12574.0,Derek,Raje,Australia,4,2626.0,656.5
21352.0,Morgan,Long,Canada,4,2625.0,656.25
21629.0,Thomas,Thomas,Canada,3,2624.0,874.6666666666666
21620.0,Mariah,Brooks,Canada,3,2620.0,873.3333333333334
21642.0,Alexandra,Rodriguez,Canada,3,2620.0,873.3333333333334
20036.0,Kate,Tang,United States,5,2618.0,523.6
21332.0,Bailey,Carter,Canada,5,2616.0,523.2
21621.0,Jordan,Parker,Canada,5,2616.0,523.2
12577.0,Francis,Sanz,Australia,3,2614.0,871.3333333333334
21622.0,Ethan,Winston,Canada,5,2612.0,522.4
12572.0,Alisha,Chander,Australia,2,2611.0,1305.5
15832.0,Manuel,Martinez,Australia,2,2611.0,1305.5
15833.0,Tabitha,Kovar,Australia,2,2611.0,1305.5
21618.0,Elijah,Carter,Canada,3,2611.0,870.3333333333334
28757.0,Ronald,Rodriguez,France,2,2611.0,1305.5
21613.0,Caleb,Powell,Canada,3,2610.0,870.0
17949.0,Sophia,Mitchell,France,6,2605.0,434.1666666666667
28758.0,Troy,Rodriguez,France,4,2603.0,650.75
20037.0,Alyssa,Sanchez,United States,3,2596.0,865.3333333333334
18011.0,Frank,Gomez,France,6,2590.0,431.6666666666667
12579.0,Lydia,Sanchez,Australia,2,2589.0,1294.5
12580.0,Cedric,She,Australia,2,2589.0,1294.5
13020.0,Madalena,Sanchez,Australia,2,2589.0,1294.5
21589.0,Vanessa,Coleman,Canada,2,2589.0,1294.5
21614.0,William,Thomas,Canada,2,2589.0,1294.5
29389.0,Thomas,Phillips,France,2,2589.0,1294.5
29390.0,Summer,Rodriguez,France,2,2589.0,1294.5
14730.0,Jerry,Ferrier,United States,5,2588.0,517.6
16373.0,Sara,Cook,United States,5,2579.0,515.8
27944.0,Dalton,Bell,Germany,6,2579.0,429.8333333333333
20834.0,Brenda,Kapoor,United Kingdom,5,2567.0,513.4
21040.0,Chad,Luo,United Kingdom,5,2567.0,513.4
21104.0,Robin,Gutierrez,United Kingdom,5,2567.0,513.4
22501.0,Colin,Ye,France,6,2566.0,427.6666666666667
16790.0,Hunter,Lopez,United States,5,2565.0,513.0
20346.0,Angelica,Washington,United States,5,2565.0,513.0
16118.0,James,Wright,United States,5,2564.0,512.8
16366.0,Isabelle,Henderson,Canada,2,2563.0,1281.5
20405.0,Isaiah,Campbell,United States,2,2563.0,1281.5
22647.0,Taylor,Martinez,France,2,2563.0,1281.5
24573.0,Colin,Rai,United Kingdom,2,2563.0,1281.5
19319.0,Darryl,Guo,France,4,2562.0,640.5
20848.0,Vincent,Liu,United Kingdom,4,2558.0,639.5
20850.0,Lance,Navarro,United Kingdom,6,2557.0,426.1666666666667
24847.0,Tonya,Nath,United Kingdom,4,2552.0,638.0
17973.0,Johnathan,Rodriguez,France,6,2551.0,425.1666666666667
19276.0,Ruben,Sai,France,5,2548.0,509.6
19296.0,Jake,Zheng,France,5,2548.0,509.6
20837.0,Jimmy,Rubio,United Kingdom,5,2548.0,509.6
21036.0,Ruben,Hernandez,United Kingdom,5,2548.0,509.6
21056.0,Walter,Munoz,United Kingdom,5,2548.0,509.6
20852.0,Yolanda,Raje,United Kingdom,4,2547.0,636.75
20982.0,Arthur,Jiménez,United Kingdom,4,2547.0,636.75
20324.0,Ashley,Rodriguez,United States,4,2544.0,636.0
23606.0,Kenneth,Raje,United Kingdom,4,2544.0,636.0
26399.0,Erick,Gonzalez,Germany,4,2544.0,636.0
19297.0,Cedric,Xie,France,4,2543.0,635.75
20869.0,David,Martinez,United Kingdom,4,2543.0,635.75
21053.0,Jamie,Vazquez,United Kingdom,4,2543.0,635.75
20545.0,Vanessa,Butler,,5,2542.0,508.4
20838.0,Chloe,Jones,United Kingdom,6,2542.0,423.6666666666667
16778.0,Blake,Hayes,United States,4,2541.0,635.25
19280.0,Darrell,Andersen,France,3,2538.0,846.0
19315.0,Devon,Sharma,France,3,2538.0,846.0
19318.0,Jamie,Dominguez,France,3,2538.0,846.0
21027.0,Luke,Nelson,United Kingdom,3,2538.0,846.0
21106.0,Katie,Sharma,United Kingdom,3,2538.0,846.0
25774.0,Corey,Pal,United Kingdom,4,2537.0,634.25
23765.0,Kelly,Price,Germany,5,2535.0,507.0
19293.0,Chloe,Watson,France,3,2534.0,844.6666666666666
20832.0,Kelvin,Tang,United Kingdom,3,2534.0,844.6666666666666
20886.0,Bruce,Raman,United Kingdom,3,2534.0,844.6666666666666
21034.0,Jacqueline,Kelly,United Kingdom,3,2534.0,844.6666666666666
21044.0,Franklin,Zheng,United Kingdom,3,2534.0,844.6666666666666
21071.0,Lindsey,Pal,United Kingdom,3,2534.0,844.6666666666666
21105.0,Cory,Sara,United Kingdom,3,2534.0,844.6666666666666
24534.0,Alisha,Luo,United Kingdom,4,2534.0,633.5
19313.0,Charles,Baker,France,4,2533.0,633.25
28902.0,Suzanne,She,Germany,4,2530.0,632.5
16140.0,Seth,Harris,Canada,3,2528.0,842.6666666666666
20339.0,Kaitlyn,Hughes,United States,3,2528.0,842.6666666666666
20385.0,Jason,Patterson,United States,3,2528.0,842.6666666666666
20412.0,David,Jackson,United States,3,2528.0,842.6666666666666
20890.0,Clayton,Anand,United Kingdom,4,2528.0,632.0
21011.0,Aimee,Wang,United Kingdom,4,2528.0,632.0
16231.0,Dana,Martin,United States,3,2526.0,842.0
27924.0,Jeffery,He,Germany,3,2526.0,842.0
22690.0,Kurt,Luo,France,5,2524.0,504.8
19282.0,Hailey,Wood,France,5,2521.0,504.2
19661.0,Nathaniel,Cox,Canada,5,2521.0,504.2
20345.0,Regina,Martinez,United States,4,2521.0,630.25
20476.0,Destiny,Long,United States,5,2521.0,504.2
26381.0,Shannon,Romero,Germany,4,2521.0,630.25
22595.0,Nicolas,Xie,France,4,2520.0,630.0
24860.0,Douglas,Garcia,United Kingdom,5,2520.0,504.0
13472.0,Simon,Pearson,United States,4,2519.0,629.75
19181.0,Chad,Pal,France,3,2519.0,839.6666666666666
19256.0,Abigail,Griffin,France,3,2519.0,839.6666666666666
19292.0,Micah,Lin,France,3,2519.0,839.6666666666666
19309.0,Frank,Suarez,France,3,2519.0,839.6666666666666
20851.0,Frank,Sanz,United Kingdom,3,2519.0,839.6666666666666
20872.0,Theodore,Moreno,United Kingdom,3,2519.0,839.6666666666666
20875.0,Julia,Washington,United Kingdom,3,2519.0,839.6666666666666
20880.0,Isabella,Washington,United Kingdom,3,2519.0,839.6666666666666
20885.0,Terry,Xie,United Kingdom,3,2519.0,839.6666666666666
20933.0,Laura,Li,United Kingdom,3,2519.0,839.6666666666666
21668.0,Christina,Rogers,United Kingdom,3,2519.0,839.6666666666666
16004.0,Joe,Martinez,United States,6,2518.0,419.6666666666667
25762.0,Stefanie,Fernandez,Germany,6,2517.0,419.5
16237.0,Erin,James,United States,4,2515.0,628.75
16361.0,Wyatt,White,United States,4,2515.0,628.75
20465.0,Isabel,Henderson,United States,4,2515.0,628.75
20975.0,Jerry,Andersen,United Kingdom,5,2515.0,503.0
21018.0,Sheila,Serrano,United Kingdom,5,2515.0,503.0
21093.0,Jacquelyn,Castro,United Kingdom,5,2515.0,503.0
22449.0,Heather,He,France,4,2515.0,628.75
24066.0,Brittney,West,Germany,4,2515.0,628.75
24549.0,Darryl,Li,United Kingdom,4,2515.0,628.75
25769.0,Gerald,Rubio,Germany,4,2515.0,628.75
25776.0,Damien,Zhou,United Kingdom,5,2514.0,502.8
20824.0,Derek,Xu,United Kingdom,4,2513.0,628.25
16752.0,Mason,Wright,United States,4,2512.0,628.0
20303.0,Bryce,Morgan,United States,4,2512.0,628.0
20462.0,Haley,Mitchell,United States,4,2512.0,628.0
20348.0,Chloe,Evans,United States,4,2511.0,627.75
20839.0,Courtney,Lopez,United Kingdom,4,2511.0,627.75
21092.0,Gina,Gutierrez,United Kingdom,4,2511.0,627.75
22664.0,Dawn,Yang,France,4,2511.0,627.75
23608.0,Jessie,Blanco,United Kingdom,3,2511.0,837.0
24537.0,Cynthia,Saunders,United Kingdom,4,2511.0,627.75
25637.0,Raquel,Moreno,United Kingdom,3,2511.0,837.0
19287.0,Shane,Chandra,France,3,2509.0,836.3333333333334
20859.0,Roy,Romero,United Kingdom,3,2509.0,836.3333333333334
21060.0,Jaclyn,Tang,United Kingdom,3,2508.0,836.0
21103.0,Francis,Hernandez,United Kingdom,5,2507.0,501.4
24795.0,Alexandra,Lewis,United States,5,2507.0,501.4
26038.0,Nicole,Flores,Germany,5,2503.0,500.6
17156.0,Hailey,Gonzales,United States,5,2502.0,500.4
20199.0,Hailey,Cook,United States,3,2502.0,834.0
11015.0,Chloe,Young,United States,3,2501.0,833.6666666666666
24868.0,Darryl,Hu,United Kingdom,5,2501.0,500.2
25805.0,Melody,Gomez,United Kingdom,5,2501.0,500.2
20640.0,Noah,Turner,,2,2498.0,1249.0
21012.0,Marie,Vance,United Kingdom,4,2498.0,624.5
21020.0,Omar,Ye,United Kingdom,4,2498.0,624.5
18848.0,Christian,Harris,United States,5,2496.0,499.2
24662.0,Arianna,Price,United States,4,2493.0,623.25
25756.0,Cassandra,Malhotra,Germany,4,2493.0,623.25
16751.0,Aaron,Scott,United States,4,2492.0,623.0
20323.0,Justin,Coleman,United States,4,2492.0,623.0
20461.0,Mackenzie,Nelson,United States,4,2492.0,623.0
20543.0,Seth,Miller,,4,2492.0,623.0
21858.0,Curtis,Lin,United Kingdom,4,2492.0,623.0
22465.0,Arturo,Shan,France,4,2492.0,623.0
22632.0,Tabitha,Perez,France,4,2492.0,623.0
24067.0,Carolyn,Raman,Germany,4,2492.0,623.0
24523.0,Mariah,Coleman,United States,6,2492.0,415.3333333333333
24734.0,Jack,Turner,United States,6,2492.0,415.3333333333333
16365.0,Jenna,Young,Canada,5,2490.0,498.0
22445.0,Diane,Suarez,France,5,2490.0,498.0
20180.0,Amanda,Sanders,United States,4,2488.0,622.0
20649.0,Natalie,Ramirez,,4,2488.0,622.0
21857.0,Jay,Dominguez,United Kingdom,3,2487.0,829.0
24558.0,Savannah,Brooks,United Kingdom,3,2487.0,829.0
24577.0,Gilbert,Lal,United Kingdom,3,2487.0,829.0
24583.0,Roy,Chandra,United Kingdom,3,2487.0,829.0
24883.0,Stacey,Lin,Germany,3,2487.0,829.0
18010.0,Clarence,Jai,France,4,2485.0,621.25
19174.0,Katelyn,Howard,France,2,2484.0,1242.0
19255.0,Terrance,Sara,France,2,2484.0,1242.0
19295.0,Katelyn,Green,France,2,2484.0,1242.0
20856.0,Tiffany,Hu,United Kingdom,2,2484.0,1242.0
21039.0,Jill,Ramos,United Kingdom,2,2484.0,1242.0
21067.0,Frank,Jimenez,United Kingdom,2,2484.0,1242.0
21130.0,Mackenzie,Ward,United Kingdom,2,2484.0,1242.0
21669.0,Jessica,Rodriguez,United Kingdom,2,2484.0,1242.0
24522.0,Alex,Perez,United States,3,2483.0,827.6666666666666
24632.0,Catherine,James,United States,5,2483.0,496.6
16362.0,Joshua,Smith,United States,4,2482.0,620.5
16364.0,Shawna,Yuan,United States,4,2482.0,620.5
16372.0,Vanessa,Foster,United States,4,2482.0,620.5
16782.0,Lucas,Clark,United States,4,2482.0,620.5
20382.0,Jack,Hernandez,United States,4,2482.0,620.5
20386.0,Anna,Russell,United States,4,2482.0,620.5
20442.0,Jorge,Chen,United States,4,2482.0,620.5
20472.0,Edward,Coleman,United States,4,2482.0,620.5
20495.0,Wesley,Wang,United States,4,2482.0,620.5
23597.0,Meredith,Perez,United Kingdom,4,2482.0,620.5
24040.0,Jennifer,Bell,Germany,4,2482.0,620.5
25795.0,Marie,Gomez,Germany,4,2482.0,620.5
16363.0,Melanie,Ramirez,Canada,4,2481.0,620.25
22500.0,Brent,Zhao,France,4,2481.0,620.25
22692.0,Paula,Alonso,France,4,2481.0,620.25
23618.0,Dale,Holt,United Kingdom,4,2481.0,620.25
23630.0,Dominic,Fernandez,United Kingdom,4,2481.0,620.25
24092.0,Jillian,Gonzalez,Germany,4,2481.0,620.25
25192.0,Janet,Gill,United States,5,2481.0,496.2
16747.0,Alexander,Davis,United States,3,2480.0,826.6666666666666
16762.0,Franklin,Ferrier,United States,3,2480.0,826.6666666666666
20200.0,Noah,Gonzales,United States,3,2480.0,826.6666666666666
22448.0,Cindy,Weber,France,3,2480.0,826.6666666666666
23636.0,Rachael,Gonzalez,United Kingdom,3,2480.0,826.6666666666666
24569.0,Bob,Gonzalez,United Kingdom,3,2480.0,826.6666666666666
25779.0,Marshall,Cai,Germany,3,2480.0,826.6666666666666
25780.0,Dana,Gill,Germany,3,2480.0,826.6666666666666
25793.0,Ann,Rana,Germany,3,2480.0,826.6666666666666
27952.0,Roy,Perez,Germany,3,2480.0,826.6666666666666
16375.0,Gabriella,Hernandez,United States,2,2478.0,1239.0
16490.0,Megan,Robinson,United States,2,2478.0,1239.0
16670.0,Sarah,White,United States,2,2478.0,1239.0
16770.0,Charles,Rogers,United States,2,2478.0,1239.0
19357.0,Ryan,Flores,Germany,4,2478.0,619.5
20210.0,Stephanie,Powell,United States,2,2478.0,1239.0
20496.0,Jada,Roberts,United States,2,2478.0,1239.0
20527.0,Sydney,Harris,,2,2478.0,1239.0
20638.0,Thomas,Collins,,3,2478.0,826.0
22312.0,Kristi,Mehta,France,3,2478.0,826.0
22524.0,Michele,Hernandez,France,3,2478.0,826.0
22808.0,Ebony,Suri,United Kingdom,2,2478.0,1239.0
23234.0,Brent,Lu,Germany,2,2478.0,1239.0
23776.0,Cristina,Yuan,Germany,2,2478.0,1239.0
24091.0,Dwayne,Munoz,Germany,2,2478.0,1239.0
24735.0,Madison,Powell,United States,4,2478.0,619.5
24865.0,Ashley,Griffin,United Kingdom,2,2478.0,1239.0
25423.0,Jake,Zhou,United States,4,2478.0,619.5
25481.0,Lucas,Jackson,United Kingdom,2,2478.0,1239.0
26206.0,Kurt,She,United Kingdom,2,2478.0,1239.0
28961.0,Mathew,Ramos,Australia,4,2478.0,619.5
28962.0,Stanley,Lopez,Australia,5,2477.0,495.4
16232.0,Chase,Richardson,United States,2,2476.0,1238.0
16761.0,Angel,Ward,United States,2,2476.0,1238.0
20204.0,Renee,Carlson,United States,2,2476.0,1238.0
20376.0,Destiny,Lewis,United States,2,2476.0,1238.0
22648.0,Kaitlin,Srini,France,2,2476.0,1238.0
22822.0,Devin,Anderson,United Kingdom,2,2476.0,1238.0
23759.0,Clinton,Alonso,Germany,2,2476.0,1238.0
25796.0,Kelvin,Jai,United Kingdom,2,2476.0,1238.0
28876.0,Austin,Garcia,Germany,2,2476.0,1238.0
24346.0,Giorgio,Veronesi,United States,4,2473.0,618.25
24668.0,Katrina,Xu,United States,4,2473.0,618.25
25073.0,Shelby,Stewart,United States,3,2473.0,824.3333333333334
25078.0,James,Jenkins,United States,4,2473.0,618.25
25745.0,Mayra,Arun,Germany,4,2473.0,618.25
28928.0,Margaret,Wu,Australia,3,2473.0,824.3333333333334
28949.0,Lance,Ramos,Australia,3,2473.0,824.3333333333334
28952.0,Arturo,Huang,Australia,4,2473.0,618.25
24203.0,Keith,Xie,France,3,2469.0,823.0
24807.0,Anne,Moreno,United States,3,2469.0,823.0
25025.0,Spencer,Bryant,United States,3,2469.0,823.0
25072.0,Alyssa,Murphy,United States,3,2469.0,823.0
25075.0,Samantha,Thompson,United States,3,2469.0,823.0
25076.0,Nicole,Jenkins,United States,3,2469.0,823.0
25400.0,Kyle,Jai,United States,3,2469.0,823.0
25484.0,Bailey,Wright,France,3,2469.0,823.0
25730.0,Isabelle,Simmons,Germany,3,2469.0,823.0
24990.0,Timothy,Collins,United States,4,2468.0,617.0
24417.0,Christopher,Harris,United States,6,2467.0,411.1666666666667
16673.0,Curtis,Guo,United States,4,2466.0,616.5
18511.0,Mya,Jenkins,United States,6,2466.0,411.0
20297.0,Valerie,Wu,United States,4,2466.0,616.5
20639.0,Emily,Ross,,4,2466.0,616.5
20659.0,Xavier,Baker,,4,2466.0,616.5
23629.0,Alfredo,Gill,United Kingdom,4,2466.0,616.5
23922.0,Cody,Richardson,Germany,4,2466.0,616.5
24093.0,Claudia,He,United Kingdom,4,2466.0,616.5
24582.0,Marie,Sai,United Kingdom,4,2466.0,616.5
23921.0,Charles,Lee,Germany,4,2465.0,616.25
19387.0,Ruth,Rana,Germany,5,2464.0,492.8
24183.0,Ruth,Perez,France,4,2462.0,615.5
24520.0,Joseph,Wilson,United States,3,2462.0,820.6666666666666
24676.0,Jeremy,Roberts,United States,4,2462.0,615.5
25015.0,Jacqueline,Rogers,United States,4,2462.0,615.5
25059.0,Sean,Ward,United States,3,2462.0,820.6666666666666
25186.0,Angelica,Coleman,United States,3,2462.0,820.6666666666666
25742.0,Tamara,He,Germany,5,2462.0,492.4
27869.0,Shawna,Shan,Australia,3,2462.0,820.6666666666666
28207.0,Larry,Moreno,Australia,4,2462.0,615.5
28953.0,Trisha,Gao,Australia,3,2462.0,820.6666666666666
16132.0,Sierra,Nelson,Canada,4,2459.0,614.75
18008.0,Deanna,Sai,France,4,2459.0,614.75
19329.0,Nancy,Srini,Germany,4,2459.0,614.75
16783.0,Grace,Barnes,United States,3,2457.0,819.0
20039.0,Stephanie,Evans,United States,3,2457.0,819.0
20544.0,Dalton,Hall,,3,2457.0,819.0
20641.0,Isabella,Robinson,,3,2457.0,819.0
20644.0,Patrick,Brooks,,3,2457.0,819.0
20648.0,Jordan,Mitchell,,3,2457.0,819.0
20658.0,Kaylee,Campbell,,3,2457.0,819.0
23764.0,Alisha,Liu,Germany,3,2457.0,819.0
23925.0,Marie,Torres,Germany,3,2457.0,819.0
24068.0,Edwin,Yang,Germany,3,2457.0,819.0
24852.0,Carla,Martinez,United Kingdom,3,2457.0,819.0
24870.0,Taylor,Morgan,United Kingdom,3,2457.0,819.0
27309.0,Tony,Deng,Germany,3,2457.0,819.0
27948.0,Cathy,Sloan,Germany,3,2457.0,819.0
22691.0,Gerald,Raman,France,3,2456.0,818.6666666666666
18415.0,Summer,Mehta,United States,4,2455.0,613.75
17996.0,Cedric,Raji,France,3,2454.0,818.0
17999.0,Byron,Romero,France,3,2454.0,818.0
23666.0,Olivia,Anderson,United States,4,2453.0,613.25
24341.0,Wyatt,Jones,United States,4,2453.0,613.25
24654.0,Paige,Simmons,United States,4,2453.0,613.25
24681.0,Arianna,Murphy,United States,4,2453.0,613.25
24739.0,Dalton,Sanders,United States,4,2453.0,613.25
25185.0,Jade,Reed,United States,4,2453.0,613.25
25289.0,Amanda,Bradley,United States,4,2453.0,613.25
25414.0,Grace,Bailey,United States,4,2453.0,613.25
25464.0,Jose,Wilson,France,4,2453.0,613.25
25736.0,Darrell,Stone,Germany,4,2453.0,613.25
25767.0,Bailey,Hill,United States,4,2453.0,613.25
29113.0,Alícia,Anand,Australia,4,2453.0,613.25
29359.0,Harold,Fernandez,United Kingdom,4,2453.0,613.25
20337.0,Xavier,Hall,United States,2,2452.0,1226.0
20642.0,Patricia,Prasad,,2,2452.0,1226.0
23635.0,Alvin,Luo,United Kingdom,2,2452.0,1226.0
24700.0,Gary,Alvarez,France,4,2452.0,613.0
24799.0,Byron,Sanz,United States,4,2452.0,613.0
25798.0,Christian,Coleman,United Kingdom,2,2452.0,1226.0
28697.0,Raquel,Gutierrez,United Kingdom,4,2452.0,613.0
28729.0,Heather,Sun,United Kingdom,4,2452.0,613.0
28731.0,Jermaine,Subram,United Kingdom,4,2452.0,613.0
29178.0,Candice,She,Australia,4,2452.0,613.0
29180.0,Erik,Gomez,Australia,4,2452.0,613.0
29407.0,Samantha,Smith,United Kingdom,4,2452.0,613.0
16727.0,Charles,Johnston,United States,2,2451.0,1225.5
16732.0,Natalie,Flores,United States,2,2451.0,1225.5
20183.0,Sophia,Allen,United States,2,2451.0,1225.5
20302.0,Tasha,Andersen,United States,2,2451.0,1225.5
22828.0,Francisco,Suri,United Kingdom,2,2451.0,1225.5
23607.0,Wayne,She,United Kingdom,2,2451.0,1225.5
25775.0,Marie,Chandra,United Kingdom,2,2451.0,1225.5
26205.0,Julio,Alvarez,United Kingdom,2,2451.0,1225.5
14732.0,Trinity,Cook,United States,3,2450.0,816.6666666666666
17987.0,Cara,Sun,France,3,2450.0,816.6666666666666
18039.0,Logan,Clark,France,3,2450.0,816.6666666666666
24794.0,Cody,Sanchez,United States,4,2448.0,612.0
25047.0,Trevor,Long,United States,4,2448.0,612.0
24421.0,Seth,Kelly,United States,3,2447.0,815.6666666666666
24446.0,Brianna,Robinson,United States,3,2447.0,815.6666666666666
24633.0,Xavier,Cook,United States,3,2447.0,815.6666666666666
25064.0,James,Harris,United States,3,2447.0,815.6666666666666
25180.0,Ana,Simmons,United States,3,2447.0,815.6666666666666
27864.0,Shaun,Luo,Australia,3,2447.0,815.6666666666666
29043.0,Luke,Alexander,Canada,3,2447.0,815.6666666666666
29190.0,Kaitlin,Suri,Australia,3,2447.0,815.6666666666666
29247.0,Sara,Gray,Canada,3,2447.0,815.6666666666666
29319.0,Alvin,Pal,Australia,3,2447.0,815.6666666666666
16866.0,Alexandra,Parker,United States,6,2444.0,407.3333333333333
16235.0,Sebastian,Morris,United States,1,2443.0,2443.0
16728.0,Cole,Morris,United States,1,2443.0,2443.0
16776.0,Dalton,Lewis,United States,1,2443.0,2443.0
16789.0,Jennifer,Harris,United States,1,2443.0,2443.0
20038.0,Taylor,Price,United States,1,2443.0,2443.0
20181.0,Catherine,Brooks,United States,1,2443.0,2443.0
20340.0,Makayla,Kelly,United States,1,2443.0,2443.0
20347.0,Savannah,Roberts,United States,1,2443.0,2443.0
20377.0,Brian,Reed,United States,1,2443.0,2443.0
20482.0,Gina,Diaz,United States,1,2443.0,2443.0
22323.0,Erica,Liang,France,1,2443.0,2443.0
22464.0,Erik,Sanz,France,1,2443.0,2443.0
23906.0,Alan,Ma,Germany,1,2443.0,2443.0
23926.0,Lydia,Weber,Germany,1,2443.0,2443.0
24053.0,Jose,Allen,Germany,1,2443.0,2443.0
24343.0,Tyler,Harris,United States,3,2443.0,814.3333333333334
24348.0,Ruben,Gomez,United States,3,2443.0,814.3333333333334
24357.0,Eric,Baker,United States,3,2443.0,814.3333333333334
24444.0,Elijah,Griffin,United States,3,2443.0,814.3333333333334
24786.0,Haley,Adams,Canada,1,2443.0,2443.0
25061.0,Julia,Hughes,Canada,1,2443.0,2443.0
25094.0,Charles,Thomas,Canada,1,2443.0,2443.0
25095.0,Adam,Jai,Canada,1,2443.0,2443.0
25100.0,Kristen,Huang,Canada,1,2443.0,2443.0
25361.0,Haley,Ross,Canada,1,2443.0,2443.0
25363.0,Alexandria,Gray,Canada,1,2443.0,2443.0
25393.0,Lucas,Cox,Canada,1,2443.0,2443.0
25778.0,Larry,Gomez,United Kingdom,1,2443.0,2443.0
25864.0,Petr,Lazecky,Canada,1,2443.0,2443.0
25875.0,Jocelyn,Price,Canada,1,2443.0,2443.0
25883.0,Luis,Carter,Canada,1,2443.0,2443.0
25892.0,Stephanie,Price,Canada,1,2443.0,2443.0
25995.0,Jack,Phillips,Canada,1,2443.0,2443.0
26013.0,Victoria,Taylor,Canada,1,2443.0,2443.0
26207.0,Kelvin,Zeng,United Kingdom,1,2443.0,2443.0
26294.0,Andrew,Johnson,Canada,1,2443.0,2443.0
26382.0,Dale,Xu,Germany,1,2443.0,2443.0
26420.0,Bob,Kapoor,Germany,1,2443.0,2443.0
27316.0,Jarrod,Malhotra,Germany,1,2443.0,2443.0
27867.0,Alberto,Blanco,Australia,3,2443.0,814.3333333333334
27943.0,Sabrina,Alvarez,Germany,1,2443.0,2443.0
28659.0,Vanessa,Simmons,Canada,1,2443.0,2443.0
28663.0,Marcus,Coleman,Canada,1,2443.0,2443.0
28766.0,Joe,Alonso,Canada,1,2443.0,2443.0
28798.0,Timothy,Phillips,Canada,1,2443.0,2443.0
28802.0,Allison,Nelson,Canada,1,2443.0,2443.0
28834.0,Natalie,Hill,Canada,1,2443.0,2443.0
28836.0,Lauren,Cook,Canada,1,2443.0,2443.0
28850.0,Nelson,Hernandez,Canada,1,2443.0,2443.0
28901.0,Martha,Hee,Germany,1,2443.0,2443.0
29149.0,Ariana,Bell,Canada,1,2443.0,2443.0
29159.0,Emma,Morgan,Canada,1,2443.0,2443.0
29281.0,Charles,Anderson,Canada,1,2443.0,2443.0
17038.0,Ernest,Wang,United States,3,2442.0,814.0
23328.0,Julian,Butler,United States,4,2442.0,610.5
24433.0,Luis,Simmons,United States,4,2442.0,610.5
25724.0,Tabitha,Fernandez,Germany,5,2442.0,488.4
26822.0,Cindy,Gonzalez,Germany,5,2442.0,488.4
28326.0,Carla,Lopez,Australia,4,2442.0,610.5
28416.0,Roger,Black,United Kingdom,5,2442.0,488.4
29480.0,Nina,Raji,United Kingdom,5,2442.0,488.4
16969.0,Jackson,Turner,United States,2,2440.0,1220.0
17171.0,Katherine,Clark,United States,2,2440.0,1220.0
18068.0,Ethan,Walker,United States,2,2440.0,1220.0
18122.0,Justin,Hughes,Canada,2,2440.0,1220.0
18378.0,Dalton,Foster,United States,2,2440.0,1220.0
20581.0,Ruth,Sanchez,France,2,2440.0,1220.0
24754.0,Haley,Rivera,United States,6,2440.0,406.6666666666667
24432.0,Dalton,Reed,United States,2,2438.0,1219.0
24436.0,Jennifer,Hernandez,United States,2,2438.0,1219.0
24645.0,Bryce,Murphy,United States,2,2438.0,1219.0
24811.0,Trinity,Ramirez,United States,2,2438.0,1219.0
24815.0,Victoria,Clark,United States,2,2438.0,1219.0
24818.0,Diane,Rubio,United States,2,2438.0,1219.0
24997.0,Melvin,Kumar,United States,2,2438.0,1219.0
24998.0,Olivia,Martinez,United States,2,2438.0,1219.0
25008.0,Haley,Perry,United States,2,2438.0,1219.0
25038.0,Isabella,Hall,United States,2,2438.0,1219.0
25161.0,Isabella,Flores,United States,2,2438.0,1219.0
25184.0,Peter,Tang,United States,2,2438.0,1219.0
25285.0,Noah,Williams,United States,2,2438.0,1219.0
25425.0,Zachary,Diaz,United States,2,2438.0,1219.0
25765.0,Natalie,Watson,United States,2,2438.0,1219.0
29196.0,Darren,Serrano,Australia,2,2438.0,1219.0
29308.0,Phillip,Vance,Australia,2,2438.0,1219.0
29317.0,James,Hill,Australia,2,2438.0,1219.0
21037.0,Bruce,Arun,Germany,8,2437.0,304.625
14731.0,Seth,Brown,United States,3,2435.0,811.6666666666666
16916.0,Cheryl,Dominguez,United States,8,2435.0,304.375
17957.0,Misty,Yuan,France,3,2435.0,811.6666666666666
17971.0,Mayra,Perez,France,3,2435.0,811.6666666666666
18009.0,Deanna,Prasad,France,3,2435.0,811.6666666666666
18038.0,Kelli,Kumar,France,3,2435.0,811.6666666666666
18046.0,Terry,Jai,France,3,2435.0,811.6666666666666
19415.0,Devin,Collins,Germany,3,2435.0,811.6666666666666
24063.0,Micheal,Suarez,France,4,2433.0,608.25
24198.0,Chelsea,Madan,France,4,2433.0,608.25
24219.0,Tina,Lopez,France,4,2433.0,608.25
24738.0,Hannah,Davis,United States,4,2433.0,608.25
24790.0,Rebekah,Navarro,United States,4,2433.0,608.25
25080.0,Marissa,Long,United States,4,2433.0,608.25
25105.0,Warren,Nara,United States,4,2433.0,608.25
25163.0,Natalie,Griffin,United States,4,2433.0,608.25
25404.0,José,Lopez,United States,4,2433.0,608.25
25405.0,Brandon,Wagner,United States,4,2433.0,608.25
25406.0,Casey,Andersen,United States,4,2433.0,608.25
25415.0,Aaron,Evans,United States,4,2433.0,608.25
25625.0,Krystal,Cai,Germany,4,2433.0,608.25
25720.0,Ronald,Garcia,Germany,4,2433.0,608.25
25729.0,Tabitha,Kapoor,Germany,4,2433.0,608.25
27901.0,Mariah,Cooper,United Kingdom,4,2433.0,608.25
28365.0,Stacey,Zhao,United Kingdom,4,2433.0,608.25
28377.0,Walter,Ortega,United Kingdom,4,2433.0,608.25
28523.0,Charles,James,United Kingdom,4,2433.0,608.25
28535.0,Leslie,Ferrier,Australia,4,2433.0,608.25
28714.0,Arturo,Gao,Australia,4,2433.0,608.25
29289.0,Devon,Raje,Australia,4,2433.0,608.25
29316.0,Max,Romero,Australia,4,2433.0,608.25
17625.0,Mason,Allen,Canada,5,2432.0,486.4
17956.0,Jaime,Gomez,France,5,2431.0,486.2
24190.0,Austin,Chen,France,3,2428.0,809.3333333333334
24201.0,Olivia,Gonzales,France,3,2428.0,809.3333333333334
24384.0,Kenneth,Pal,France,3,2428.0,809.3333333333334
24673.0,Paige,Cox,United States,3,2428.0,809.3333333333334
25640.0,Candice,Zhao,Germany,3,2428.0,809.3333333333334
25744.0,Gabriel,Griffin,Germany,5,2428.0,485.6
25758.0,Leslie,Gutierrez,Germany,3,2428.0,809.3333333333334
27821.0,Leonard,Deng,United Kingdom,3,2428.0,809.3333333333334
28415.0,Melissa,Rogers,United Kingdom,3,2428.0,809.3333333333334
28696.0,Robin,Navarro,United Kingdom,3,2428.0,809.3333333333334
28742.0,Erick,Vance,United Kingdom,3,2428.0,809.3333333333334
29468.0,Jacqueline,Morris,United Kingdom,3,2428.0,809.3333333333334
29477.0,Neil,Ruiz,United Kingdom,3,2428.0,809.3333333333334
18634.0,Veronica,Arun,France,4,2427.0,606.75
24437.0,Nicole,Blue,United States,4,2427.0,606.75
25397.0,Lucas,Bradley,United States,4,2427.0,606.75
28417.0,Ashlee,Lal,United Kingdom,4,2426.0,606.5
17424.0,Spencer,Long,United States,4,2424.0,606.0
17555.0,William,Smith,United States,4,2424.0,606.0
22343.0,Brittany,Powell,United States,4,2422.0,605.5
29368.0,Jermaine,Kapoor,United Kingdom,4,2422.0,605.5
29369.0,Arturo,He,United Kingdom,4,2422.0,605.5
12783.0,Jerome,Gutierrez,Canada,5,2421.0,484.2
24359.0,Zachary,Shan,United States,4,2420.0,605.0
24528.0,Katherine,Hernandez,United States,4,2420.0,605.0
24782.0,Nicole,Morris,United States,4,2420.0,605.0
24783.0,Barry,Raman,United States,4,2420.0,605.0
25040.0,Julian,Perry,United States,4,2420.0,605.0
25319.0,Ruben,Chandra,France,4,2420.0,605.0
25457.0,Darren,Sai,France,4,2420.0,605.0
26362.0,Joy,Torres,Germany,4,2420.0,605.0
28735.0,Kimberly,Morgan,United Kingdom,4,2420.0,605.0
29042.0,Edward,Jackson,Canada,4,2420.0,605.0
29184.0,Kristi,Madan,Australia,4,2420.0,605.0
17004.0,Krista,Torres,United States,3,2419.0,806.3333333333334
18831.0,Andy,Hernandez,United States,5,2419.0,483.8
22344.0,Krystal,Yang,United States,2,2419.0,1209.5
24083.0,Max,Moreno,France,2,2419.0,1209.5
24105.0,Carolyn,Sanchez,France,2,2419.0,1209.5
24135.0,Martin,Martinez,France,2,2419.0,1209.5
24140.0,Alvin,Lin,France,2,2419.0,1209.5
24157.0,Marie,Subram,France,2,2419.0,1209.5
24347.0,Tina,Madan,United States,2,2419.0,1209.5
24349.0,Jill,Patterson,United States,2,2419.0,1209.5
24405.0,Tara,Rai,United States,2,2419.0,1209.5
24425.0,Chloe,Ward,United States,2,2419.0,1209.5
24441.0,Tristan,Bryant,United States,2,2419.0,1209.5
24445.0,Lauren,Brooks,United States,2,2419.0,1209.5
24521.0,Jordyn,Wood,United States,2,2419.0,1209.5
24526.0,Julian,Barnes,United States,2,2419.0,1209.5
24527.0,Gavin,Coleman,United States,2,2419.0,1209.5
24640.0,Lisa,Yang,United States,2,2419.0,1209.5
24660.0,Anna,Perry,United States,2,2419.0,1209.5
24669.0,Xavier,Parker,United States,2,2419.0,1209.5
24670.0,Alexandria,Ross,United States,2,2419.0,1209.5
24675.0,Jackson,Nelson,United States,2,2419.0,1209.5
24708.0,Corey,Chander,France,2,2419.0,1209.5
24760.0,Julian,Coleman,United States,2,2419.0,1209.5
24761.0,Lawrence,Rubio,United States,2,2419.0,1209.5
24779.0,Morgan,Lee,United States,2,2419.0,1209.5
24789.0,Tamara,Hu,United States,2,2419.0,1209.5
24791.0,Teresa,Ortega,United States,2,2419.0,1209.5
24792.0,Clifford,Malhotra,United States,2,2419.0,1209.5
24793.0,Cole,Morgan,United States,2,2419.0,1209.5
24800.0,Eduardo,Young,United States,2,2419.0,1209.5
24801.0,Chase,Bailey,United States,2,2419.0,1209.5
24809.0,Alyssa,Moore,United States,2,2419.0,1209.5
24810.0,Alyssa,Richardson,United States,2,2419.0,1209.5
24814.0,Gabriel,Washington,United States,2,2419.0,1209.5
24828.0,Brooke,Reed,United States,2,2419.0,1209.5
24942.0,Steven,James,United States,2,2419.0,1209.5
24959.0,Kristy,Blanco,United States,2,2419.0,1209.5
24966.0,Jade,Cooper,United States,2,2419.0,1209.5
24979.0,Jada,Adams,United States,2,2419.0,1209.5
24988.0,Kayla,Diaz,United States,2,2419.0,1209.5
25014.0,Juan,Reed,United States,2,2419.0,1209.5
25042.0,Arif,Rizaldy,United States,2,2419.0,1209.5
25050.0,Darryl,Chen,United States,2,2419.0,1209.5
25060.0,Noah,Martinez,United States,2,2419.0,1209.5
25063.0,Dylan,Williams,United States,2,2419.0,1209.5
25077.0,Wyatt,Clark,United States,2,2419.0,1209.5
25079.0,Riley,Perry,United States,2,2419.0,1209.5
25150.0,Xavier,Jones,United States,2,2419.0,1209.5
25155.0,Theresa,Alonso,United States,2,2419.0,1209.5
25191.0,Austin,Gonzales,United States,2,2419.0,1209.5
25193.0,Stephanie,Howard,United States,2,2419.0,1209.5
25284.0,Allison,Mitchell,United States,2,2419.0,1209.5
25290.0,Jackson,Mitchell,United States,2,2419.0,1209.5
25320.0,Shannon,Hernandez,France,2,2419.0,1209.5
25398.0,Thomas,Jones,United States,2,2419.0,1209.5
25426.0,Tristan,Foster,United States,2,2419.0,1209.5
25430.0,Alyssa,Hall,United States,2,2419.0,1209.5
25674.0,Reginald,Navarro,Germany,2,2419.0,1209.5
25702.0,Evelyn,Lopez,Germany,2,2419.0,1209.5
25725.0,Chad,Lal,Germany,2,2419.0,1209.5
26221.0,Kari,Chapman,Germany,2,2419.0,1209.5
26229.0,Cara,Ye,Germany,2,2419.0,1209.5
26823.0,Kaitlin,Raman,Germany,2,2419.0,1209.5
27819.0,Michele,Martin,United Kingdom,2,2419.0,1209.5
27820.0,Joel,Patel,United Kingdom,2,2419.0,1209.5
27839.0,Susan,Li,United Kingdom,2,2419.0,1209.5
27865.0,Destiny,Butler,Australia,2,2419.0,1209.5
27868.0,Jessie,Rubio,Australia,2,2419.0,1209.5
27870.0,Ryan,Davis,Australia,2,2419.0,1209.5
28201.0,Tyler,Martinez,Australia,2,2419.0,1209.5
28202.0,Maria,King,Australia,2,2419.0,1209.5
28204.0,Peter,Xu,Australia,2,2419.0,1209.5
28309.0,Julie,Lal,Australia,2,2419.0,1209.5
28397.0,Cynthia,Rana,United Kingdom,2,2419.0,1209.5
28403.0,Jaclyn,Sharma,United Kingdom,2,2419.0,1209.5
28557.0,Casey,Alvarez,United Kingdom,2,2419.0,1209.5
28695.0,Mario,Raji,United Kingdom,2,2419.0,1209.5
28703.0,Felicia,Suarez,United Kingdom,2,2419.0,1209.5
28704.0,Roy,Ruiz,United Kingdom,2,2419.0,1209.5
28709.0,Stefanie,Gonzalez,United Kingdom,2,2419.0,1209.5
28720.0,Candice,Liu,Australia,2,2419.0,1209.5
28723.0,Ryan,Yang,United Kingdom,2,2419.0,1209.5
28732.0,Bianca,Yang,United Kingdom,2,2419.0,1209.5
28734.0,Briana,Moreno,United Kingdom,2,2419.0,1209.5
28927.0,Jermaine,Rana,Australia,2,2419.0,1209.5
28935.0,Eddie,Johnsen,Australia,2,2419.0,1209.5
28948.0,Valerie,Ye,Australia,2,2419.0,1209.5
28957.0,Kate,Xu,Australia,2,2419.0,1209.5
29103.0,Karl,Raji,Australia,2,2419.0,1209.5
29137.0,Jack,Allen,Canada,2,2419.0,1209.5
29192.0,Jessica,Ramirez,Australia,2,2419.0,1209.5
29194.0,Grace,Powell,Australia,2,2419.0,1209.5
29195.0,Barbara,Xu,Australia,2,2419.0,1209.5
29277.0,Samantha,Mohamed,Canada,2,2419.0,1209.5
29300.0,Joe,Madan,Australia,2,2419.0,1209.5
29303.0,Arturo,Pal,Australia,2,2419.0,1209.5
29309.0,Rodney,Navarro,Australia,2,2419.0,1209.5
29310.0,Armando,Gutierrez,Australia,2,2419.0,1209.5
29366.0,Dominic,Patel,United Kingdom,2,2419.0,1209.5
29367.0,Randy,Ye,United Kingdom,2,2419.0,1209.5
29473.0,Carmen,Subram,United Kingdom,2,2419.0,1209.5
24153.0,Seth,Jenkins,France,3,2418.0,806.0
24194.0,Armando,Martin,France,3,2418.0,806.0
24354.0,Bailey,Cook,United States,3,2418.0,806.0
24358.0,Kevin,Green,United States,3,2418.0,806.0
24680.0,Thomas,Flores,United States,3,2418.0,806.0
24788.0,Ashley,Bennett,United States,3,2418.0,806.0
24996.0,Dylan,Miller,United States,3,2418.0,806.0
25000.0,Allison,Turner,United States,3,2418.0,806.0
28549.0,Lydia,Subram,United Kingdom,3,2418.0,806.0
29360.0,Bryant,Rodriguez,United Kingdom,3,2418.0,806.0
17003.0,Joanna,Dominguez,United States,4,2416.0,604.0
18905.0,Samuel,Adams,United States,6,2416.0,402.6666666666667
16104.0,Jordan,Hernandez,United States,4,2415.0,603.75
16987.0,Miguel,Clark,Canada,2,2415.0,1207.5
17412.0,Kaylee,Carter,United States,2,2415.0,1207.5
17543.0,Meredith,Martin,United States,2,2415.0,1207.5
18231.0,Janet,Gutierrez,United States,2,2415.0,1207.5
18236.0,Andrew,Wilson,Canada,2,2415.0,1207.5
18420.0,Riley,Stewart,United States,2,2415.0,1207.5
18863.0,Charles,Scott,United States,4,2415.0,603.75
20573.0,Megan,Ward,France,2,2415.0,1207.5
24061.0,Kelvin,Luo,France,2,2413.0,1206.5
24136.0,Alisha,Hu,France,2,2413.0,1206.5
24806.0,Faith,Russell,United States,2,2413.0,1206.5
24987.0,Kristopher,Chandra,United States,2,2413.0,1206.5
25458.0,Bruce,Mehta,France,2,2413.0,1206.5
16653.0,Isabella,Phillips,United States,5,2412.0,482.4
18808.0,Gabrielle,Perez,United States,5,2412.0,482.4
18400.0,Jeremiah,Jackson,United States,6,2410.0,401.6666666666667
28217.0,Kristy,Carlson,Australia,5,2408.0,481.6
16086.0,Charles,Watson,United States,4,2407.0,601.75
17461.0,Sara,Allen,United States,4,2407.0,601.75
24084.0,Jonathon,Jimenez,France,4,2407.0,601.75
24413.0,Nathan,Lewis,United States,4,2407.0,601.75
24498.0,Angela,Washington,United States,4,2407.0,601.75
24798.0,Lawrence,Moreno,United States,4,2407.0,601.75
24802.0,Timothy,Allen,United States,4,2407.0,601.75
24808.0,Eric,Perez,United States,4,2407.0,601.75
25735.0,Suzanne,Wu,Germany,4,2407.0,601.75
26223.0,Dominic,Sai,Germany,4,2407.0,601.75
26818.0,Eduardo,Coleman,Germany,4,2407.0,601.75
28327.0,Tabitha,Serrano,Australia,4,2407.0,601.75
28733.0,Diana,Ramos,United Kingdom,4,2407.0,601.75
28755.0,Raymond,Gonzalez,United Kingdom,4,2407.0,601.75
29115.0,Jacquelyn,Munoz,Australia,4,2407.0,601.75
29165.0,Benjamin,Perry,Canada,4,2407.0,601.75
13391.0,Brenda,Malhotra,Canada,3,2406.0,802.0
16852.0,Kate,She,United States,3,2406.0,802.0
17535.0,Colleen,Guo,United States,3,2406.0,802.0
18533.0,Lucas,Martinez,United States,3,2406.0,802.0
24785.0,Cody,Morris,United States,4,2406.0,601.5
13143.0,Hannah,Jackson,Canada,3,2405.0,801.6666666666666
17393.0,Jordan,Sharma,United States,4,2405.0,601.25
17441.0,Natalie,Turner,United States,4,2405.0,601.25
17580.0,Noah,White,United States,3,2405.0,801.6666666666666
18516.0,Juan,Brooks,United States,4,2405.0,601.25
24560.0,Veronica,Fernandez,France,3,2405.0,801.6666666666666
17006.0,Hunter,Williams,United States,4,2404.0,601.0
17613.0,Dakota,Bryant,Canada,4,2402.0,600.5
12782.0,Elizabeth,Long,Canada,4,2401.0,600.25
16077.0,Stephanie,Rogers,United States,4,2401.0,600.25
17013.0,Gabriella,Mitchell,United States,4,2401.0,600.25
18389.0,Marcus,Gray,Canada,4,2401.0,600.25
18540.0,Victoria,Perry,United States,4,2401.0,600.25
22817.0,Calvin,Nath,Germany,6,2401.0,400.1666666666667
11144.0,Edward,Hernandez,United States,3,2400.0,800.0
19353.0,Desiree,Gill,Germany,2,2400.0,1200.0
21532.0,Sierra,Turner,Germany,5,2400.0,480.0
24427.0,Evelyn,Fernandez,United States,4,2400.0,600.0
17582.0,Katherine,Wilson,United States,4,2399.0,599.75
13918.0,Armando,Blanco,Canada,5,2398.0,479.6
17563.0,Jeremiah,King,United States,5,2398.0,479.6
18782.0,Patrick,Reed,United States,5,2398.0,479.6
23667.0,Harold,Arun,United States,3,2398.0,799.3333333333334
24158.0,Omar,Deng,France,3,2398.0,799.3333333333334
24345.0,Riley,Cox,United States,3,2398.0,799.3333333333334
24353.0,Andrea,Ramirez,United States,3,2398.0,799.3333333333334
24414.0,Adam,Edwards,United States,3,2398.0,799.3333333333334
24434.0,Jordan,Butler,United States,3,2398.0,799.3333333333334
24529.0,Jillian,Martinez,United States,3,2398.0,799.3333333333334
24756.0,Carlos,Bell,United States,3,2398.0,799.3333333333334
24764.0,Abigail,Hughes,United States,3,2398.0,799.3333333333334
24770.0,Isaac,Wright,United States,3,2398.0,799.3333333333334
24796.0,Jessica,Simmons,United States,3,2398.0,799.3333333333334
24831.0,Jackson,Diaz,United States,3,2398.0,799.3333333333334
24972.0,Edward,Garcia,United States,3,2398.0,799.3333333333334
25334.0,Marcus,Gonzales,United States,3,2398.0,799.3333333333334
25396.0,Xavier,Ramirez,United States,3,2398.0,799.3333333333334
25407.0,Tony,Anand,United States,3,2398.0,799.3333333333334
25618.0,Albert,Hernandez,Germany,3,2398.0,799.3333333333334
25622.0,Mary,Hill,United States,3,2398.0,799.3333333333334
25623.0,Maria,Oliver,United States,3,2398.0,799.3333333333334
25681.0,Melinda,Serrano,Germany,3,2398.0,799.3333333333334
25738.0,Jacquelyn,Ruiz,Germany,3,2398.0,799.3333333333334
26230.0,Natasha,Ramos,Germany,3,2398.0,799.3333333333334
27866.0,Sergio,Raman,Australia,3,2398.0,799.3333333333334
28206.0,Angelica,Long,Australia,3,2398.0,799.3333333333334
28208.0,Karen,Sun,Australia,3,2398.0,799.3333333333334
28446.0,Mayra,Subram,United Kingdom,3,2398.0,799.3333333333334
28524.0,Paula,Gill,United Kingdom,3,2398.0,799.3333333333334
28747.0,Arthur,Gonzalez,United Kingdom,3,2398.0,799.3333333333334
28963.0,Ross,Prasad,Australia,3,2398.0,799.3333333333334
29357.0,Richard,Brown,United Kingdom,3,2398.0,799.3333333333334
29478.0,Darren,Carlson,United Kingdom,3,2398.0,799.3333333333334
13397.0,Adam,Mitchell,United States,6,2397.0,399.5
18515.0,Gabrielle,Patterson,United States,6,2397.0,399.5
11158.0,Jason,Wright,United States,3,2396.0,798.6666666666666
16756.0,Richard,Allen,United States,3,2396.0,798.6666666666666
18413.0,Samuel,Jackson,United States,3,2396.0,798.6666666666666
23612.0,Rosa,Liu,Germany,3,2396.0,798.6666666666666
13270.0,Mason,Baker,Canada,5,2395.0,479.0
17425.0,Austin,Washington,United States,5,2395.0,479.0
18075.0,Courtney,Adams,United States,4,2395.0,598.75
18377.0,Madison,Robinson,Canada,4,2395.0,598.75
18824.0,Elijah,Collins,United States,4,2395.0,598.75
18860.0,Sydney,Foster,United States,4,2395.0,598.75
21057.0,Elizabeth,Butler,Germany,4,2395.0,598.75
18224.0,Vanessa,Perry,United States,5,2394.0,478.8
23276.0,Vincent,Zhou,United States,2,2393.0,1196.5
24110.0,Kaylee,Brooks,France,2,2393.0,1196.5
24340.0,Chloe,Clark,United States,2,2393.0,1196.5
24351.0,Brandon,Yang,United States,2,2393.0,1196.5
24352.0,Natalie,Cox,United States,2,2393.0,1196.5
24403.0,Gabriel,Wright,United States,2,2393.0,1196.5
24420.0,Marcus,Price,United States,2,2393.0,1196.5
24644.0,Samuel,Johnston,United States,2,2393.0,1196.5
24653.0,Victoria,Barnes,United States,2,2393.0,1196.5
24683.0,Shannon,Alonso,United States,2,2393.0,1196.5
24684.0,Charles,Martin,United States,2,2393.0,1196.5
24685.0,Jordan,Kumar,United States,2,2393.0,1196.5
24688.0,Ashley,Long,United States,2,2393.0,1196.5
24707.0,Shaun,Pal,France,2,2393.0,1196.5
24762.0,Warren,Xu,United States,2,2393.0,1196.5
24784.0,Megan,Kelly,United States,2,2393.0,1196.5
24787.0,Andrea,Watson,United States,2,2393.0,1196.5
24797.0,Dylan,Flores,United States,2,2393.0,1196.5
24819.0,Jack,Shan,United States,2,2393.0,1196.5
25049.0,Candice,Ye,United States,2,2393.0,1196.5
25074.0,Samantha,Jackson,United States,2,2393.0,1196.5
25084.0,Dalton,James,United States,2,2393.0,1196.5
25286.0,Zachary,Powell,United States,2,2393.0,1196.5
25399.0,Jorge,Leitão,United States,2,2393.0,1196.5
25401.0,Gabriel,Young,United States,2,2393.0,1196.5
25427.0,Omar,Zeng,United States,2,2393.0,1196.5
25429.0,Candace,Rana,United States,2,2393.0,1196.5
27872.0,Ivan,Martinez,Australia,2,2393.0,1196.5
27880.0,Curtis,Hu,United Kingdom,2,2393.0,1196.5
28311.0,Terry,Raje,Australia,2,2393.0,1196.5
28694.0,Larry,Suarez,United Kingdom,2,2393.0,1196.5
28712.0,Gregory,Goel,United Kingdom,2,2393.0,1196.5
28923.0,Roberto,Hernandez,Australia,2,2393.0,1196.5
28940.0,Kristine,Serrano,Australia,2,2393.0,1196.5
28954.0,Omar,Hu,Australia,2,2393.0,1196.5
29179.0,Patricia,Mehta,Australia,2,2393.0,1196.5
29183.0,Gabrielle,Simmons,Australia,2,2393.0,1196.5
29191.0,Chelsea,Weber,Australia,2,2393.0,1196.5
29256.0,Noah,Harris,Canada,2,2393.0,1196.5
29292.0,Diana,Dominguez,Australia,2,2393.0,1196.5
29392.0,Tamara,Andersen,United Kingdom,2,2393.0,1196.5
29469.0,Dominique,Saunders,United Kingdom,2,2393.0,1196.5
16113.0,Roger,Lal,United States,5,2392.0,478.4
16818.0,Gabrielle,Reed,United States,5,2392.0,478.4
18113.0,Abigail,Simmons,United States,3,2392.0,797.3333333333334
18611.0,Taylor,Foster,United States,5,2392.0,478.4
16641.0,Julia,Bailey,United States,6,2391.0,398.5
18878.0,Mallory,Ramos,United States,5,2391.0,478.2
11156.0,Maria,Roberts,United States,4,2390.0,597.5
18514.0,Anne,Romero,United States,4,2390.0,597.5
18561.0,Carol,Torres,United States,4,2390.0,597.5
13102.0,Mariah,Bryant,United States,5,2387.0,477.4
13358.0,Alexandra,Edwards,Canada,5,2387.0,477.4
16478.0,Adrian,Gray,United States,5,2386.0,477.2
17010.0,Brianna,James,United States,4,2385.0,596.25
17446.0,Pamela,Rana,United States,4,2385.0,596.25
18839.0,Don,Lee,Canada,3,2385.0,795.0
16078.0,Nicole,James,United States,6,2384.0,397.3333333333333
24339.0,Jennifer,Price,United States,1,2384.0,2384.0
24383.0,Ronald,Prasad,France,1,2384.0,2384.0
24404.0,Bryant,Chapman,United States,1,2384.0,2384.0
24641.0,Sarah,Powell,United States,1,2384.0,2384.0
24674.0,Dylan,Kumar,United States,1,2384.0,2384.0
24780.0,Courtney,Hall,United States,1,2384.0,2384.0
24804.0,Tonya,Raji,United States,1,2384.0,2384.0
24958.0,Tamara,Xu,United States,1,2384.0,2384.0
25162.0,Bryan,Morris,United States,1,2384.0,2384.0
25169.0,Angel,Peterson,United States,1,2384.0,2384.0
25175.0,Nathan,Chen,United States,1,2384.0,2384.0
25409.0,Theodore,Gutierrez,United States,1,2384.0,2384.0
25410.0,Kaitlyn,Ward,United States,1,2384.0,2384.0
25452.0,Erica,Wu,France,1,2384.0,2384.0
25463.0,Miguel,Robinson,France,1,2384.0,2384.0
25734.0,Alvin,Zheng,Germany,1,2384.0,2384.0
26209.0,Jan,Cox,Germany,1,2384.0,2384.0
27871.0,Faith,Cook,Australia,1,2384.0,2384.0
28136.0,Kelli,Raje,Australia,1,2384.0,2384.0
28203.0,Victor,Gomez,Australia,1,2384.0,2384.0
28323.0,Nathan,Moore,Australia,1,2384.0,2384.0
28719.0,Neil,Vazquez,Australia,1,2384.0,2384.0
29102.0,Marie,Mehta,Australia,1,2384.0,2384.0
29114.0,Levi,Raman,Australia,1,2384.0,2384.0
29293.0,Nuan,Wu,Australia,1,2384.0,2384.0
29295.0,Glenn,Li,Australia,1,2384.0,2384.0
29306.0,Rafael,Anand,Australia,1,2384.0,2384.0
29318.0,Edgar,Perez,Australia,1,2384.0,2384.0
29358.0,Priscilla,Chande,United Kingdom,1,2384.0,2384.0
29382.0,Karla,Deng,United Kingdom,1,2384.0,2384.0
16867.0,Katelyn,King,United States,5,2382.0,476.4
18528.0,John,Rodriguez,United States,5,2382.0,476.4
11041.0,Amanda,Carter,United States,3,2381.0,793.6666666666666
11136.0,Brianna,Morgan,Canada,3,2381.0,793.6666666666666
13711.0,Thomas,Mitchell,Canada,3,2381.0,793.6666666666666
16845.0,Andrea,Adams,United States,3,2381.0,793.6666666666666
16859.0,Jack,Kumar,United States,3,2381.0,793.6666666666666
16912.0,Dalton,Patterson,United States,3,2381.0,793.6666666666666
17593.0,Richard,Butler,United States,3,2381.0,793.6666666666666
18067.0,Jackson,King,United States,3,2381.0,793.6666666666666
18441.0,Tabitha,Munoz,United States,3,2381.0,793.6666666666666
18478.0,Eduardo,Roberts,United States,3,2381.0,793.6666666666666
18518.0,Stephanie,Scott,United States,4,2380.0,595.0
17135.0,Richard,Edwards,United States,3,2379.0,793.0
18566.0,Bryce,Peterson,United States,3,2379.0,793.0
20587.0,Shannon,Johnston,France,5,2379.0,475.8
20860.0,Preston,Lopez,Germany,5,2379.0,475.8
20722.0,Kellie,Serrano,Germany,6,2378.0,396.3333333333333
11523.0,Lucas,Taylor,Canada,3,2377.0,792.3333333333334
11526.0,Katherine,Diaz,Canada,3,2377.0,792.3333333333334
11888.0,Aaron,Ross,Canada,3,2377.0,792.3333333333334
13100.0,Jeremy,Perez,United States,3,2377.0,792.3333333333334
16144.0,Patrick,Kelly,United States,3,2377.0,792.3333333333334
16869.0,Vanessa,Patterson,United States,3,2377.0,792.3333333333334
16909.0,Chloe,Walker,United States,3,2377.0,792.3333333333334
17134.0,Tabitha,Mehta,United States,3,2377.0,792.3333333333334
17141.0,Makayla,Rogers,United States,3,2377.0,792.3333333333334
17421.0,Katherine,Henderson,United States,3,2377.0,792.3333333333334
17453.0,Hailey,Reed,United States,3,2377.0,792.3333333333334
17536.0,Benjamin,Robinson,United States,3,2377.0,792.3333333333334
17594.0,Michelle,Cook,United States,3,2377.0,792.3333333333334
18116.0,Thomas,Li,Canada,3,2377.0,792.3333333333334
18435.0,Maria,Phillips,United States,3,2377.0,792.3333333333334
18838.0,Natalie,Morris,United States,3,2377.0,792.3333333333334
17005.0,Priscilla,Anand,United States,4,2376.0,594.0
18850.0,Ethan,Hughes,United States,4,2376.0,594.0
16915.0,Mason,Phillips,United States,2,2375.0,1187.5
17622.0,Courtney,Young,Canada,2,2375.0,1187.5
18395.0,Xavier,Howard,United States,2,2375.0,1187.5
11037.0,Chloe,Garcia,Canada,7,2374.0,339.14285714285717
16112.0,Frank,Munoz,United States,4,2374.0,593.5
20923.0,Isabella,Powell,Germany,6,2374.0,395.6666666666667
11063.0,Angela,Murphy,United States,5,2373.0,474.6
20912.0,Christy,Hu,Germany,7,2373.0,339.0
23603.0,Shane,Malhotra,France,5,2373.0,474.6
11021.0,Destiny,Wilson,United States,3,2372.0,790.6666666666666
11132.0,Melissa,Richardson,Canada,6,2372.0,395.3333333333333
15998.0,Marissa,Flores,United States,3,2372.0,790.6666666666666
17427.0,Adam,Russell,United States,3,2372.0,790.6666666666666
17416.0,Raymond,Suri,United States,3,2371.0,790.3333333333334
17475.0,Jackson,Green,United States,3,2371.0,790.3333333333334
11618.0,Brian,Ramirez,Canada,4,2370.0,592.5
13417.0,Ian,Cox,United States,4,2370.0,592.5
16087.0,Micah,Chen,United States,4,2370.0,592.5
16100.0,Jose,Johnson,United States,4,2370.0,592.5
16244.0,Gregory,Kumar,United States,4,2370.0,592.5
16832.0,Isaiah,Parker,United States,4,2370.0,592.5
16844.0,Emma,Robinson,United States,4,2370.0,592.5
16851.0,Kevin,Hayes,United States,4,2370.0,592.5
16865.0,Jordyn,Diaz,United States,4,2370.0,592.5
17176.0,Isaac,Ward,United States,4,2370.0,592.5
17365.0,Thomas,Patterson,United States,4,2370.0,592.5
17420.0,Thomas,Hughes,United States,5,2370.0,474.0
17458.0,Jason,Collins,United States,4,2370.0,592.5
17604.0,Noah,Robinson,United States,4,2370.0,592.5
18232.0,Sophia,Edwards,United States,4,2370.0,592.5
18376.0,Abigail,Diaz,United States,4,2370.0,592.5
18416.0,Emma,Peterson,United States,4,2370.0,592.5
18961.0,Jeremiah,Henderson,Canada,4,2370.0,592.5
18972.0,Benjamin,Butler,Canada,4,2370.0,592.5
21506.0,Randall,Gutierrez,Germany,4,2370.0,592.5
21538.0,Tara,Luo,France,4,2370.0,592.5
17581.0,Jack,Henderson,United States,5,2369.0,473.8
12451.0,Anna,Simmons,Canada,4,2368.0,592.0
12081.0,Kaitlyn,Perez,Canada,3,2367.0,789.0
13878.0,Sebastian,Gray,Canada,3,2367.0,789.0
16147.0,Nathan,Griffin,United States,6,2367.0,394.5
16908.0,Kristi,Patel,United States,3,2367.0,789.0
17399.0,Ian,Sanchez,United States,3,2367.0,789.0
18560.0,Anna,Miller,United States,3,2367.0,789.0
18849.0,Faith,Flores,United States,3,2367.0,789.0
20861.0,Nicolas,Nara,Germany,9,2367.0,263.0
11647.0,Randy,Wu,Canada,5,2366.0,473.2
17413.0,Hailey,Ramirez,United States,5,2366.0,473.2
22803.0,Marshall,Shan,Germany,3,2365.0,788.3333333333334
27324.0,Candice,Xu,France,3,2365.0,788.3333333333334
20930.0,Drew,Chande,Germany,7,2363.0,337.57142857142856
13396.0,David,Kumar,United States,4,2362.0,590.5
16105.0,Kristy,Diaz,United States,4,2362.0,590.5
16914.0,Alexandra,Campbell,United States,4,2362.0,590.5
18379.0,Abigail,Robinson,Canada,4,2362.0,590.5
18426.0,Luke,Gonzales,United States,4,2362.0,590.5
18519.0,Alex,Cook,United States,4,2362.0,590.5
18781.0,Hunter,Lewis,United States,4,2362.0,590.5
18783.0,Michael,Martin,United States,4,2362.0,590.5
21835.0,Susan,Sun,Germany,4,2361.0,590.25
16906.0,Brittany,Flores,Canada,3,2360.0,786.6666666666666
17544.0,Eduardo,Rogers,United States,3,2360.0,786.6666666666666
18437.0,Isabella,Butler,United States,3,2360.0,786.6666666666666
18508.0,Michele,Chander,United States,4,2360.0,590.0
18881.0,Kimberly,James,United States,3,2360.0,786.6666666666666
22800.0,Dwayne,Alvarez,France,3,2360.0,786.6666666666666
16872.0,Samuel,Taylor,United States,5,2359.0,471.8
18381.0,Katherine,Ward,United States,4,2359.0,589.75
16645.0,Chelsea,Subram,United States,3,2357.0,785.6666666666666
16983.0,Gabriel,Collins,United States,3,2357.0,785.6666666666666
17133.0,Lucas,Kelly,United States,3,2357.0,785.6666666666666
17552.0,Julia,Howard,United States,3,2357.0,785.6666666666666
17624.0,Samantha,Alexander,United States,3,2357.0,785.6666666666666
18539.0,Riley,Russell,United States,4,2357.0,589.25
18817.0,Brittany,Russell,United States,3,2357.0,785.6666666666666
11036.0,Jennifer,Russell,United States,2,2355.0,1177.5
12080.0,Grace,Sanchez,Canada,2,2355.0,1177.5
13434.0,Kaitlyn,Wright,Canada,2,2355.0,1177.5
13916.0,Eduardo,Ward,Canada,2,2355.0,1177.5
15999.0,Maria,Hill,United States,2,2355.0,1177.5
16850.0,Jessica,Jenkins,United States,2,2355.0,1177.5
17267.0,Abigail,Stewart,United States,2,2355.0,1177.5
17398.0,Kaylee,Lopez,United States,2,2355.0,1177.5
17417.0,Lee,Munoz,United States,2,2355.0,1177.5
17474.0,Jose,King,United States,2,2355.0,1177.5
18406.0,Zachary,Ross,United States,2,2355.0,1177.5
18829.0,Jackson,Simmons,United States,2,2355.0,1177.5
20553.0,Damien,Xie,France,2,2355.0,1177.5
21505.0,Ronald,Gonzalez,France,2,2355.0,1177.5
21827.0,Mallory,Gutierrez,Germany,2,2355.0,1177.5
22810.0,Nathaniel,Sanchez,Germany,2,2355.0,1177.5
26388.0,Wayne,Jai,France,2,2355.0,1177.5
18862.0,Luke,Zhang,United States,3,2354.0,784.6666666666666
11062.0,Noah,Powell,United States,3,2352.0,784.0
11265.0,Elizabeth,Jones,United States,3,2352.0,784.0
12449.0,Dylan,Brown,Canada,3,2352.0,784.0
13217.0,Julian,Alexander,Canada,3,2352.0,784.0
13393.0,Willie,Kumar,United States,3,2352.0,784.0
17009.0,Wyatt,Butler,United States,3,2352.0,784.0
17364.0,Ian,Perry,United States,3,2352.0,784.0
17612.0,Courtney,Parker,United States,3,2352.0,784.0
18422.0,Taylor,Jones,United States,3,2352.0,784.0
18479.0,Stacey,Chen,United States,3,2352.0,784.0
18547.0,Ethan,Johnson,United States,3,2352.0,784.0
18578.0,Patrick,Rogers,United States,3,2352.0,784.0
18581.0,Melinda,Dominguez,United States,3,2352.0,784.0
18788.0,Madison,Thompson,Canada,3,2352.0,784.0
18950.0,Lauren,Alexander,Canada,3,2352.0,784.0
18971.0,Wyatt,Moore,Canada,3,2352.0,784.0
19710.0,Arianna,Gonzales,Canada,3,2352.0,784.0
11040.0,Jesse,Murphy,United States,3,2351.0,783.6666666666666
12090.0,Savannah,Carter,Canada,3,2351.0,783.6666666666666
18398.0,Geoffrey,Sanchez,United States,3,2351.0,783.6666666666666
18432.0,Jordan,Lopez,United States,3,2351.0,783.6666666666666
18785.0,Sara,Rivera,Canada,3,2351.0,783.6666666666666
11316.0,Luke,Allen,Canada,2,2350.0,1175.0
13455.0,Kaitlyn,Bryant,United States,3,2350.0,783.3333333333334
13743.0,Isabella,Anderson,Canada,2,2350.0,1175.0
18225.0,Paige,Jenkins,United States,5,2350.0,470.0
18512.0,Alex,Torres,United States,2,2350.0,1175.0
18066.0,Steve,He,United States,4,2345.0,586.25
18375.0,Michelle,Morris,United States,4,2345.0,586.25
18532.0,Marcus,Russell,United States,5,2345.0,469.0
18819.0,Miranda,Bennett,United States,4,2345.0,586.25
20589.0,Mackenzie,Rogers,France,4,2345.0,586.25
23605.0,Deanna,Sabella,Germany,4,2345.0,586.25
13454.0,Benjamin,Griffin,United States,3,2344.0,781.3333333333334
16833.0,Richard,Cooper,United States,4,2344.0,586.0
16880.0,Edgar,Patel,United States,4,2344.0,586.0
16785.0,Christian,Lee,United States,4,2343.0,585.75
16854.0,Seth,Adams,United States,4,2343.0,585.75
17553.0,Summer,Sanchez,United States,4,2343.0,585.75
18392.0,Jasmine,Gonzales,Canada,4,2343.0,585.75
16116.0,Begoña,Hurtado,United States,2,2342.0,1171.0
16892.0,Rebecca,Evans,United States,2,2342.0,1171.0
16907.0,Sarah,Hall,United States,2,2342.0,1171.0
17001.0,Ashley,Moore,United States,2,2342.0,1171.0
17363.0,Benjamin,Harris,United States,2,2342.0,1171.0
17439.0,Jasmine,Butler,United States,2,2342.0,1171.0
17542.0,Bridget,Rai,United States,2,2342.0,1171.0
17545.0,Wyatt,Ross,United States,2,2342.0,1171.0
18429.0,Faith,Gonzales,United States,2,2342.0,1171.0
18460.0,Faith,Butler,United States,2,2342.0,1171.0
18513.0,Edwin,Xu,United States,2,2342.0,1171.0
18613.0,Cody,Murphy,United States,2,2342.0,1171.0
19705.0,Anna,Hughes,Canada,2,2342.0,1171.0
13710.0,Destiny,Harris,Canada,3,2341.0,780.3333333333334
16111.0,Allison,Green,United States,5,2341.0,468.2
17433.0,Cameron,Lee,United States,3,2341.0,780.3333333333334
18959.0,Seth,Morris,Canada,3,2341.0,780.3333333333334
22816.0,Erica,Cai,Germany,5,2341.0,468.2
12017.0,David,Simmons,Canada,3,2340.0,780.0
17460.0,Megan,Murphy,United States,3,2340.0,780.0
13145.0,Gilbert,Xu,United States,4,2337.0,584.25
13387.0,Miranda,Jenkins,United States,4,2337.0,584.25
13706.0,Kaitlyn,Peterson,Canada,4,2337.0,584.25
17591.0,Spencer,Hughes,United States,4,2337.0,584.25
18388.0,Julia,Russell,United States,4,2337.0,584.25
11135.0,Marcus,Harris,United States,3,2335.0,778.3333333333334
17037.0,Kenneth,Nath,Canada,3,2335.0,778.3333333333334
17157.0,Wyatt,Johnson,United States,3,2335.0,778.3333333333334
17175.0,Amanda,Roberts,Canada,3,2335.0,778.3333333333334
17462.0,Jesse,Rogers,United States,3,2335.0,778.3333333333334
17592.0,Bryan,Sanders,United States,3,2335.0,778.3333333333334
18352.0,Noah,Thomas,United States,3,2335.0,778.3333333333334
18399.0,Sara,Torres,United States,3,2335.0,778.3333333333334
18615.0,Charles,Peterson,United States,3,2335.0,778.3333333333334
18832.0,Dylan,Jackson,United States,3,2335.0,778.3333333333334
18951.0,Dalton,Jones,Canada,3,2335.0,778.3333333333334
22836.0,Michele,Sai,Germany,3,2335.0,778.3333333333334
27951.0,Roy,Torres,France,3,2335.0,778.3333333333334
18427.0,Justin,Diaz,United States,4,2334.0,583.5
26406.0,Haley,Lopez,France,4,2334.0,583.5
11016.0,Wyatt,Hill,United States,3,2332.0,777.3333333333334
12447.0,Carson,Hayes,Canada,4,2332.0,583.0
12903.0,John,Sandstone,Canada,3,2332.0,777.3333333333334
13709.0,Zachary,Robinson,Canada,3,2332.0,777.3333333333334
13851.0,Seth,Moore,Canada,4,2332.0,583.0
17002.0,Dylan,Martin,United States,4,2332.0,583.0
17017.0,Jeremiah,Jones,United States,3,2332.0,777.3333333333334
17400.0,Emily,Wilson,Canada,4,2332.0,583.0
18428.0,Alexis,Henderson,United States,3,2332.0,777.3333333333334
18864.0,Elijah,Long,United States,4,2332.0,583.0
11053.0,Ana,Price,United States,2,2330.0,1165.0
11162.0,Chase,Cox,United States,2,2330.0,1165.0
12781.0,Emma,James,Canada,2,2330.0,1165.0
12902.0,Julia,Stewart,Canada,2,2330.0,1165.0
13370.0,Blake,Ross,United States,2,2330.0,1165.0
13853.0,Connor,Zhang,Canada,2,2330.0,1165.0
13987.0,Eduardo,Collins,Canada,2,2330.0,1165.0
16007.0,Janelle,Gonzalez,United States,2,2330.0,1165.0
16095.0,Marcus,Garcia,United States,2,2330.0,1165.0
16146.0,Jacquelyn,Saunders,United States,2,2330.0,1165.0
17007.0,Samuel,Hayes,United States,2,2330.0,1165.0
17401.0,Noah,Wright,United States,2,2330.0,1165.0
17470.0,Jaime,Carlson,United States,2,2330.0,1165.0
18433.0,Seth,Ross,Canada,2,2330.0,1165.0
18480.0,Heidi,Suri,United States,2,2330.0,1165.0
18497.0,Fernando,Evans,United States,2,2330.0,1165.0
18595.0,Marcus,Hernandez,Canada,2,2330.0,1165.0
18827.0,Carmen,Raman,United States,2,2330.0,1165.0
18876.0,Luke,Chen,United States,2,2330.0,1165.0
19746.0,Stephanie,Sanders,Canada,2,2330.0,1165.0
21542.0,Patricia,Vance,France,2,2330.0,1165.0
25786.0,Cheryl,Romero,France,2,2330.0,1165.0
17623.0,Austin,Robinson,United States,3,2327.0,775.6666666666666
18922.0,Madeline,Gonzalez,Canada,3,2327.0,775.6666666666666
13241.0,Natalie,Ward,Canada,3,2326.0,775.3333333333334
13415.0,Marcus,Rogers,United States,3,2326.0,775.3333333333334
16893.0,Isaac,Howard,United States,3,2326.0,775.3333333333334
16968.0,Ian,Griffin,United States,3,2326.0,775.3333333333334
17264.0,Ian,Smith,United States,3,2326.0,775.3333333333334
18594.0,Kristi,Garcia,United States,3,2326.0,775.3333333333334
16079.0,Natalie,Carter,United States,3,2325.0,775.0
17508.0,Caroline,Bennett,United States,3,2325.0,775.0
11022.0,Ethan,Zhang,United States,2,2322.0,1161.0
11160.0,Maurice,Tang,United States,2,2322.0,1161.0
13398.0,Logan,Ross,United States,2,2322.0,1161.0
16101.0,Mary,Lopez,United States,2,2322.0,1161.0
16145.0,Sydney,Anderson,United States,2,2322.0,1161.0
16868.0,Xavier,Jackson,United States,2,2322.0,1161.0
16979.0,Kaitlyn,Rogers,United States,2,2322.0,1161.0
17403.0,Greg,White,Canada,2,2322.0,1161.0
18418.0,Dawn,Sun,United States,2,2322.0,1161.0
18586.0,Benjamin,Patterson,United States,2,2322.0,1161.0
18882.0,Dalton,Hayes,Canada,2,2322.0,1161.0
21828.0,Megan,Gonzales,Germany,2,2322.0,1161.0
11154.0,Megan,Walker,United States,1,2320.0,2320.0
11155.0,Hunter,Robinson,United States,1,2320.0,2320.0
11512.0,Natalie,Campbell,Canada,1,2320.0,2320.0
12914.0,Jill,Miller,Canada,2,2320.0,1160.0
13209.0,Alexandria,Bailey,Canada,1,2320.0,2320.0
13271.0,Ryan,Anderson,Canada,1,2320.0,2320.0
13377.0,Thomas,Hernandez,United States,1,2320.0,2320.0
13414.0,Miguel,Wilson,United States,1,2320.0,2320.0
16081.0,Arturo,Cai,United States,1,2320.0,2320.0
16114.0,Gavin,Ross,United States,1,2320.0,2320.0
16148.0,Karen,Walker,United States,1,2320.0,2320.0
16753.0,Rachel,Harris,United States,1,2320.0,2320.0
16881.0,Ruben,Alonso,United States,1,2320.0,2320.0
16989.0,Emma,Richardson,United States,1,2320.0,2320.0
17140.0,Sean,Peterson,United States,1,2320.0,2320.0
17268.0,Alyssa,Hughes,United States,1,2320.0,2320.0
17537.0,Courtney,Mitchell,United States,1,2320.0,2320.0
18351.0,Alexander,Smith,United States,1,2320.0,2320.0
18412.0,Mary,Parker,United States,1,2320.0,2320.0
18527.0,Jonathan,Baker,United States,1,2320.0,2320.0
18538.0,Ian,Mitchell,United States,1,2320.0,2320.0
18614.0,Seth,Wright,United States,1,2320.0,2320.0
18643.0,Joshua,Thomas,United States,1,2320.0,2320.0
21537.0,Gloria,Navarro,Germany,1,2320.0,2320.0
11251.0,Xavier,Long,Canada,4,2319.0,579.75
13027.0,Jeremy,Patterson,Canada,3,2319.0,773.0
13394.0,Matthew,Clark,United States,4,2319.0,579.75
13473.0,Logan,Hill,United States,4,2319.0,579.75
16961.0,Faith,Perry,United States,4,2319.0,579.75
17546.0,Melanie,James,United States,4,2319.0,579.75
18237.0,Nicole,Russell,Canada,4,2319.0,579.75
18403.0,Madeline,Phillips,United States,4,2319.0,579.75
18481.0,Tanya,Romero,United States,4,2319.0,579.75
18582.0,Bryan,Morgan,United States,4,2319.0,579.75
18818.0,Lucas,Torres,United States,3,2319.0,773.0
24841.0,Andres,Jai,France,3,2319.0,773.0
16981.0,Hunter,Simmons,United States,4,2318.0,579.5
18526.0,Kevin,Hernandez,United States,4,2318.0,579.5
11020.0,Jordan,King,Canada,2,2317.0,1158.5
13428.0,Marcus,Ramirez,United States,2,2317.0,1158.5
16755.0,Olivia,James,United States,2,2317.0,1158.5
16819.0,Dalton,Cox,United States,2,2317.0,1158.5
16871.0,Anna,Clark,United States,2,2317.0,1158.5
16967.0,Noah,Hernandez,United States,2,2317.0,1158.5
17008.0,Connor,Turner,United States,2,2317.0,1158.5
17524.0,Lucas,Washington,United States,2,2317.0,1158.5
18353.0,Robert,Anderson,United States,2,2317.0,1158.5
18894.0,Eric,Allen,United States,2,2317.0,1158.5
18442.0,Mason,Hill,United States,4,2312.0,578.0
11145.0,Jasmine,Coleman,United States,3,2310.0,770.0
13154.0,Aaron,Lal,United States,3,2310.0,770.0
17139.0,Jade,Rivera,United States,3,2310.0,770.0
17362.0,Miguel,Collins,United States,3,2310.0,770.0
18357.0,Trinity,Reed,United States,3,2310.0,770.0
18386.0,Kevin,Shan,United States,3,2310.0,770.0
22797.0,Leonard,She,Germany,3,2310.0,770.0
23621.0,Felicia,Townsend,France,3,2310.0,770.0
25777.0,Stephanie,Butler,France,3,2310.0,770.0
11064.0,Chase,Reed,United States,2,2305.0,1152.5
17402.0,Bryce,Rogers,Canada,2,2305.0,1152.5
22824.0,April,Nath,France,2,2305.0,1152.5
16864.0,Grace,Ramirez,United States,4,2300.0,575.0
16779.0,Morgan,Watson,United States,2,2297.0,1148.5
17136.0,Glenn,Ye,United States,2,2297.0,1148.5
17415.0,Dawn,Beck,United States,2,2297.0,1148.5
17423.0,Arianna,Alexander,United States,2,2297.0,1148.5
18394.0,Sean,Wright,United States,2,2297.0,1148.5
18610.0,Bailey,Rivera,United States,2,2297.0,1148.5
11152.0,James,Williams,United States,1,2295.0,2295.0
11693.0,Hailey,Diaz,Canada,1,2295.0,2295.0
12086.0,Emily,Clark,Canada,1,2295.0,2295.0
12785.0,Javier,Ortega,Canada,1,2295.0,2295.0
13399.0,Edward,Young,United States,1,2295.0,2295.0
13427.0,Connor,Winston,United States,1,2295.0,2295.0
13852.0,Ian,Robinson,Canada,1,2295.0,2295.0
16344.0,Xavier,King,United States,1,2295.0,2295.0
16786.0,Lucas,Reed,United States,1,2295.0,2295.0
16835.0,Noah,Nelson,United States,1,2295.0,2295.0
16839.0,Julia,Ross,United States,1,2295.0,2295.0
16882.0,Robert,Young,United States,1,2295.0,2295.0
17000.0,Miranda,Henderson,United States,1,2295.0,2295.0
17414.0,Nicholas,Garcia,United States,1,2295.0,2295.0
17499.0,Marcus,Campbell,United States,1,2295.0,2295.0
18393.0,Angela,Ross,United States,1,2295.0,2295.0
18401.0,Joshua,Jones,Canada,1,2295.0,2295.0
18436.0,Richard,Johnson,United States,1,2295.0,2295.0
18537.0,Kathryn,Carson,United States,1,2295.0,2295.0
18592.0,Mackenzie,Evans,United States,1,2295.0,2295.0
18789.0,Seth,Robinson,United States,1,2295.0,2295.0
18840.0,Alexandria,Barnes,United States,1,2295.0,2295.0
21527.0,Sergio,Patel,France,1,2295.0,2295.0
21833.0,Terrance,Gonzalez,Germany,1,2295.0,2295.0
25770.0,Reginald,Blanco,France,1,2295.0,2295.0
25029.0,Alberto,Hernandez,Australia,6,2271.0,378.5
24889.0,Kelli,She,Australia,5,2269.0,453.8
24611.0,Pedro,Suarez,Australia,4,2219.0,554.75
24887.0,Micah,Sun,Australia,5,2218.0,443.6
24919.0,Carl,Shan,Australia,6,2212.0,368.6666666666667
24904.0,Jaclyn,Yuan,Australia,5,2199.0,439.8
25108.0,Gary,Gill,Australia,4,2198.0,549.5
24905.0,Kelsey,Nara,Australia,4,2195.0,548.75
25231.0,Olivia,Moore,Australia,5,2189.0,437.8
25032.0,Meredith,Rana,Australia,5,2184.0,436.8
25213.0,Cheryl,Gutierrez,Australia,5,2184.0,436.8
25218.0,Christy,Sun,Australia,5,2184.0,436.8
24907.0,Megan,Price,Australia,4,2183.0,545.75
24910.0,Terrance,Madan,Australia,4,2183.0,545.75
25035.0,Mandy,Lin,Australia,4,2183.0,545.75
25053.0,Colin,Andersen,Australia,4,2183.0,545.75
24781.0,Carmen,Garcia,Canada,1,2182.0,2182.0
24817.0,Victoria,Richardson,Canada,1,2182.0,2182.0
24824.0,Alexandria,Wood,Canada,1,2182.0,2182.0
24832.0,Morgan,Martin,Canada,1,2182.0,2182.0
24976.0,Stephanie,Cooper,Canada,1,2182.0,2182.0
24977.0,Sophia,Green,Canada,1,2182.0,2182.0
25046.0,Caleb,Long,Canada,1,2182.0,2182.0
25093.0,Madison,Griffin,Canada,1,2182.0,2182.0
25371.0,Renee,Gomez,Canada,1,2182.0,2182.0
25911.0,Alexandra,Sanders,Canada,1,2182.0,2182.0
25999.0,Joshua,Thompson,Canada,1,2182.0,2182.0
26049.0,Christopher,White,Canada,1,2182.0,2182.0
26235.0,Michelle,Watson,Canada,1,2182.0,2182.0
26279.0,Trinity,Sanchez,Canada,1,2182.0,2182.0
26310.0,Kaitlyn,Garcia,Canada,1,2182.0,2182.0
28669.0,Jordan,Carter,Canada,1,2182.0,2182.0
28818.0,Dwayne,Hernandez,Canada,1,2182.0,2182.0
28819.0,Grace,Bennett,Canada,1,2182.0,2182.0
28832.0,Joseph,Rodriguez,Canada,1,2182.0,2182.0
28837.0,Victoria,Rodriguez,Canada,1,2182.0,2182.0
28848.0,Justin,Butler,Canada,1,2182.0,2182.0
29013.0,Emma,Hall,Canada,1,2182.0,2182.0
29135.0,Adam,Allen,Canada,1,2182.0,2182.0
29152.0,Steven,Sanders,Canada,1,2182.0,2182.0
29154.0,Eduardo,Bennett,Canada,1,2182.0,2182.0
29336.0,Nathaniel,Bailey,Canada,1,2182.0,2182.0
24917.0,Arthur,Gomez,Australia,4,2179.0,544.75
24921.0,Curtis,He,Australia,4,2179.0,544.75
25030.0,Jessie,Romero,Australia,4,2179.0,544.75
25113.0,Randy,Gao,Australia,4,2179.0,544.75
24888.0,Roy,Srini,Australia,3,2174.0,724.6666666666666
24901.0,Clarence,She,Australia,3,2174.0,724.6666666666666
25037.0,Terrence,Rai,Australia,3,2174.0,724.6666666666666
25051.0,Suzanne,Cai,Australia,3,2174.0,724.6666666666666
25126.0,Shane,Suri,Australia,3,2174.0,724.6666666666666
25127.0,Priscilla,Deng,Australia,3,2174.0,724.6666666666666
25234.0,Monica,Patel,Australia,3,2174.0,724.6666666666666
25106.0,Micah,Gao,Australia,3,2170.0,723.3333333333334
24916.0,Kara,Pal,Australia,5,2169.0,433.8
24903.0,Tracy,Black,Australia,4,2164.0,541.0
25034.0,Anne,Martin,Australia,4,2164.0,541.0
24923.0,Ebony,Sara,Australia,5,2158.0,431.6
25226.0,Robert,Kumar,Australia,5,2158.0,431.6
24606.0,Cassie,Nath,Australia,3,2155.0,718.3333333333334
24615.0,Dwayne,Ortega,Australia,3,2155.0,718.3333333333334
24900.0,Ebony,Perez,Australia,3,2155.0,718.3333333333334
24908.0,Marc,Blanco,Australia,3,2155.0,718.3333333333334
24913.0,Kelsey,Lal,Australia,3,2155.0,718.3333333333334
24920.0,Amy,Cai,Australia,3,2155.0,718.3333333333334
25052.0,Sandra,Lin,Australia,3,2155.0,718.3333333333334
25112.0,Suzanne,Zhu,Australia,3,2155.0,718.3333333333334
25114.0,Donald,Sara,Australia,3,2155.0,718.3333333333334
25115.0,Raymond,Rana,Australia,3,2155.0,718.3333333333334
25120.0,Heidi,Rodriguez,Australia,3,2155.0,718.3333333333334
25121.0,Clarence,Yang,Australia,3,2155.0,718.3333333333334
25133.0,Kristine,Gutierrez,Australia,3,2155.0,718.3333333333334
25215.0,Natalie,Gonzalez,Australia,3,2155.0,718.3333333333334
25229.0,Autumn,Zhou,Australia,3,2155.0,718.3333333333334
25235.0,Monique,Torres,Australia,3,2155.0,718.3333333333334
25243.0,Tonya,Rai,Australia,3,2155.0,718.3333333333334
24612.0,Devon,Chander,Australia,5,2151.0,430.2
24909.0,Grant,Yuan,Australia,4,2149.0,537.25
24914.0,Heather,Zhou,Australia,4,2149.0,537.25
25214.0,Roger,Chander,Australia,4,2149.0,537.25
24613.0,Stacy,Serrano,Australia,4,2147.0,536.75
25119.0,Deanna,Lopez,Australia,4,2147.0,536.75
24915.0,Stanley,Patel,Australia,3,2145.0,715.0
24922.0,Naomi,Jimenez,Australia,3,2145.0,715.0
25111.0,Drew,Chander,Australia,3,2145.0,715.0
24924.0,Richard,Anderson,Australia,5,2143.0,428.6
25107.0,Mason,Ramirez,Australia,5,2143.0,428.6
25221.0,Erica,Zhu,Australia,5,2143.0,428.6
25225.0,Alicia,Yuan,Australia,3,2129.0,709.6666666666666
24608.0,Katrina,Nara,Australia,2,2120.0,1060.0
24609.0,Jenny,Zhang,Australia,2,2120.0,1060.0
24614.0,Lindsey,Raje,Australia,2,2120.0,1060.0
24902.0,Jill,Murphy,Australia,2,2120.0,1060.0
24912.0,Krystal,Li,Australia,2,2120.0,1060.0
24918.0,Warren,Cai,Australia,2,2120.0,1060.0
25033.0,Omar,Zhu,Australia,2,2120.0,1060.0
25036.0,Jenny,Ye,Australia,2,2120.0,1060.0
25057.0,Jerome,Gomez,Australia,2,2120.0,1060.0
25138.0,Seth,Russell,Australia,2,2120.0,1060.0
25222.0,Tamara,Kumar,Australia,2,2120.0,1060.0
25228.0,Brad,Ashe,Australia,2,2120.0,1060.0
25240.0,Ross,Rana,Australia,2,2120.0,1060.0
25242.0,Susan,Hu,Australia,2,2120.0,1060.0
26174.0,Isaac,Adams,United States,1,2071.0,2071.0
26183.0,Allen,Arthur,United States,1,2071.0,2071.0
26249.0,Thomas,Ross,United States,1,2071.0,2071.0
26481.0,Luke,Young,United States,1,2071.0,2071.0
26710.0,Jan,Green,United States,1,2071.0,2071.0
26717.0,David,Simpson,United States,1,2071.0,2071.0
26726.0,Danielle,Rivera,United States,1,2071.0,2071.0
26735.0,Grace,White,United States,1,2071.0,2071.0
26786.0,Seth,Smith,United States,1,2071.0,2071.0
26805.0,Alexandria,Reed,United States,1,2071.0,2071.0
26811.0,Rachael,Sanchez,United States,1,2071.0,2071.0
27020.0,Rachel,Perry,United States,1,2071.0,2071.0
27021.0,Victoria,Peterson,United States,1,2071.0,2071.0
27050.0,Chloe,Turner,United States,1,2071.0,2071.0
27054.0,Shawn,Sharma,United States,1,2071.0,2071.0
27056.0,Mackenzie,James,United States,1,2071.0,2071.0
27063.0,Taylor,Flores,United States,1,2071.0,2071.0
27064.0,Barbara,Chande,United States,1,2071.0,2071.0
27076.0,Dakota,Russell,United States,1,2071.0,2071.0
27077.0,Robert,Henderson,United States,1,2071.0,2071.0
27078.0,Chloe,Scott,United States,1,2071.0,2071.0
27079.0,Natalie,Lewis,United States,1,2071.0,2071.0
27080.0,Nathan,Campbell,United States,1,2071.0,2071.0
27087.0,Justin,Clark,United States,1,2071.0,2071.0
27088.0,Tristan,Patterson,United States,1,2071.0,2071.0
27091.0,Miguel,Martin,United States,1,2071.0,2071.0
27094.0,Sean,Kelly,United States,1,2071.0,2071.0
27108.0,Rachel,Thompson,United States,1,2071.0,2071.0
27206.0,Marcus,Mitchell,United States,1,2071.0,2071.0
27211.0,Isaiah,Roberts,United States,1,2071.0,2071.0
27212.0,Sophia,Roberts,United States,1,2071.0,2071.0
27227.0,Emily,Bryant,United States,1,2071.0,2071.0
27228.0,Amanda,Young,United States,1,2071.0,2071.0
27234.0,Gabriel,Jenkins,United States,1,2071.0,2071.0
27239.0,Noah,Simmons,United States,1,2071.0,2071.0
27256.0,Caleb,Lopez,United States,1,2071.0,2071.0
27257.0,Rebekah,Sara,United States,1,2071.0,2071.0
27258.0,Christian,Flores,United States,1,2071.0,2071.0
27264.0,Jacob,Clark,United States,1,2071.0,2071.0
27266.0,Riley,Gonzales,United States,1,2071.0,2071.0
27271.0,Anna,Reed,United States,1,2071.0,2071.0
27277.0,Jeremy,Wood,United States,1,2071.0,2071.0
27286.0,Shawn,Pal,United States,1,2071.0,2071.0
27289.0,Anna,Long,United States,1,2071.0,2071.0
27405.0,Jackson,Shan,United States,1,2071.0,2071.0
27423.0,Dakota,Butler,United States,1,2071.0,2071.0
27448.0,Marc,Romero,United States,1,2071.0,2071.0
27468.0,Robert,Powell,United States,1,2071.0,2071.0
27504.0,Rebecca,Lopez,United States,1,2071.0,2071.0
27508.0,James,Edwards,United States,1,2071.0,2071.0
27531.0,Abigail,Bailey,United States,1,2071.0,2071.0
27534.0,Candace,Chapman,United States,1,2071.0,2071.0
27544.0,Marissa,Hayes,United States,1,2071.0,2071.0
27547.0,Kevin,Hill,United States,1,2071.0,2071.0
27549.0,Hunter,Johnson,United States,1,2071.0,2071.0
27552.0,Shannon,Guo,United States,1,2071.0,2071.0
27554.0,Jordyn,West,United States,1,2071.0,2071.0
27575.0,Emma,Wilson,United States,1,2071.0,2071.0
27576.0,Caroline,Gonzales,United States,1,2071.0,2071.0
28510.0,Gregory,Andersen,France,1,2071.0,2071.0
28532.0,Tony,Xie,France,1,2071.0,2071.0
28560.0,Peggy,Smith,France,1,2071.0,2071.0
28707.0,Sharon,Raje,France,1,2071.0,2071.0
28708.0,Darryl,Sun,France,1,2071.0,2071.0
28711.0,Rebekah,Torres,France,1,2071.0,2071.0
28727.0,Brett,Madan,France,1,2071.0,2071.0
28736.0,Paula,Navarro,France,1,2071.0,2071.0
29361.0,Sheena,Nara,France,1,2071.0,2071.0
29380.0,Teresa,Blanco,France,1,2071.0,2071.0
29414.0,Lydia,Patel,France,1,2071.0,2071.0
26127.0,Terry,Chander,United States,1,2049.0,2049.0
26711.0,Mya,Bryant,United States,1,2049.0,2049.0
26724.0,Sydney,Edwards,United States,1,2049.0,2049.0
26725.0,Alexis,Smith,United States,1,2049.0,2049.0
26731.0,Ethan,Clark,United States,1,2049.0,2049.0
26734.0,Morgan,Powell,United States,1,2049.0,2049.0
26801.0,Wyatt,Washington,United States,1,2049.0,2049.0
26814.0,Alex,Hernandez,United States,1,2049.0,2049.0
26815.0,Erin,Cox,United States,1,2049.0,2049.0
27044.0,Carol,Long,United States,1,2049.0,2049.0
27045.0,Angel,Brooks,United States,1,2049.0,2049.0
27047.0,Yolanda,Rai,United States,1,2049.0,2049.0
27051.0,Charles,Brown,United States,1,2049.0,2049.0
27058.0,Nathan,Butler,United States,1,2049.0,2049.0
27067.0,Jennifer,Rodriguez,United States,1,2049.0,2049.0
27068.0,Jade,Kelly,United States,1,2049.0,2049.0
27069.0,Gabriella,Perez,United States,1,2049.0,2049.0
27081.0,Jason,Ross,United States,1,2049.0,2049.0
27083.0,Kevin,Perry,United States,1,2049.0,2049.0
27086.0,Lauren,Howard,United States,1,2049.0,2049.0
27089.0,Janelle,Garcia,United States,1,2049.0,2049.0
27090.0,Elizabeth,Brown,United States,1,2049.0,2049.0
27095.0,Spencer,Flores,United States,1,2049.0,2049.0
27193.0,Daniel,Miller,United States,1,2049.0,2049.0
27205.0,Erin,Murphy,United States,1,2049.0,2049.0
27226.0,Christian,Wang,United States,1,2049.0,2049.0
27231.0,Tyrone,Ramos,United States,1,2049.0,2049.0
27232.0,Ram,Thirunavukkarasu,United States,1,2049.0,2049.0
27235.0,Robert,Li,United States,1,2049.0,2049.0
27240.0,Dalton,Cooper,United States,1,2049.0,2049.0
27251.0,Jessica,Flores,United States,1,2049.0,2049.0
27254.0,Theodore,Jimenez,United States,1,2049.0,2049.0
27255.0,Xavier,Rivera,United States,1,2049.0,2049.0
27260.0,Candice,Ma,United States,1,2049.0,2049.0
27261.0,Omar,Chande,United States,1,2049.0,2049.0
27262.0,Courtney,Hill,United States,1,2049.0,2049.0
27263.0,Aaron,Kumar,United States,1,2049.0,2049.0
27268.0,Latasha,Serrano,United States,1,2049.0,2049.0
27269.0,Victoria,Lee,United States,1,2049.0,2049.0
27272.0,Elijah,Chen,United States,1,2049.0,2049.0
27275.0,Aidan,Powell,United States,1,2049.0,2049.0
27276.0,Faith,Alexander,United States,1,2049.0,2049.0
27292.0,Julia,Evans,United States,1,2049.0,2049.0
27416.0,Jeremiah,Morris,United States,1,2049.0,2049.0
27421.0,Mindy,Chander,United States,1,2049.0,2049.0
27424.0,Luis,Mitchell,United States,1,2049.0,2049.0
27425.0,Steven,Morris,United States,1,2049.0,2049.0
27431.0,Ethan,Jenkins,United States,1,2049.0,2049.0
27467.0,Jackson,Coleman,United States,1,2049.0,2049.0
27523.0,Kayla,Martin,United States,1,2049.0,2049.0
27524.0,Denise,Suri,United States,1,2049.0,2049.0
27535.0,Ian,Cook,United States,1,2049.0,2049.0
27546.0,Jackson,Ross,United States,1,2049.0,2049.0
27551.0,Antonio,Long,United States,1,2049.0,2049.0
27553.0,Julia,Sanders,United States,1,2049.0,2049.0
27555.0,Isabella,Alexander,United States,1,2049.0,2049.0
27556.0,Amanda,Cox,United States,1,2049.0,2049.0
27558.0,Caleb,Kumar,United States,1,2049.0,2049.0
27559.0,Emily,Rodriguez,United States,1,2049.0,2049.0
28512.0,Dwayne,Alonso,France,1,2049.0,2049.0
28519.0,Jésus,Ramos,France,1,2049.0,2049.0
28529.0,Tara,Chande,France,1,2049.0,2049.0
28540.0,Leah,Zhang,France,1,2049.0,2049.0
28541.0,Isabella,Perez,France,1,2049.0,2049.0
28547.0,April,Shen,France,1,2049.0,2049.0
28559.0,Billy,Gutierrez,France,1,2049.0,2049.0
28683.0,Mallory,Munoz,France,1,2049.0,2049.0
28685.0,Marshall,Zhu,France,1,2049.0,2049.0
28689.0,Kelvin,Zhang,France,1,2049.0,2049.0
28690.0,Cory,Chandra,France,1,2049.0,2049.0
28724.0,Marvin,Navarro,France,1,2049.0,2049.0
28728.0,Dylan,Long,France,1,2049.0,2049.0
28739.0,Mya,Perry,France,1,2049.0,2049.0
28749.0,Franklin,Zhou,France,1,2049.0,2049.0
29364.0,Lee,Rubio,France,1,2049.0,2049.0
29397.0,Walter,Ramos,France,1,2049.0,2049.0
29404.0,Chloe,Ross,France,1,2049.0,2049.0
29415.0,Oscar,Flores,France,1,2049.0,2049.0
29450.0,Bradley,Chande,France,1,2049.0,2049.0
29479.0,Tommy,Tang,France,1,2049.0,2049.0
29482.0,Clayton,Zhang,France,1,2049.0,2049.0
29483.0,Marc,Navarro,France,1,2049.0,2049.0
26566.0,Crystal,Chen,Australia,5,2016.0,403.2
20831.0,Drew,Xu,Germany,5,2012.0,402.4
20835.0,Ruben,Gutierrez,Germany,6,2002.0,333.6666666666667
26423.0,Hector,Gutierrez,Australia,4,2002.0,500.5
26746.0,Amber,Adams,Australia,5,2001.0,400.2
20062.0,Russell,Carson,Germany,5,1997.0,399.4
26150.0,Nancy,Rana,Australia,4,1992.0,498.0
26795.0,Elijah,Shan,Australia,4,1992.0,498.0
19320.0,Bethany,Deng,France,4,1981.0,495.25
20980.0,Matthew,Miller,Germany,4,1981.0,495.25
26422.0,Pedro,Suri,Australia,5,1981.0,396.2
26663.0,Joanna,Serrano,Australia,6,1976.0,329.3333333333333
26375.0,Shannon,Ortega,Australia,5,1971.0,394.2
19427.0,Troy,Lopez,France,5,1967.0,393.4
20166.0,Monique,Gutierrez,Germany,5,1967.0,393.4
26135.0,Erica,Sun,Australia,5,1967.0,393.4
26204.0,Christy,Gao,Australia,5,1967.0,393.4
20162.0,Kelsey,Nath,Germany,4,1966.0,491.5
20830.0,Whitney,Martinez,Germany,4,1966.0,491.5
26589.0,Julie,Tang,Australia,4,1966.0,491.5
20829.0,Andy,Diaz,Germany,4,1962.0,490.5
20874.0,Edwin,Lal,Germany,4,1962.0,490.5
20970.0,Isaiah,Richardson,Germany,4,1962.0,490.5
19335.0,Cedric,Ye,France,3,1957.0,652.3333333333334
19336.0,Ricardo,Andersen,France,3,1957.0,652.3333333333334
19458.0,Tyrone,Blanco,France,3,1957.0,652.3333333333334
20845.0,Barry,Malhotra,Germany,3,1957.0,652.3333333333334
20896.0,Arthur,Sai,Germany,3,1957.0,652.3333333333334
21008.0,Melody,Carlson,Germany,3,1957.0,652.3333333333334
21015.0,Diane,Hernandez,Germany,3,1957.0,652.3333333333334
21035.0,Roy,Sanchez,Germany,3,1957.0,652.3333333333334
25960.0,Willie,Cai,Australia,3,1957.0,652.3333333333334
26019.0,Luis,Allen,Australia,3,1957.0,652.3333333333334
26138.0,Latoya,Chander,Australia,3,1957.0,652.3333333333334
26153.0,Rebecca,Collins,Australia,3,1957.0,652.3333333333334
26165.0,Alexandra,Flores,Australia,3,1957.0,652.3333333333334
26435.0,Yolanda,Goel,Australia,3,1957.0,652.3333333333334
26436.0,Briana,Carlson,Australia,3,1957.0,652.3333333333334
26440.0,Devin,Green,Australia,3,1957.0,652.3333333333334
26563.0,Keith,She,Australia,3,1957.0,652.3333333333334
26567.0,Michele,Rai,Australia,3,1957.0,652.3333333333334
26568.0,Nancy,Kovar,Australia,3,1957.0,652.3333333333334
26570.0,Hunter,Gonzales,Australia,3,1957.0,652.3333333333334
26591.0,Aimee,Chen,Australia,3,1957.0,652.3333333333334
26651.0,Gregory,Nara,Australia,3,1957.0,652.3333333333334
26660.0,Kern,Sutton,Australia,3,1957.0,652.3333333333334
26753.0,Summer,Patel,Australia,3,1957.0,652.3333333333334
26763.0,Grant,Shen,Australia,3,1957.0,652.3333333333334
26796.0,Warren,Raji,Australia,3,1957.0,652.3333333333334
26797.0,Marshall,Hu,Australia,3,1957.0,652.3333333333334
19381.0,Brandi,Romero,France,3,1953.0,651.0
20945.0,Roger,Tang,Germany,3,1953.0,651.0
26437.0,Tiffany,Zhu,Australia,3,1953.0,651.0
19343.0,Louis,Ye,France,5,1952.0,390.4
20842.0,Tyrone,Moreno,Germany,5,1952.0,390.4
26024.0,Jill,Gutierrez,Australia,5,1952.0,390.4
26131.0,Lawrence,Suarez,Australia,5,1952.0,390.4
26142.0,Micheal,Dominguez,Australia,5,1952.0,390.4
27494.0,Virginia,Perez,Australia,5,1952.0,390.4
20719.0,Lawrence,Alvarez,Germany,4,1947.0,486.75
20847.0,Kyle,Young,Germany,4,1947.0,486.75
20913.0,Wesley,Liu,Germany,4,1947.0,486.75
20979.0,Diane,Jimenez,Germany,4,1947.0,486.75
19436.0,Gregory,Pal,France,6,1942.0,323.6666666666667
20726.0,Beth,Romero,Germany,5,1941.0,388.2
19386.0,Allen,Martinez,France,3,1938.0,646.0
19423.0,Maria,Price,France,3,1938.0,646.0
19426.0,Brian,Stewart,France,3,1938.0,646.0
19517.0,Max,Gomez,France,3,1938.0,646.0
20171.0,Bailey,King,Germany,3,1938.0,646.0
20720.0,Regina,Subram,Germany,3,1938.0,646.0
20808.0,Julie,Jai,Germany,3,1938.0,646.0
20828.0,Jaclyn,Shan,Germany,3,1938.0,646.0
20836.0,Stanley,Chandra,Germany,3,1938.0,646.0
20841.0,Jésus,Alonso,Germany,3,1938.0,646.0
20854.0,Kara,Raji,Germany,3,1938.0,646.0
20870.0,Jaime,Moreno,Germany,3,1938.0,646.0
20876.0,Jackson,Alexander,Germany,3,1938.0,646.0
21006.0,Sydney,Young,Germany,3,1938.0,646.0
21016.0,Michele,Kapoor,Germany,3,1938.0,646.0
25961.0,Ricardo,Goel,Australia,3,1938.0,646.0
26022.0,Jamie,Gao,Australia,3,1938.0,646.0
26027.0,Michele,Luo,Australia,3,1938.0,646.0
26028.0,Brandy,Garcia,Australia,3,1938.0,646.0
26133.0,Jesse,Hall,Australia,3,1938.0,646.0
26152.0,Jaime,Gill,Australia,3,1938.0,646.0
26154.0,Cory,Madan,Australia,3,1938.0,646.0
26160.0,Leonard,Lal,Australia,3,1938.0,646.0
26188.0,Geoffrey,Sara,Australia,3,1938.0,646.0
26191.0,Jon,Wang,Australia,3,1938.0,646.0
26429.0,Reginald,Ortega,Australia,3,1938.0,646.0
26438.0,Alisha,Shen,Australia,3,1938.0,646.0
26439.0,Isaac,Morris,Australia,3,1938.0,646.0
26443.0,Kathryn,She,Australia,3,1938.0,646.0
26444.0,Pamela,Lopez,Australia,5,1938.0,387.6
26445.0,Aidan,Foster,Australia,3,1938.0,646.0
26447.0,Noah,Russell,Australia,3,1938.0,646.0
26569.0,Michelle,Sanchez,Australia,3,1938.0,646.0
26571.0,Lacey,Pal,Australia,3,1938.0,646.0
26588.0,Dustin,Pal,Australia,3,1938.0,646.0
26652.0,Bruce,Moreno,Australia,3,1938.0,646.0
26653.0,Kaylee,Allen,Australia,3,1938.0,646.0
26662.0,Lori,Alvarez,Australia,3,1938.0,646.0
26740.0,Donald,Lopez,Australia,3,1938.0,646.0
26744.0,Mitchell,Yuan,Australia,3,1938.0,646.0
26747.0,Candice,Cai,Australia,3,1938.0,646.0
26750.0,Randall,Alvarez,Australia,3,1938.0,646.0
26754.0,Candice,Zimmerman,Australia,3,1938.0,646.0
26761.0,Tabitha,Prasad,Australia,3,1938.0,646.0
26764.0,Alvin,Li,Australia,3,1938.0,646.0
19380.0,Marshall,Luo,France,5,1934.0,386.8
19434.0,Geoffrey,Ashe,France,5,1934.0,386.8
19480.0,Lisa,Zeng,France,5,1934.0,386.8
21029.0,Kristi,Martin,Germany,5,1934.0,386.8
26020.0,Barry,Lopez,Australia,4,1932.0,483.0
26187.0,Hector,Gill,Australia,4,1932.0,483.0
26190.0,Arthur,Suri,Australia,4,1932.0,483.0
26745.0,Valerie,Huang,Australia,4,1932.0,483.0
19421.0,Jay,Rana,France,4,1930.0,482.5
26029.0,Roy,Vazquez,Australia,4,1930.0,482.5
14418.0,Rebecca,Young,United States,3,1928.0,642.6666666666666
20914.0,Gilbert,Zeng,Germany,5,1926.0,385.2
26134.0,Bridget,Goel,Australia,5,1926.0,385.2
26189.0,Pedro,Serrano,Australia,5,1926.0,385.2
26562.0,Edward,Wilson,Australia,5,1925.0,385.0
26587.0,Mario,Johnsen,Australia,4,1920.0,480.0
26442.0,Barbara,Huang,Australia,5,1919.0,383.8
14386.0,Marissa,Wood,United States,5,1917.0,383.4
19473.0,Roger,Chande,France,4,1917.0,479.25
26021.0,Meghan,Gutierrez,Australia,4,1917.0,479.25
26023.0,Crystal,Huang,Australia,4,1917.0,479.25
26025.0,Aimee,Zhang,Australia,4,1917.0,479.25
26140.0,Emily,Long,Australia,4,1917.0,479.25
26148.0,Michael,Thompson,Australia,4,1917.0,479.25
26752.0,Henry,Perez,Australia,4,1917.0,479.25
26661.0,Dawn,Zhu,Australia,3,1912.0,637.3333333333334
19326.0,Marcus,Robinson,France,2,1903.0,951.5
20163.0,Krystal,Zhang,Germany,2,1903.0,951.5
20833.0,Douglas,Sai,Germany,2,1903.0,951.5
20843.0,Jose,Shan,Germany,2,1903.0,951.5
25958.0,Alfredo,Ortega,Australia,2,1903.0,951.5
26033.0,Danny,Vazquez,Australia,2,1903.0,951.5
26161.0,Wayne,Raji,Australia,2,1903.0,951.5
26162.0,Toni,Malhotra,Australia,2,1903.0,951.5
26167.0,Jaclyn,Zhao,Australia,2,1903.0,951.5
26192.0,Noah,Hill,Australia,2,1903.0,951.5
26433.0,Nelson,Rubio,Australia,2,1903.0,951.5
26585.0,Alejandro,Xu,Australia,2,1903.0,951.5
26751.0,Mallory,Serrano,Australia,2,1903.0,951.5
14024.0,Hannah,Moore,United States,5,1902.0,380.4
14037.0,Lydia,Sara,United States,5,1898.0,379.6
14366.0,Anna,Brooks,United States,4,1897.0,474.25
14888.0,Jasmine,Russell,United States,4,1897.0,474.25
25273.0,Karl,Rai,Australia,4,1897.0,474.25
13986.0,Chloe,Anderson,United States,4,1893.0,473.25
13990.0,Stephanie,Wood,United States,4,1893.0,473.25
14089.0,Kaitlyn,Gray,United States,4,1893.0,473.25
14336.0,Gabriel,Baker,United States,4,1893.0,473.25
14364.0,Mario,Rai,United States,4,1893.0,473.25
19518.0,Clifford,Arun,Germany,4,1893.0,473.25
25829.0,Toni,Patel,Australia,4,1893.0,473.25
25252.0,Warren,Zhang,Australia,6,1892.0,315.3333333333333
17144.0,Luis,Griffin,United States,5,1891.0,378.2
14104.0,Sydney,James,United States,4,1889.0,472.25
14413.0,Rachel,Patterson,United States,4,1889.0,472.25
19450.0,Keith,Lal,Germany,5,1887.0,377.4
25823.0,Jaime,Xie,Australia,5,1887.0,377.4
14884.0,Kristi,Torres,United States,5,1883.0,376.6
25250.0,Anthony,Walker,Australia,5,1883.0,376.6
25294.0,Sharon,Sharma,Australia,4,1882.0,470.5
25831.0,Sebastian,Torres,Australia,4,1882.0,470.5
25949.0,Summer,Raman,Australia,4,1882.0,470.5
19428.0,Eric,Turner,Germany,4,1878.0,469.5
25821.0,Krystal,Gao,Australia,4,1878.0,469.5
14737.0,Dominic,Srini,United States,3,1873.0,624.3333333333334
25272.0,Edwin,Xu,Australia,3,1873.0,624.3333333333334
25819.0,Carlos,Morgan,Australia,3,1873.0,624.3333333333334
25827.0,Karla,Nara,Australia,3,1873.0,624.3333333333334
25828.0,Ronald,Madan,Australia,3,1873.0,624.3333333333334
25946.0,Britta,Simon,Australia,3,1873.0,624.3333333333334
19432.0,Armando,Dominguez,Germany,3,1869.0,623.0
19451.0,Pedro,Sara,Germany,3,1869.0,623.0
25249.0,Alexandra,Watson,Australia,5,1868.0,373.6
19443.0,Dominic,Raman,Germany,4,1863.0,465.75
16973.0,Katherine,Collins,United States,5,1858.0,371.6
14379.0,Richard,Foster,United States,4,1854.0,463.5
14733.0,Clarence,Raji,United States,3,1854.0,618.0
14734.0,Kevin,Edwards,United States,3,1854.0,618.0
14735.0,Maria,Rogers,United States,3,1854.0,618.0
14881.0,Eric,Griffin,United States,3,1854.0,618.0
14882.0,Kathryn,Nara,United States,3,1854.0,618.0
19417.0,Alexis,Foster,Germany,3,1854.0,618.0
19429.0,Jared,Kelly,Germany,3,1854.0,618.0
19472.0,Heidi,Sara,Germany,3,1854.0,618.0
19482.0,Andy,Ortega,Germany,3,1854.0,618.0
19496.0,Edgar,Subram,Germany,3,1854.0,618.0
25270.0,Gloria,Diaz,Australia,3,1854.0,618.0
25271.0,Mario,Shan,Australia,3,1854.0,618.0
25826.0,Nathaniel,Watson,Australia,3,1854.0,618.0
25947.0,Sam,Wilson,Australia,3,1854.0,618.0
14406.0,Carrie,Schmidt,United States,5,1850.0,370.0
25832.0,Shawn,Tang,Australia,5,1850.0,370.0
14017.0,Chloe,Rodriguez,United States,4,1848.0,462.0
14080.0,Cynthia,Srini,United States,4,1848.0,462.0
14334.0,Patrick,Murphy,United States,4,1848.0,462.0
14417.0,Ernest,Lu,United States,4,1848.0,462.0
14098.0,Allison,Lopez,United States,4,1845.0,461.25
14362.0,Roberto,Gill,United States,4,1845.0,461.25
14036.0,Amanda,Torres,United States,3,1839.0,613.0
14106.0,Melissa,Hughes,United States,5,1839.0,367.8
14343.0,Xavier,Turner,United States,3,1839.0,613.0
14367.0,Courtney,Green,United States,3,1839.0,613.0
14495.0,Nathan,Diaz,United States,3,1839.0,613.0
25830.0,Louis,Nath,Australia,4,1833.0,458.25
14883.0,Gabrielle,Barnes,United States,3,1828.0,609.3333333333334
14880.0,Jessica,Ross,United States,2,1819.0,909.5
19422.0,Paula,Gutierrez,Germany,2,1819.0,909.5
19501.0,Allison,Edwards,Germany,2,1819.0,909.5
25822.0,Julio,Navarro,Australia,2,1819.0,909.5
25920.0,Orlando,Gutierrez,Australia,2,1819.0,909.5
25948.0,Christine,Stone,Australia,2,1819.0,909.5
14337.0,Olivia,Coleman,United States,6,1814.0,302.3333333333333
18804.0,Aaron,Gonzales,United States,4,1810.0,452.5
18858.0,Miguel,Parker,United States,4,1810.0,452.5
14378.0,Cory,Mehta,United States,5,1808.0,361.6
16890.0,Timothy,Reed,United States,5,1808.0,361.6
13993.0,Zachary,Patterson,United States,3,1804.0,601.3333333333334
14285.0,Taylor,Hughes,United States,3,1804.0,601.3333333333334
14335.0,Allison,Cox,United States,3,1804.0,601.3333333333334
14342.0,Beth,Ruiz,United States,3,1804.0,601.3333333333334
14355.0,Ian,King,United States,3,1804.0,601.3333333333334
14365.0,Evan,Ward,United States,3,1804.0,601.3333333333334
14398.0,James,Anderson,United States,3,1804.0,601.3333333333334
13992.0,Gregory,Xie,United States,4,1801.0,450.25
14095.0,Paige,Griffin,United States,4,1801.0,450.25
17039.0,Ariana,Watson,United States,3,1800.0,600.0
18801.0,Dawn,Yuan,United States,3,1800.0,600.0
25479.0,Bobby,Sanchez,France,5,1800.0,360.0
13084.0,Luis,Hughes,Canada,4,1799.0,449.75
14283.0,Seth,Simmons,United States,3,1799.0,599.6666666666666
18121.0,Madeline,Young,United States,4,1794.0,448.5
18802.0,Mario,Shen,United States,4,1794.0,448.5
24723.0,Shawna,Pal,Germany,4,1794.0,448.5
14270.0,James,Ross,United States,4,1793.0,448.25
14414.0,Rachel,Wilson,United States,5,1793.0,358.6
16949.0,Luis,Flores,United States,3,1790.0,596.6666666666666
17865.0,Blake,Barnes,Canada,3,1790.0,596.6666666666666
16793.0,Savannah,Hernandez,United States,5,1789.0,357.8
18092.0,Eduardo,Baker,Canada,5,1789.0,357.8
18565.0,Dalton,Bryant,United States,5,1789.0,357.8
16794.0,Taylor,Cook,United States,3,1786.0,595.3333333333334
16976.0,Sandra,Xu,United States,3,1786.0,595.3333333333334
17595.0,Benjamin,Garcia,Canada,3,1786.0,595.3333333333334
18049.0,Patrick,Watson,United States,3,1786.0,595.3333333333334
18609.0,Alyssa,Cook,United States,3,1786.0,595.3333333333334
18806.0,Kaitlyn,Torres,United States,3,1786.0,595.3333333333334
22309.0,Leah,Zhou,United Kingdom,3,1786.0,595.3333333333334
25498.0,Shane,Kapoor,Germany,3,1786.0,595.3333333333334
25651.0,Alvin,Yuan,Germany,3,1786.0,595.3333333333334
17464.0,Jeremy,Rodriguez,United States,4,1785.0,446.25
18998.0,Aidan,Bennett,United States,4,1785.0,446.25
14105.0,Jackson,Zhang,United States,4,1784.0,446.0
18982.0,Kyle,Baker,United States,4,1784.0,446.0
26379.0,Cindy,Rodriguez,United Kingdom,4,1784.0,446.0
17127.0,Makayla,Gray,United States,4,1779.0,444.75
17389.0,Abigail,Butler,United States,3,1779.0,593.0
17691.0,Alexandria,Bradley,Canada,3,1779.0,593.0
18865.0,Ashley,Hayes,United States,3,1779.0,593.0
21683.0,Henry,Suri,United Kingdom,3,1779.0,593.0
24102.0,Andy,Torres,Germany,3,1779.0,593.0
17860.0,Noah,Diaz,United States,5,1778.0,355.6
22429.0,Jesse,Reed,United Kingdom,5,1778.0,355.6
14385.0,Maria,Hall,United States,3,1777.0,592.3333333333334
17024.0,Jacqueline,Diaz,United States,3,1776.0,592.0
18654.0,Thomas,Lopez,United States,3,1776.0,592.0
20667.0,Jodi,Pal,,3,1776.0,592.0
25461.0,Fernando,Collins,France,3,1776.0,592.0
16924.0,Julia,Price,United States,3,1775.0,591.6666666666666
17148.0,Hailey,Henderson,Canada,3,1775.0,591.6666666666666
17600.0,Timothy,Brooks,United States,3,1775.0,591.6666666666666
18084.0,Jessica,Diaz,United States,3,1775.0,591.6666666666666
18366.0,Alexandria,Richardson,United States,3,1775.0,591.6666666666666
18430.0,Victoria,Morgan,United States,3,1775.0,591.6666666666666
18440.0,Joe,Ashe,United States,3,1775.0,591.6666666666666
18596.0,Gabriella,Cooper,United States,3,1775.0,591.6666666666666
18792.0,Gabriella,Peterson,United States,3,1775.0,591.6666666666666
21160.0,April,Xie,,3,1775.0,591.6666666666666
22503.0,Sandra,Zhao,United Kingdom,3,1775.0,591.6666666666666
22520.0,Rodney,Torres,United Kingdom,3,1775.0,591.6666666666666
22536.0,Brianna,Rogers,United Kingdom,3,1775.0,591.6666666666666
22611.0,Chad,Deng,United Kingdom,3,1775.0,591.6666666666666
22634.0,Giraldo,Sandoval,United Kingdom,3,1775.0,591.6666666666666
26386.0,Kelli,Zhao,United Kingdom,3,1775.0,591.6666666666666
26404.0,Trisha,Wu,United Kingdom,3,1775.0,591.6666666666666
27319.0,Ian,Bryant,United Kingdom,3,1775.0,591.6666666666666
17463.0,Nicholas,Moore,United States,5,1774.0,354.8
26353.0,Holly,Malhotra,Germany,5,1774.0,354.8
16887.0,Cody,Rivera,United States,4,1770.0,442.5
25306.0,Glenn,Zeng,Germany,4,1770.0,442.5
14284.0,Wyatt,Anderson,United States,2,1769.0,884.5
14415.0,William,Davis,United States,2,1769.0,884.5
14494.0,Cameron,Diaz,United States,2,1769.0,884.5
16805.0,Fernando,Allen,United States,4,1769.0,442.25
18589.0,Anna,Stewart,United States,4,1769.0,442.25
22308.0,Cassandra,Lopez,United Kingdom,4,1769.0,442.25
16798.0,Latasha,Martin,United States,4,1765.0,441.25
16925.0,Spencer,Patterson,United States,4,1765.0,441.25
17116.0,Alison,Nath,Canada,4,1765.0,441.25
17150.0,Wyatt,Wright,United States,4,1765.0,441.25
17154.0,Geoffrey,Martinez,United States,4,1765.0,441.25
17261.0,Kyle,Shan,United States,4,1765.0,441.25
17345.0,Jeremiah,Martin,Canada,4,1765.0,441.25
17465.0,Arianna,Stewart,United States,4,1765.0,441.25
18085.0,Christy,Nath,United States,4,1765.0,441.25
18762.0,Arthur,Wilson,United States,4,1765.0,441.25
19003.0,Jared,Stewart,United States,4,1765.0,441.25
19004.0,Ian,Rogers,United States,4,1765.0,441.25
19112.0,Victoria,Hughes,United States,4,1765.0,441.25
19119.0,Connor,Simmons,United States,4,1765.0,441.25
19146.0,Mariah,Morgan,United States,4,1765.0,441.25
20664.0,Isaiah,Watson,,4,1765.0,441.25
22416.0,Tabitha,Romero,United Kingdom,4,1765.0,441.25
22433.0,Miguel,Hill,United Kingdom,4,1765.0,441.25
25462.0,Angel,Gray,Germany,4,1765.0,441.25
25492.0,Gabriella,Sanchez,Germany,4,1765.0,441.25
25737.0,Marshall,Liu,Germany,4,1765.0,441.25
26231.0,Maurice,Nara,France,4,1765.0,441.25
26984.0,Manuel,Prasad,Germany,4,1765.0,441.25
16894.0,Abigail,Walker,United States,3,1764.0,588.0
16897.0,Lauren,Torres,United States,3,1764.0,588.0
16997.0,Natalie,Allen,United States,3,1764.0,588.0
17022.0,Karen,Morgan,United States,3,1764.0,588.0
17028.0,Grace,Richardson,United States,3,1764.0,588.0
17143.0,David,Ross,Canada,3,1764.0,588.0
17388.0,Garrett,Ramirez,Canada,3,1764.0,588.0
17571.0,James,Li,United States,3,1764.0,588.0
17615.0,Brittany,Long,United States,3,1764.0,588.0
17662.0,Jose,Washington,United States,3,1764.0,588.0
18373.0,Stephanie,Roberts,United States,3,1764.0,588.0
21289.0,Warren,Wang,,3,1764.0,588.0
21293.0,Ashley,Garcia,,3,1764.0,588.0
22302.0,Clayton,Guo,United Kingdom,3,1764.0,588.0
22510.0,Lori,Gill,United Kingdom,3,1764.0,588.0
25602.0,Jermaine,Sara,Germany,3,1764.0,588.0
26352.0,Cynthia,Fernandez,Germany,3,1764.0,588.0
16764.0,Thomas,Davis,Canada,3,1760.0,586.6666666666666
16803.0,Marcus,Peterson,United States,3,1760.0,586.6666666666666
16895.0,Chloe,Gonzales,United States,3,1760.0,586.6666666666666
16955.0,Nathaniel,Bradley,Canada,3,1760.0,586.6666666666666
16984.0,Rodney,Moreno,United States,3,1760.0,586.6666666666666
17029.0,Suzanne,Xu,United States,3,1760.0,586.6666666666666
17040.0,Adam,Henderson,United States,3,1760.0,586.6666666666666
17043.0,Isabella,Bennett,United States,3,1760.0,586.6666666666666
17361.0,Blake,Harris,United States,3,1760.0,586.6666666666666
17384.0,Raymond,Prasad,United States,3,1760.0,586.6666666666666
17654.0,Caroline,Alexander,Canada,3,1760.0,586.6666666666666
17667.0,Jaime,Rai,United States,3,1760.0,586.6666666666666
17869.0,Henry,Mehta,United States,3,1760.0,586.6666666666666
18318.0,Benjamin,Hughes,United States,3,1760.0,586.6666666666666
18344.0,Caleb,Turner,United States,3,1760.0,586.6666666666666
18372.0,Jeremiah,Thomas,Canada,3,1760.0,586.6666666666666
18414.0,Gabrielle,Griffin,United States,3,1760.0,586.6666666666666
18502.0,Pamela,Madan,United States,3,1760.0,586.6666666666666
18597.0,Isabel,Perry,United States,3,1760.0,586.6666666666666
18638.0,Alyssa,Thompson,United States,3,1760.0,586.6666666666666
18780.0,Evan,Carter,United States,3,1760.0,586.6666666666666
18868.0,Adam,Long,United States,3,1760.0,586.6666666666666
19008.0,Hailey,Murphy,United States,3,1760.0,586.6666666666666
20706.0,Haley,Gonzalez,,3,1760.0,586.6666666666666
25307.0,Daisy,Hernandez,Germany,3,1760.0,586.6666666666666
25751.0,Gina,Alvarez,Germany,3,1760.0,586.6666666666666
26957.0,Kristina,Sai,Germany,3,1760.0,586.6666666666666
26398.0,Ian,Watson,United Kingdom,5,1759.0,351.8
16888.0,Arianna,Hughes,United States,2,1755.0,877.5
16921.0,Edwin,Jai,Canada,2,1755.0,877.5
16970.0,Katherine,Foster,United States,2,1755.0,877.5
16972.0,Lucas,Hernandez,United States,2,1755.0,877.5
16996.0,Destiny,Walker,Canada,2,1755.0,877.5
17443.0,Kristin,Shen,United States,2,1755.0,877.5
17617.0,Abigail,Simmons,United States,2,1755.0,877.5
18098.0,Edward,Lee,United States,2,1755.0,877.5
18234.0,Alexandria,Russell,United States,2,1755.0,877.5
18368.0,Austin,Hughes,Canada,2,1755.0,877.5
18371.0,Jessica,Morgan,United States,2,1755.0,877.5
18431.0,Cameron,Hayes,United States,2,1755.0,877.5
18548.0,Jordan,Powell,United States,2,1755.0,877.5
18684.0,Makayla,Watson,United States,2,1755.0,877.5
18800.0,Jennifer,Phillips,United States,2,1755.0,877.5
18854.0,Hunter,Turner,United States,2,1755.0,877.5
18955.0,Justin,Jones,United States,2,1755.0,877.5
18999.0,Mackenzie,Watson,United States,2,1755.0,877.5
19124.0,Cody,Bailey,United States,2,1755.0,877.5
20673.0,Dylan,Washington,,2,1755.0,877.5
22461.0,Arturo,Luo,United Kingdom,2,1755.0,877.5
22592.0,Lindsey,Anand,United Kingdom,2,1755.0,877.5
22602.0,Kelli,Andersen,United Kingdom,2,1755.0,877.5
22693.0,Darryl,Gao,France,2,1755.0,877.5
23758.0,Virginia,Malhotra,France,2,1755.0,877.5
24103.0,Billy,Dominguez,Germany,2,1755.0,877.5
24206.0,Marie,Munoz,Germany,2,1755.0,877.5
24833.0,Deanna,Ruiz,France,2,1755.0,877.5
25444.0,Meagan,Martinez,Germany,2,1755.0,877.5
25635.0,Warren,Zhao,Germany,2,1755.0,877.5
12765.0,Robyn,Gill,Canada,2,1751.0,875.5
16834.0,Morgan,Peterson,Canada,2,1751.0,875.5
16898.0,Angel,Reed,United States,2,1751.0,875.5
17011.0,Sara,Hill,United States,2,1751.0,875.5
17012.0,Joan,Collins,United States,2,1751.0,875.5
17034.0,Lauren,Clark,Canada,2,1751.0,875.5
17521.0,Destiny,Jenkins,United States,2,1751.0,875.5
17565.0,Alexandra,Murphy,United States,2,1751.0,875.5
17576.0,Albert,Vazquez,United States,2,1751.0,875.5
17586.0,Cassidy,Patterson,Canada,2,1751.0,875.5
17596.0,Adrienne,Vazquez,United States,2,1751.0,875.5
17655.0,Angela,Sánchez,Canada,2,1751.0,875.5
17862.0,Aaron,Baker,United States,2,1751.0,875.5
17864.0,Emily,Martinez,United States,2,1751.0,875.5
18050.0,Sara,Cooper,United States,2,1751.0,875.5
18091.0,Chase,Bell,Canada,2,1751.0,875.5
18118.0,Megan,Reed,Canada,2,1751.0,875.5
18360.0,Eric,Li,United States,2,1751.0,875.5
18361.0,Marcus,Simmons,United States,2,1751.0,875.5
18501.0,Alexandra,Powell,United States,2,1751.0,875.5
18558.0,Alexandra,Price,United States,2,1751.0,875.5
18563.0,Evan,Sanchez,United States,2,1751.0,875.5
18606.0,Wyatt,Green,United States,2,1751.0,875.5
18607.0,Katherine,Taylor,United States,2,1751.0,875.5
18803.0,Cedric,Zheng,United States,2,1751.0,875.5
18867.0,Thomas,Perry,United States,2,1751.0,875.5
18976.0,Garrett,Howard,United States,2,1751.0,875.5
18980.0,Sophia,Hernandez,United States,2,1751.0,875.5
19016.0,Sierra,Wright,United States,2,1751.0,875.5
19117.0,Kaitlyn,Coleman,United States,2,1751.0,875.5
19148.0,Cody,Ramirez,United States,2,1751.0,875.5
20662.0,Taylor,Perry,,2,1751.0,875.5
20663.0,Kaitlyn,Stewart,,2,1751.0,875.5
20668.0,Eric,Rothenberg,,2,1751.0,875.5
20672.0,Fernando,Ross,,2,1751.0,875.5
20702.0,Oscar,Ross,,2,1751.0,875.5
20707.0,Danielle,Stewart,,2,1751.0,875.5
22460.0,Julio,Torres,United Kingdom,2,1751.0,875.5
22535.0,Rachael,Prasad,United Kingdom,2,1751.0,875.5
22596.0,Omar,Xu,United Kingdom,2,1751.0,875.5
22605.0,Derrick,Schmidt,United Kingdom,2,1751.0,875.5
23780.0,Mason,Stewart,France,2,1751.0,875.5
24711.0,Rebekah,Hernandez,Germany,2,1751.0,875.5
24718.0,Terrence,Black,Germany,2,1751.0,875.5
25443.0,Stacey,Huang,Germany,2,1751.0,875.5
25634.0,Lydia,Arun,France,2,1751.0,875.5
26354.0,Nelson,Serrano,Germany,2,1751.0,875.5
26827.0,Renee,Rubio,France,2,1751.0,875.5
17558.0,Ian,Williams,Canada,3,1750.0,583.3333333333334
17559.0,Kari,Suarez,United States,4,1750.0,437.5
17861.0,Melanie,Blue,Canada,4,1750.0,437.5
18979.0,Noah,Taylor,United States,4,1750.0,437.5
17153.0,Devin,Butler,United States,3,1745.0,581.6666666666666
22608.0,Arthur,Munoz,United Kingdom,3,1745.0,581.6666666666666
24089.0,Dustin,Yuan,France,3,1745.0,581.6666666666666
24701.0,Marco,Fernandez,France,3,1745.0,581.6666666666666
24834.0,Bethany,Jai,Germany,3,1745.0,581.6666666666666
26363.0,Larry,Jimenez,Germany,3,1745.0,581.6666666666666
26983.0,Adriana,Vance,Germany,3,1745.0,581.6666666666666
22311.0,Bruce,Sara,United Kingdom,4,1739.0,434.75
22428.0,Destiny,Smith,United Kingdom,4,1739.0,434.75
22437.0,Trisha,Zheng,United Kingdom,4,1739.0,434.75
22446.0,Jake,Wu,United Kingdom,4,1739.0,434.75
22586.0,Derek,Shen,United Kingdom,4,1739.0,434.75
18080.0,Paige,Richardson,United States,4,1738.0,434.5
16784.0,Chloe,Long,Canada,2,1736.0,868.0
16792.0,Maria,Torres,United States,2,1736.0,868.0
16812.0,Alexa,Richardson,United States,2,1736.0,868.0
16878.0,Devin,Young,United States,2,1736.0,868.0
16947.0,Savannah,Stewart,United States,2,1736.0,868.0
16951.0,Cassidy,Bennett,United States,2,1736.0,868.0
16952.0,Thomas,Martin,Canada,2,1736.0,868.0
16995.0,Taylor,Hall,Canada,2,1736.0,868.0
16998.0,Jennifer,Lopez,United States,2,1736.0,868.0
16999.0,Chloe,Kelly,United States,2,1736.0,868.0
17023.0,Jeremiah,Harris,Canada,2,1736.0,868.0
17042.0,Tyler,Jackson,United States,2,1736.0,868.0
17120.0,Michele,Raje,United States,2,1736.0,868.0
17121.0,Lucas,Bryant,United States,2,1736.0,868.0
17128.0,Fernando,Alexander,United States,2,1736.0,868.0
17129.0,Gabrielle,Powell,United States,2,1736.0,868.0
17149.0,Steven,Richardson,United States,2,1736.0,868.0
17159.0,Kellie,Ruiz,United States,2,1736.0,868.0
17167.0,Thomas,Jenkins,United States,2,1736.0,868.0
17262.0,Kristy,Martin,United States,2,1736.0,868.0
17270.0,Jack,Parker,United States,2,1736.0,868.0
17373.0,Ryan,Gonzales,Canada,2,1736.0,868.0
17386.0,Alexandra,Scott,United States,2,1736.0,868.0
17533.0,Fernando,Baker,United States,2,1736.0,868.0
17561.0,Samantha,White,United States,2,1736.0,868.0
17564.0,Julia,West,United States,2,1736.0,868.0
17566.0,Rachel,Martinez,United States,2,1736.0,868.0
17572.0,Lucas,Edwards,United States,2,1736.0,868.0
17573.0,Caroline,Ross,United States,2,1736.0,868.0
17575.0,Marcus,Brown,United States,2,1736.0,868.0
17666.0,Steven,Torres,United States,2,1736.0,868.0
17677.0,Lawrence,Hernandez,United States,2,1736.0,868.0
17678.0,Julio,Blanco,United States,2,1736.0,868.0
17681.0,Robert,Carter,United States,2,1736.0,868.0
17859.0,Wyatt,Gonzalez,United States,2,1736.0,868.0
17866.0,Jack,Baker,United States,2,1736.0,868.0
17868.0,Richard,Blue,United States,2,1736.0,868.0
18051.0,Caroline,Price,Canada,2,1736.0,868.0
18052.0,Maria,Young,United States,2,1736.0,868.0
18088.0,Seth,Stewart,United States,2,1736.0,868.0
18089.0,Melanie,Gonzales,Canada,2,1736.0,868.0
18096.0,Ariana,Kelly,United States,2,1736.0,868.0
18103.0,Chelsea,Gonzalez,Canada,2,1736.0,868.0
18108.0,Colin,Gao,United States,2,1736.0,868.0
18324.0,Jackson,Butler,Canada,2,1736.0,868.0
18350.0,Emma,Ross,United States,2,1736.0,868.0
18448.0,Jennifer,Bailey,United States,2,1736.0,868.0
18525.0,Jack,Lal,Canada,2,1736.0,868.0
18543.0,Dalton,Wilson,United States,2,1736.0,868.0
18559.0,Lucas,Adams,United States,2,1736.0,868.0
18605.0,David,Wright,United States,2,1736.0,868.0
18646.0,Blake,Adams,United States,2,1736.0,868.0
18655.0,Eric,Diaz,United States,2,1736.0,868.0
18680.0,David,Shan,United States,2,1736.0,868.0
18794.0,Andrew,Davis,United States,2,1736.0,868.0
18856.0,Thomas,Green,United States,2,1736.0,868.0
18857.0,Sebastian,Sanders,United States,2,1736.0,868.0
18869.0,Ashley,Flores,United States,2,1736.0,868.0
19114.0,Natalie,Richardson,United States,2,1736.0,868.0
19125.0,Cameron,Russell,United States,2,1736.0,868.0
19137.0,Eric,Russell,United States,2,1736.0,868.0
19158.0,Destiny,Griffin,United States,2,1736.0,868.0
20671.0,Ronald,Sanchez,,2,1736.0,868.0
20682.0,John,Davis,,2,1736.0,868.0
20683.0,Amanda,Mitchell,,2,1736.0,868.0
20703.0,Seth,White,,2,1736.0,868.0
21139.0,Alex,Adams,,2,1736.0,868.0
21267.0,Charles,Parker,,2,1736.0,868.0
21269.0,Blake,Clark,,2,1736.0,868.0
21291.0,Rachel,Morris,,2,1736.0,868.0
21297.0,Melanie,Murphy,,2,1736.0,868.0
22313.0,Jarrod,Martinez,United Kingdom,2,1736.0,868.0
22320.0,Danny,Gill,United Kingdom,2,1736.0,868.0
22422.0,Nichole,Black,United Kingdom,2,1736.0,868.0
22434.0,Billy,Schmidt,United Kingdom,2,1736.0,868.0
22452.0,Carly,Deng,United Kingdom,2,1736.0,868.0
22470.0,Carly,Tang,United Kingdom,2,1736.0,868.0
22502.0,Grace,Miller,United Kingdom,2,1736.0,868.0
22504.0,Arturo,Rai,United Kingdom,2,1736.0,868.0
22505.0,Julie,Shen,United Kingdom,2,1736.0,868.0
22518.0,Jillian,Sai,United Kingdom,2,1736.0,868.0
22570.0,Jackson,Yang,United Kingdom,2,1736.0,868.0
22600.0,Maurice,Kumar,United Kingdom,2,1736.0,868.0
22604.0,Wyatt,Simmons,United Kingdom,2,1736.0,868.0
22616.0,Jake,Zhang,United Kingdom,2,1736.0,868.0
23763.0,Micheal,Romero,France,2,1736.0,868.0
23920.0,Arthur,Ruiz,France,2,1736.0,868.0
24090.0,Cassandra,Perez,France,2,1736.0,868.0
24209.0,Chelsea,Jordan,France,2,1736.0,868.0
24709.0,Nancy,Prasad,France,2,1736.0,868.0
25311.0,Laura,Zhang,France,2,1736.0,868.0
25321.0,Francis,Suarez,France,2,1736.0,868.0
25442.0,Melvin,Goel,France,2,1736.0,868.0
25445.0,Grace,Cook,Germany,2,1736.0,868.0
25478.0,Jennifer,Butler,France,2,1736.0,868.0
25658.0,Ricky,Dominguez,Germany,2,1736.0,868.0
25660.0,Warren,Pal,France,2,1736.0,868.0
25661.0,Manuel,Sai,France,2,1736.0,868.0
26816.0,Ronnie,Wu,France,2,1736.0,868.0
16797.0,Evan,Reed,United States,4,1732.0,433.0
17163.0,Edward,Adams,United States,4,1732.0,433.0
17621.0,Brianna,Price,United States,4,1732.0,433.0
18233.0,Mackenzie,Bailey,United States,4,1732.0,433.0
18562.0,Mary,Wright,United States,4,1732.0,433.0
18568.0,Mya,Bennett,United States,4,1732.0,433.0
22418.0,Jacob,Smith,United Kingdom,4,1732.0,433.0
22467.0,Neil,Alvarez,United Kingdom,4,1732.0,433.0
22526.0,Jamie,Moreno,United Kingdom,4,1732.0,433.0
24710.0,Brandy,Malhotra,Germany,4,1732.0,433.0
26828.0,Stephanie,Rivera,France,4,1732.0,433.0
26958.0,Jerry,Xu,France,4,1732.0,433.0
16791.0,Leonard,Yuan,Canada,3,1730.0,576.6666666666666
16886.0,Aidan,Flores,United States,3,1730.0,576.6666666666666
16889.0,Daniel,Rodriguez,United States,3,1730.0,576.6666666666666
16974.0,Paige,Rivera,United States,3,1730.0,576.6666666666666
17372.0,Sarah,Long,Canada,3,1730.0,576.6666666666666
17445.0,Natasha,Hernandez,United States,3,1730.0,576.6666666666666
17871.0,Sydney,Patterson,United States,3,1730.0,576.6666666666666
18227.0,Miranda,Diaz,United States,3,1730.0,576.6666666666666
18616.0,Spencer,Butler,United States,3,1730.0,576.6666666666666
19002.0,Alexis,Thompson,United States,3,1730.0,576.6666666666666
19120.0,Caleb,Sharma,United States,3,1730.0,576.6666666666666
20684.0,Olivia,Lee,,3,1730.0,576.6666666666666
20709.0,Samuel,Evans,,3,1730.0,576.6666666666666
21265.0,Richard,Stone,,3,1730.0,576.6666666666666
24210.0,Ricardo,Shan,Germany,3,1730.0,576.6666666666666
16804.0,Adam,Zhang,United States,3,1728.0,576.0
16807.0,Virginia,Suri,United States,3,1728.0,576.0
16879.0,Morgan,Taylor,United States,3,1728.0,576.0
17142.0,Seth,Flores,United States,3,1728.0,576.0
17269.0,Kevin,Russell,United States,3,1728.0,576.0
17358.0,Sydney,Bell,United States,3,1728.0,576.0
18409.0,Olivia,Washington,United States,3,1728.0,576.0
18790.0,Julia,Martin,United States,3,1728.0,576.0
18798.0,Andrea,Allen,United States,3,1728.0,576.0
19109.0,Jade,Brooks,United States,3,1728.0,576.0
19156.0,Julia,Jenkins,United States,3,1728.0,576.0
21271.0,Thomas,Wang,,3,1728.0,576.0
22456.0,Brittney,Guo,United Kingdom,3,1728.0,576.0
22635.0,Kristi,Hernandez,United Kingdom,3,1728.0,576.0
26829.0,Morgan,Evans,Germany,3,1728.0,576.0
26867.0,Danny,Romero,Germany,3,1728.0,576.0
17271.0,Sarah,Griffin,United States,2,1726.0,863.0
17480.0,Lucas,Gonzalez,United States,2,1726.0,863.0
17609.0,Charles,Davis,United States,2,1726.0,863.0
18056.0,Haley,Price,United States,2,1726.0,863.0
18120.0,Isabella,Martin,United States,2,1726.0,863.0
18226.0,Joseph,Walker,United States,2,1726.0,863.0
18369.0,Mandy,He,United States,2,1726.0,863.0
18545.0,Ian,Clark,United States,2,1726.0,863.0
18914.0,Felicia,Ruiz,United States,2,1726.0,863.0
21268.0,Elizabeth,Lewis,,2,1726.0,863.0
22396.0,Rebekah,Patel,United Kingdom,2,1726.0,863.0
25305.0,Ivan,Rodriguez,Germany,2,1726.0,863.0
26390.0,Ivan,Mehta,United Kingdom,2,1726.0,863.0
17405.0,Tamara,Wu,United States,2,1725.0,862.5
18362.0,Erin,Howard,Canada,5,1725.0,345.0
19131.0,Mason,Blue,United States,2,1725.0,862.5
17597.0,Sarah,Diaz,United States,4,1724.0,431.0
18086.0,Jaclyn,Zeng,United States,4,1724.0,431.0
18670.0,Melanie,Bryant,United States,4,1724.0,431.0
17497.0,Maria,Collins,United States,4,1717.0,429.25
16896.0,Natalie,Perez,United States,3,1715.0,571.6666666666666
17020.0,Ashley,Bryant,United States,3,1715.0,571.6666666666666
17272.0,Mary,Hernandez,United States,3,1715.0,571.6666666666666
17568.0,Dylan,Perry,United States,3,1715.0,571.6666666666666
17660.0,Seth,Young,United States,3,1715.0,571.6666666666666
18059.0,Bailey,Gonzalez,United States,3,1715.0,571.6666666666666
18564.0,John,Moore,United States,3,1715.0,571.6666666666666
18608.0,Ian,Phillips,United States,3,1715.0,571.6666666666666
20666.0,Lacey,Rai,,3,1715.0,571.6666666666666
22637.0,Ana,Alexander,United Kingdom,3,1715.0,571.6666666666666
25323.0,Lance,Diaz,Germany,3,1715.0,571.6666666666666
26854.0,Jonathan,Hayes,France,3,1715.0,571.6666666666666
27305.0,Terry,Nara,United Kingdom,3,1715.0,571.6666666666666
16977.0,Noah,Adams,United States,2,1710.0,855.0
17025.0,Ryan,Taylor,Canada,2,1710.0,855.0
17404.0,Gabriella,Baker,Canada,2,1710.0,855.0
17567.0,Nathaniel,Cook,United States,2,1710.0,855.0
17574.0,Punya,Palit,United States,2,1710.0,855.0
17659.0,Jodi,Tang,United States,2,1710.0,855.0
17661.0,Natalie,Smith,United States,2,1710.0,855.0
18228.0,Adam,Parker,United States,2,1710.0,855.0
18438.0,Sheila,Sanz,United States,2,1710.0,855.0
18551.0,Chloe,Hall,United States,2,1710.0,855.0
22442.0,Trisha,Sun,United Kingdom,2,1710.0,855.0
22451.0,Barbara,Rai,United Kingdom,2,1710.0,855.0
22594.0,Gabriella,James,United Kingdom,2,1710.0,855.0
23939.0,Jodi,Nara,France,2,1710.0,855.0
24208.0,Sabrina,Diaz,France,2,1710.0,855.0
26227.0,Joe,Gutierrez,Germany,2,1710.0,855.0
13065.0,Morgan,Gonzalez,Canada,1,1701.0,1701.0
16763.0,Juan,Suarez,Canada,1,1701.0,1701.0
16799.0,Stephanie,Gonzales,United States,1,1701.0,1701.0
16811.0,Luis,Zhang,United States,1,1701.0,1701.0
16920.0,Eduardo,Stewart,United States,1,1701.0,1701.0
16956.0,Austin,Flores,United States,1,1701.0,1701.0
17021.0,Nicole,Reed,United States,1,1701.0,1701.0
17030.0,Emily,Russell,United States,1,1701.0,1701.0
17041.0,Connor,Perry,United States,1,1701.0,1701.0
17147.0,Jennifer,Nelson,Canada,1,1701.0,1701.0
17263.0,Julia,Flores,Canada,1,1701.0,1701.0
17476.0,Alexandria,Stewart,Canada,1,1701.0,1701.0
17477.0,Miranda,Griffin,United States,1,1701.0,1701.0
17548.0,Kaylee,Adams,United States,1,1701.0,1701.0
17608.0,Carlos,Cooper,United States,1,1701.0,1701.0
17614.0,Mason,Cook,United States,1,1701.0,1701.0
17620.0,Miranda,Coleman,United States,1,1701.0,1701.0
17690.0,Jenna,Gonzalez,United States,1,1701.0,1701.0
17858.0,Dalton,Barnes,Canada,1,1701.0,1701.0
17870.0,Melissa,Price,United States,1,1701.0,1701.0
18057.0,Logan,Washington,United States,1,1701.0,1701.0
18060.0,Sara,Carter,United States,1,1701.0,1701.0
18079.0,Victoria,Martin,United States,1,1701.0,1701.0
18229.0,Gabriella,Ward,United States,1,1701.0,1701.0
18363.0,Lucas,Ward,Canada,1,1701.0,1701.0
18370.0,Tristan,Flores,United States,1,1701.0,1701.0
18439.0,Angela,Coleman,United States,1,1701.0,1701.0
18553.0,Alex,Roberts,United States,1,1701.0,1701.0
18556.0,Ruben,Perez,United States,1,1701.0,1701.0
18567.0,Madison,Barnes,United States,1,1701.0,1701.0
18598.0,Norimichi,Yonekura,United States,1,1701.0,1701.0
18639.0,Maria,Scott,United States,1,1701.0,1701.0
18645.0,Jordan,Bryant,United States,1,1701.0,1701.0
18679.0,Seth,Wood,United States,1,1701.0,1701.0
18866.0,Miguel,Scott,United States,1,1701.0,1701.0
19108.0,Haley,Stewart,United States,1,1701.0,1701.0
19133.0,Logan,Martinez,United States,1,1701.0,1701.0
19157.0,Eduardo,Thompson,United States,1,1701.0,1701.0
21679.0,Drew,Yuan,United Kingdom,1,1701.0,1701.0
22321.0,Alan,Zeng,United Kingdom,1,1701.0,1701.0
22427.0,Willie,Sharma,United Kingdom,1,1701.0,1701.0
22439.0,Tracy,Raji,United Kingdom,1,1701.0,1701.0
22468.0,Ruben,Gonzalez,United Kingdom,1,1701.0,1701.0
22566.0,Damien,Pal,United Kingdom,1,1701.0,1701.0
22599.0,Philip,Gill,United Kingdom,1,1701.0,1701.0
22618.0,Rosa,Cai,United Kingdom,1,1701.0,1701.0
22636.0,Stacey,Zhu,United Kingdom,1,1701.0,1701.0
24039.0,Cassie,Xu,France,1,1701.0,1701.0
24116.0,Pedro,Martinez,France,1,1701.0,1701.0
25497.0,Marcus,Torres,Germany,1,1701.0,1701.0
26228.0,Carolyn,Perez,Germany,1,1701.0,1701.0
26855.0,Carla,Fernandez,France,1,1701.0,1701.0
15489.0,Emily,Thompson,United States,5,1685.0,337.0
15284.0,Jay,Prasad,United States,6,1683.0,280.5
19192.0,Erika,Ruiz,United Kingdom,4,1682.0,420.5
15287.0,Stephanie,Baker,United States,5,1681.0,336.2
15290.0,Edward,Thompson,United States,4,1676.0,419.0
15474.0,Cameron,Lal,United States,4,1676.0,419.0
15528.0,Lucas,Ramirez,United States,4,1676.0,419.0
14022.0,Taylor,Lee,United States,6,1669.0,278.1666666666667
15342.0,Ashlee,Raji,United States,4,1646.0,411.5
14614.0,Dylan,Bryant,United States,6,1645.0,274.1666666666667
19195.0,Darren,Romero,United Kingdom,6,1637.0,272.8333333333333
15422.0,Kelly,Griffin,United States,5,1633.0,326.6
15188.0,Isaac,Watson,United States,4,1631.0,407.75
15256.0,Dalton,Ramirez,United States,4,1631.0,407.75
15312.0,Alexandria,Gonzales,United States,4,1631.0,407.75
15333.0,Marie,Diaz,United States,4,1631.0,407.75
15347.0,Deanna,Alonso,United States,4,1631.0,407.75
15428.0,Richard,Howard,United States,4,1631.0,407.75
15467.0,Caleb,Shan,United States,4,1631.0,407.75
15523.0,Jonathan,Yang,United States,4,1631.0,407.75
15537.0,Destiny,Peterson,United States,4,1631.0,407.75
21545.0,Michele,Schmidt,United Kingdom,4,1631.0,407.75
26533.0,Xavier,Mitchell,Canada,5,1629.0,325.8
15254.0,Carla,Chapman,United States,4,1624.0,406.0
15308.0,Christy,Lal,United States,3,1622.0,540.6666666666666
15309.0,Dylan,Wilson,United States,3,1622.0,540.6666666666666
15311.0,Brandon,Thompson,United States,3,1622.0,540.6666666666666
15337.0,Rachel,Gonzales,United States,3,1622.0,540.6666666666666
15339.0,Noah,Zhang,United States,3,1622.0,540.6666666666666
15341.0,Lacey,Deng,United States,3,1622.0,540.6666666666666
15433.0,Adam,Sharma,United States,3,1622.0,540.6666666666666
15471.0,Destiny,White,United States,3,1622.0,540.6666666666666
15497.0,Katelyn,Phillips,United States,3,1622.0,540.6666666666666
15503.0,Caitlin,James,United States,5,1622.0,324.4
15527.0,Megan,Rivera,United States,3,1622.0,540.6666666666666
15531.0,Calvin,Raji,United States,3,1622.0,540.6666666666666
19305.0,Gabriella,Young,United Kingdom,4,1622.0,405.5
21534.0,Warren,Rai,United Kingdom,5,1622.0,324.4
15410.0,Katherine,Harris,United States,6,1619.0,269.8333333333333
19366.0,Christy,Beck,France,4,1617.0,404.25
11185.0,Ashley,Henderson,Canada,68,1616.0,23.764705882352942
14643.0,Eric,Simmons,United States,5,1612.0,322.4
14750.0,Mary,Green,United States,5,1612.0,322.4
14879.0,Andrea,Richardson,United States,5,1612.0,322.4
15520.0,Desiree,Navarro,United States,4,1611.0,402.75
19310.0,Evelyn,Raman,France,4,1611.0,402.75
19452.0,Jacob,Anderson,France,4,1611.0,402.75
19172.0,Calvin,Luo,United Kingdom,4,1609.0,402.25
19193.0,Omar,Lal,United Kingdom,5,1609.0,321.8
19290.0,Sergio,Prasad,United Kingdom,5,1605.0,321.0
14662.0,Jack,Ross,United States,4,1602.0,400.5
19324.0,Tanya,Blanco,France,3,1602.0,534.0
19419.0,Allison,Adams,France,3,1602.0,534.0
19442.0,Connor,Hill,France,3,1602.0,534.0
21540.0,Ross,Rubio,United Kingdom,3,1602.0,534.0
14613.0,Glenn,Huang,United States,5,1601.0,320.2
14649.0,Grace,Cox,United States,5,1601.0,320.2
14590.0,Marissa,Butler,United States,5,1597.0,319.4
14868.0,Ariana,Morgan,United States,5,1597.0,319.4
15338.0,Marie,Navarro,United States,6,1597.0,266.1666666666667
15538.0,Luis,Lal,United States,5,1595.0,319.0
19173.0,Kelli,Lal,United Kingdom,3,1594.0,531.3333333333334
14755.0,Robert,Davis,United States,4,1592.0,398.0
14914.0,Arianna,Gray,United States,4,1592.0,398.0
19260.0,Latoya,Sharma,United Kingdom,4,1592.0,398.0
19301.0,Jamie,Liu,United Kingdom,3,1590.0,530.0
14026.0,Chloe,Butler,United States,4,1589.0,397.25
15532.0,Marshall,Jai,United States,5,1589.0,317.8
19194.0,Cesar,Garcia,France,5,1589.0,317.8
19474.0,Jenny,Luo,France,5,1589.0,317.8
25011.0,Taylor,White,Australia,5,1589.0,317.8
14647.0,Sean,Howard,United States,4,1588.0,397.0
14651.0,Amber,Green,United States,4,1588.0,397.0
14660.0,Gabrielle,Howard,United States,4,1588.0,397.0
14741.0,Emma,Cooper,United States,4,1588.0,397.0
14746.0,Courtney,Nelson,United States,4,1588.0,397.0
14756.0,Charles,Reed,United States,4,1588.0,397.0
14896.0,Alexia,Flores,United States,4,1588.0,397.0
15255.0,Evan,Collins,United States,3,1587.0,529.0
15432.0,Alvin,Kumar,United States,3,1587.0,529.0
15466.0,Elijah,Perez,United States,3,1587.0,529.0
15475.0,Kaitlyn,Brooks,United States,4,1587.0,396.75
15502.0,Nathaniel,Howard,United States,3,1587.0,529.0
15529.0,Jason,Allen,United States,3,1587.0,529.0
15547.0,Cassidy,Wood,United States,3,1587.0,529.0
19263.0,Nina,Chande,United Kingdom,3,1587.0,529.0
19299.0,Carrie,Browning,United Kingdom,3,1587.0,529.0
19447.0,Yolanda,Simpson,France,4,1587.0,396.75
14025.0,Robert,Alexander,United States,6,1586.0,264.3333333333333
15325.0,Elijah,Hayes,United States,4,1584.0,396.0
19323.0,Jeremy,Rogers,France,4,1584.0,396.0
19338.0,Paula,Dominguez,France,4,1583.0,395.75
14003.0,Angel,Ramirez,United States,5,1579.0,315.8
19302.0,Brad,Xie,United Kingdom,5,1577.0,315.4
15314.0,Eduardo,Torres,United States,5,1576.0,315.2
14023.0,Beth,Carlson,United States,3,1575.0,525.0
19278.0,Willie,Sun,United Kingdom,3,1575.0,525.0
19337.0,Bonnie,Luo,United Kingdom,3,1575.0,525.0
15288.0,Logan,Perry,United States,3,1574.0,524.6666666666666
15289.0,Katelyn,Gray,United States,3,1574.0,524.6666666666666
15427.0,Jade,Murphy,United States,3,1574.0,524.6666666666666
19258.0,Douglas,Mehta,United Kingdom,3,1574.0,524.6666666666666
15409.0,Eduardo,Cooper,United States,4,1567.0,391.75
19441.0,Dale,She,France,4,1567.0,391.75
21055.0,Kristi,Carlson,Germany,7,1566.0,223.71428571428572
19322.0,Gerald,Romero,United Kingdom,2,1565.0,782.5
26373.0,Mariah,Reed,Canada,4,1565.0,391.25
19312.0,Valerie,Zheng,United Kingdom,4,1564.0,391.0
25022.0,Patricia,Perez,Australia,3,1564.0,521.3333333333334
14581.0,Kevin,Adams,United States,6,1562.0,260.3333333333333
14727.0,Anna,Bryant,United States,4,1562.0,390.5
14728.0,Elizabeth,Henderson,United States,4,1562.0,390.5
19186.0,Bob,Garcia,United Kingdom,3,1562.0,520.6666666666666
15472.0,Jennifer,Torres,United States,3,1560.0,520.0
15525.0,Marie,Gonzalez,United States,3,1560.0,520.0
19446.0,Bridget,Nath,France,3,1560.0,520.0
25021.0,Edwin,Sharma,Australia,4,1554.0,388.5
26321.0,Randall,Blanco,Canada,4,1554.0,388.5
15189.0,Kayla,Russell,United States,2,1552.0,776.0
15191.0,Andres,Kumar,United States,2,1552.0,776.0
15252.0,Jada,Murphy,United States,2,1552.0,776.0
15343.0,Carson,Barnes,United States,2,1552.0,776.0
15473.0,Abigail,Jenkins,United States,2,1552.0,776.0
15506.0,Evan,Sanders,United States,2,1552.0,776.0
19308.0,Casey,Rai,United Kingdom,3,1549.0,516.3333333333334
25020.0,Walter,Romero,Australia,3,1549.0,516.3333333333334
26529.0,Jasmine,Davis,Canada,3,1549.0,516.3333333333334
21065.0,Robert,Thompson,Germany,5,1548.0,309.6
14559.0,Ashley,Washington,United States,4,1547.0,386.75
14639.0,Jeremiah,Howard,United States,4,1547.0,386.75
14653.0,Troy,Fernandez,United States,4,1547.0,386.75
14912.0,Emma,Taylor,United States,4,1547.0,386.75
19253.0,Gabrielle,Ross,United Kingdom,2,1540.0,770.0
25010.0,Misty,Kumar,Australia,2,1540.0,770.0
14560.0,Kelvin,Huang,United States,3,1538.0,512.6666666666666
14616.0,Emma,Sandberg,United States,3,1538.0,512.6666666666666
14617.0,Aaron,Flores,United States,5,1538.0,307.6
14634.0,Amber,Baker,United States,3,1538.0,512.6666666666666
14636.0,Kelly,Powell,United States,3,1538.0,512.6666666666666
14645.0,Isaac,Kelly,United States,3,1538.0,512.6666666666666
14646.0,Dylan,Garcia,United States,5,1538.0,307.6
14650.0,Adam,Perry,United States,3,1538.0,512.6666666666666
14757.0,Elizabeth,Garcia,United States,3,1538.0,512.6666666666666
14902.0,Arianna,Diaz,United States,3,1538.0,512.6666666666666
14915.0,Katherine,Howard,United States,3,1538.0,512.6666666666666
17982.0,Francisco,Mehta,France,5,1538.0,307.6
14740.0,Jenna,Scott,United States,5,1533.0,306.6
14913.0,Chloe,Roberts,United States,5,1533.0,306.6
14558.0,Marcel,Truempy,United States,4,1527.0,381.75
14652.0,Russell,Luo,United States,4,1527.0,381.75
14752.0,Seth,Turner,United States,4,1527.0,381.75
17975.0,Candace,Sai,France,3,1518.0,506.0
18004.0,Tonya,Shen,France,3,1518.0,506.0
18148.0,Jaclyn,Huang,France,3,1518.0,506.0
14577.0,Natalie,Rogers,United States,5,1505.0,301.0
14744.0,Elijah,Yang,United States,5,1505.0,301.0
26673.0,Austin,Alexander,Australia,5,1505.0,301.0
14520.0,Bonnie,Xu,United States,3,1503.0,501.0
14565.0,Natalie,Hernandez,United States,3,1503.0,501.0
14738.0,Ethan,Garcia,United States,3,1503.0,501.0
14747.0,Aidan,Wood,United States,3,1503.0,501.0
14894.0,James,Baker,United States,3,1503.0,501.0
14895.0,Connor,Hernandez,United States,3,1503.0,501.0
15005.0,Adrian,Cooper,United States,3,1503.0,501.0
14591.0,Charles,Harris,United States,4,1500.0,375.0
14739.0,Charles,Gonzalez,United States,4,1500.0,375.0
14754.0,Grant,Pal,United States,4,1500.0,375.0
11300.0,Fernando,Barnes,Canada,67,1499.0,22.37313432835821
14891.0,Kyle,Hayes,United States,3,1498.0,499.3333333333333
15016.0,Daniel,Clark,United States,3,1498.0,499.3333333333333
14726.0,Zachary,Yang,United States,4,1483.0,370.75
14576.0,Anna,Price,United States,3,1476.0,492.0
14580.0,Kyle,Diaz,United States,2,1468.0,734.0
14589.0,Mackenzie,Cook,United States,2,1468.0,734.0
14610.0,Lauren,Jenkins,United States,2,1468.0,734.0
14722.0,Sharon,Carson,United States,2,1468.0,734.0
14753.0,Austin,Foster,United States,2,1468.0,734.0
14852.0,Adam,Gonzalez,United States,2,1468.0,734.0
14892.0,Savannah,Sanders,United States,2,1468.0,734.0
11200.0,Jason,Griffin,Canada,55,1461.0,26.563636363636363
11277.0,Charles,Jackson,Canada,65,1434.0,22.06153846153846
15893.0,Yolanda,Xu,United States,5,1429.0,285.8
15552.0,Tyler,Lewis,United States,5,1427.0,285.4
15986.0,Dalton,Sanchez,United States,6,1423.0,237.16666666666666
15886.0,Matthew,Brown,United States,4,1422.0,355.5
15827.0,Danielle,Ward,United States,7,1419.0,202.71428571428572
15865.0,Isabel,Price,United States,5,1417.0,283.4
15908.0,David,Wilson,United States,6,1414.0,235.66666666666666
26547.0,Barbara,Beck,Australia,4,1408.0,352.0
27362.0,Alex,Cooper,Australia,5,1407.0,281.4
15987.0,Nicole,Kelly,United States,4,1405.0,351.25
15892.0,Pamela,Srini,United States,5,1402.0,280.4
26918.0,Krista,Hernandez,Australia,6,1400.0,233.33333333333334
15885.0,Garrett,Sanchez,United States,5,1398.0,279.6
15902.0,Robert,Diaz,United States,5,1398.0,279.6
27473.0,Gabriel,Lal,Australia,4,1398.0,349.5
26560.0,Lindsey,Shen,Australia,6,1396.0,232.66666666666666
15904.0,Janice,Bennett,United States,4,1395.0,348.75
19475.0,Mandy,Ye,France,6,1395.0,232.5
15994.0,Olivia,Blue,United States,5,1392.0,278.4
19503.0,Bridget,Luo,France,5,1392.0,278.4
26658.0,Darryl,Liang,Australia,5,1391.0,278.2
26667.0,Jillian,Patel,Australia,5,1391.0,278.2
27346.0,Leslie,Dominguez,Australia,5,1391.0,278.2
15763.0,Xavier,Young,United States,5,1388.0,277.6
27471.0,Susan,Gao,Australia,3,1387.0,462.3333333333333
19504.0,Dominic,Garcia,France,3,1383.0,461.0
27355.0,Nelson,Suarez,Australia,5,1383.0,276.6
27489.0,Haley,Hall,Australia,5,1383.0,276.6
27348.0,Clayton,Zhou,Australia,4,1382.0,345.5
27483.0,Thomas,Shan,Australia,4,1382.0,345.5
15862.0,Sriniwa,Narayanan,United States,4,1380.0,345.0
15909.0,Cassidy,Ross,United States,5,1380.0,276.0
15901.0,Taylor,Bryant,United States,3,1377.0,459.0
15551.0,Kaylee,Gray,United States,4,1375.0,343.75
15561.0,Angel,Young,United States,4,1375.0,343.75
15890.0,James,Russell,United States,4,1375.0,343.75
15553.0,Ivan,Lopez,United States,5,1373.0,274.6
15903.0,Abigail,Barnes,United States,5,1373.0,274.6
15555.0,Hailey,Barnes,United States,5,1372.0,274.4
15882.0,Maurice,Xie,United States,4,1372.0,343.0
26743.0,Derek,Chande,Australia,5,1372.0,274.4
26768.0,Cristina,Shen,Australia,5,1372.0,274.4
27075.0,Jackson,Chen,Canada,5,1372.0,274.4
27353.0,Gilbert,Andersen,Australia,5,1372.0,274.4
27365.0,Jimmy,Jimenez,Australia,5,1372.0,274.4
27470.0,Raquel,Dominguez,Australia,5,1372.0,274.4
27486.0,Mathew,Gill,Australia,5,1372.0,274.4
27500.0,Luis,Hill,Australia,5,1372.0,274.4
15558.0,Hailey,Morris,United States,4,1363.0,340.75
26549.0,Jamie,Sanz,Australia,5,1361.0,272.2
15554.0,Zoe,Bailey,United States,3,1358.0,452.6666666666667
15953.0,Julio,Moreno,United States,3,1358.0,452.6666666666667
26657.0,Lucas,Hughes,Australia,3,1358.0,452.6666666666667
26748.0,Stacey,She,Australia,3,1358.0,452.6666666666667
27352.0,Douglas,Subram,Australia,3,1358.0,452.6666666666667
27406.0,Richard,Sanchez,Canada,3,1358.0,452.6666666666667
27485.0,Nina,Tang,Australia,5,1354.0,270.8
27493.0,Barbara,Zheng,Australia,4,1353.0,338.25
26919.0,Ramon,He,Australia,5,1350.0,270.0
26924.0,Erica,Zeng,Australia,5,1350.0,270.0
27340.0,Francis,Carlson,Australia,5,1350.0,270.0
27371.0,Carolyn,Srini,Australia,5,1350.0,270.0
27498.0,Marie,Ruiz,Australia,5,1350.0,270.0
15562.0,Kaitlyn,James,United States,3,1348.0,449.3333333333333
27342.0,Henry,Rana,Australia,4,1348.0,337.0
15276.0,Megan,Hall,United States,4,1346.0,336.5
26654.0,Kathleen,Jimenez,Australia,4,1346.0,336.5
26656.0,Amanda,Hall,Australia,5,1346.0,269.2
27472.0,Mindy,Chande,Australia,5,1346.0,269.2
15570.0,Brianna,Powell,United States,3,1345.0,448.3333333333333
27492.0,Clayton,Lin,Australia,5,1345.0,269.0
26757.0,Evan,Rivera,Australia,3,1344.0,448.0
27359.0,Morgan,Davis,Australia,3,1344.0,448.0
27338.0,Virginia,Lopez,Australia,4,1340.0,335.0
26917.0,Roberto,Dominguez,Australia,5,1339.0,267.8
15548.0,Morgan,Brooks,United States,4,1338.0,334.5
15557.0,Nathaniel,Murphy,United States,4,1338.0,334.5
26561.0,Hannah,Lewis,Australia,4,1337.0,334.25
26666.0,Ashlee,Beck,Australia,4,1337.0,334.25
26920.0,Jon,Chen,Australia,4,1337.0,334.25
26921.0,Cynthia,Weber,Australia,4,1337.0,334.25
26967.0,Edwin,Li,Australia,4,1337.0,334.25
27339.0,Ann,Sai,Australia,4,1337.0,334.25
27356.0,Mayra,Lopez,Australia,4,1337.0,334.25
26767.0,Alisha,Goel,Australia,3,1332.0,444.0
26774.0,Arianna,Ross,Australia,3,1332.0,444.0
27469.0,Anne,Gill,Australia,3,1332.0,444.0
27490.0,Natasha,Martin,Australia,3,1332.0,444.0
27499.0,Barbara,Kumar,Australia,3,1332.0,444.0
11331.0,Samantha,Jenkins,Canada,58,1327.0,22.879310344827587
15834.0,Rebecca,Green,United States,2,1323.0,661.5
15860.0,Joe,Moreno,United States,2,1323.0,661.5
26548.0,Casey,Suarez,Australia,2,1323.0,661.5
26655.0,Kelvin,Sharma,Australia,2,1323.0,661.5
26749.0,Rafael,Sun,Australia,2,1323.0,661.5
26758.0,Damien,Zhang,Australia,2,1323.0,661.5
26760.0,Katherine,Butler,Australia,2,1323.0,661.5
26916.0,Mackenzie,King,Australia,2,1323.0,661.5
26922.0,Trevor,Powell,Australia,2,1323.0,661.5
26923.0,Krystal,Ye,Australia,2,1323.0,661.5
27299.0,Micheal,Gutierrez,Australia,2,1323.0,661.5
27341.0,Kari,Sanz,Australia,2,1323.0,661.5
27354.0,Deanna,Patel,Australia,2,1323.0,661.5
27366.0,Bob,Alan,Australia,2,1323.0,661.5
27370.0,Stephanie,Bell,Australia,2,1323.0,661.5
27484.0,Kristen,Zhang,Australia,2,1323.0,661.5
27487.0,Cedric,Guo,Australia,2,1323.0,661.5
27488.0,Sheila,Munoz,Australia,2,1323.0,661.5
11176.0,Mason,Roberts,Canada,60,1317.0,21.95
25928.0,Mario,Sharma,Australia,6,1316.0,219.33333333333334
27879.0,Kelvin,Chander,Australia,3,1314.0,438.0
25086.0,Jasmine,Cox,United States,5,1308.0,261.6
25417.0,Savannah,Bell,United States,5,1308.0,261.6
25709.0,Savannah,Lopez,Australia,5,1308.0,261.6
25714.0,Darren,Gutierrez,Australia,5,1308.0,261.6
25926.0,Larry,Gutierrez,Australia,5,1308.0,261.6
25938.0,Marvin,Gutierrez,Australia,5,1308.0,261.6
15017.0,Amanda,Ramirez,United States,5,1307.0,261.4
25558.0,Zachary,Wilson,Australia,5,1307.0,261.4
29432.0,Gabrielle,Roberts,United Kingdom,5,1307.0,261.4
25389.0,Wendy,Sanz,United States,3,1304.0,434.6666666666667
25716.0,Edwin,Gao,Australia,3,1303.0,434.3333333333333
28102.0,Arturo,Deng,Australia,3,1300.0,433.3333333333333
25937.0,Jon,Yuan,Australia,5,1299.0,259.8
11223.0,Hailey,Patterson,Canada,56,1293.0,23.089285714285715
26948.0,Abby,Garcia,Germany,3,1293.0,431.0
26974.0,Philip,Suarez,Germany,5,1293.0,258.6
29433.0,Thomas,King,United Kingdom,3,1289.0,429.6666666666667
25560.0,Daisy,Vazquez,Australia,5,1288.0,257.6
25561.0,Micah,Zeng,Australia,5,1288.0,257.6
25713.0,Latasha,Gill,Australia,5,1288.0,257.6
26640.0,Eduardo,Lopez,Canada,5,1288.0,257.6
27874.0,Randy,Zhao,Australia,5,1288.0,257.6
25368.0,Blake,Baker,United States,4,1284.0,321.0
25382.0,Richard,Hughes,United States,4,1284.0,321.0
25403.0,Jasmine,Clark,United States,4,1284.0,321.0
26977.0,Barry,Madan,Germany,4,1284.0,321.0
27878.0,Dennis,He,Australia,4,1284.0,321.0
27139.0,Jon,Liu,Germany,4,1283.0,320.75
25539.0,Mathew,Ortega,France,3,1278.0,426.0
25555.0,Trisha,Lu,Australia,5,1277.0,255.4
25940.0,Gerald,Arun,Australia,5,1277.0,255.4
23699.0,Nicholas,Walker,United States,3,1274.0,424.6666666666667
25390.0,Samantha,Powell,United States,3,1274.0,424.6666666666667
25574.0,Bradley,Raje,France,3,1274.0,424.6666666666667
25619.0,Rafael,Raji,France,3,1274.0,424.6666666666667
25705.0,Levi,Prasad,Australia,3,1274.0,424.6666666666667
25711.0,Mario,Luo,Australia,3,1274.0,424.6666666666667
25715.0,Tabitha,Sara,Australia,3,1274.0,424.6666666666667
25717.0,Ernest,Guo,Australia,3,1274.0,424.6666666666667
25718.0,Terrance,Martinez,Australia,3,1274.0,424.6666666666667
25922.0,Veronica,Malhotra,Australia,3,1274.0,424.6666666666667
25944.0,Ronald,Perez,Australia,3,1274.0,424.6666666666667
26884.0,Paige,James,Germany,3,1274.0,424.6666666666667
26940.0,Franklin,Tang,Germany,3,1274.0,424.6666666666667
27014.0,Luke,Hughes,Canada,3,1274.0,424.6666666666667
25927.0,Tiffany,Guo,Australia,5,1272.0,254.4
26683.0,Mariah,Simmons,Canada,5,1270.0,254.0
19550.0,Lucas,Perez,United States,4,1269.0,317.25
25097.0,Fernando,Gonzales,United States,2,1269.0,634.5
25420.0,Jordan,Scott,United States,2,1269.0,634.5
25600.0,Derek,Anand,France,2,1269.0,634.5
25700.0,Faith,Coleman,France,2,1269.0,634.5
26864.0,Christine,Sutton,Germany,2,1269.0,634.5
26961.0,Carly,Chander,Germany,2,1269.0,634.5
27180.0,Joe,Diaz,Germany,2,1269.0,634.5
27875.0,Pamela,Patel,Australia,2,1269.0,634.5
26692.0,Isabella,Brown,Canada,5,1266.0,253.2
25593.0,Micheal,Gill,France,2,1265.0,632.5
25649.0,Trinity,Morgan,France,2,1265.0,632.5
26831.0,Drew,Raje,Germany,2,1265.0,632.5
26991.0,Rodney,Ortega,Germany,2,1265.0,632.5
27004.0,Philip,Moreno,Germany,2,1265.0,632.5
27120.0,Clarence,Kumar,Germany,2,1265.0,632.5
25370.0,Erin,Bailey,United States,4,1264.0,316.0
25939.0,Willie,Tang,Australia,4,1264.0,316.0
26930.0,Sharon,Andersen,Germany,4,1264.0,316.0
25557.0,Tyrone,Navarro,Australia,4,1262.0,315.5
25707.0,Louis,Raje,Australia,5,1262.0,252.4
25712.0,Brent,He,Australia,5,1262.0,252.4
25918.0,Carly,Anand,Australia,3,1260.0,420.0
25092.0,Emily,Jackson,United States,4,1258.0,314.5
25391.0,Morgan,Murphy,United States,4,1257.0,314.25
25935.0,April,Tang,Australia,4,1256.0,314.0
25941.0,Molly,Perez,Australia,5,1255.0,251.0
19402.0,Jeremiah,Scott,United States,4,1254.0,313.5
25556.0,Joan,Martin,Australia,4,1253.0,313.25
25559.0,Troy,Sanchez,Australia,4,1253.0,313.25
25564.0,Fernando,Nelson,Australia,4,1253.0,313.25
25566.0,Kristine,Navarro,Australia,4,1253.0,313.25
25568.0,Christy,Wu,Australia,4,1253.0,313.25
25607.0,Sharon,Chander,France,4,1253.0,313.25
25708.0,Misty,Sharma,Australia,4,1253.0,313.25
25921.0,Colin,Shan,Australia,4,1253.0,313.25
23789.0,Ryan,Walker,United States,4,1251.0,312.75
25098.0,Logan,Long,United States,4,1251.0,312.75
25683.0,Ebony,Ruiz,France,4,1251.0,312.75
19205.0,James,Perry,Canada,2,1250.0,625.0
23794.0,Abigail,Powell,United States,2,1250.0,625.0
25087.0,Wyatt,Young,United States,2,1250.0,625.0
25088.0,Victoria,Reed,United States,2,1250.0,625.0
25099.0,Melanie,Hayes,United States,2,1250.0,625.0
25148.0,Ryan,Simmons,United States,2,1250.0,625.0
25198.0,Michelle,Ramirez,United States,2,1250.0,625.0
25199.0,Kyle,Griffin,United States,2,1250.0,625.0
25204.0,Kelly,Barnes,United States,2,1250.0,625.0
25281.0,Jeremy,Allen,United States,2,1250.0,625.0
25380.0,Seth,Gonzales,United States,2,1250.0,625.0
25384.0,Maria,Cooper,United States,2,1250.0,625.0
25385.0,Destiny,Torres,United States,2,1250.0,625.0
25386.0,Alexis,Perry,United States,2,1250.0,625.0
25387.0,Stephanie,Brooks,United States,2,1250.0,625.0
25388.0,Ernest,Hu,United States,2,1250.0,625.0
25392.0,Joseph,Moore,United States,2,1250.0,625.0
25394.0,Anthony,Garcia,United States,2,1250.0,625.0
25402.0,Maria,Hughes,United States,2,1250.0,625.0
25419.0,Hunter,King,United States,2,1250.0,625.0
25421.0,Marcus,Lewis,United States,2,1250.0,625.0
25432.0,Kellie,Gomez,United States,2,1250.0,625.0
25606.0,Meredith,Fernandez,France,2,1250.0,625.0
25613.0,Erik,Ruiz,France,2,1250.0,625.0
25617.0,Leonard,Shan,France,2,1250.0,625.0
25840.0,Karla,Pal,United States,2,1250.0,625.0
26862.0,Tina,Vance,Germany,2,1250.0,625.0
26873.0,Ann,Suri,Germany,2,1250.0,625.0
26936.0,Jaclyn,He,Germany,2,1250.0,625.0
27873.0,Dawn,Xu,Australia,2,1250.0,625.0
28091.0,Valerie,Liang,Australia,2,1250.0,625.0
28098.0,Roger,Zhu,Australia,2,1250.0,625.0
29431.0,Marie,Gutierrez,United Kingdom,2,1250.0,625.0
25919.0,Dana,Ramos,Australia,3,1248.0,416.0
25936.0,Deanna,Schmidt,Australia,3,1248.0,416.0
25945.0,Brent,Guo,Australia,3,1248.0,416.0
25366.0,Eduardo,Bailey,United States,2,1244.0,622.0
25436.0,Destiny,Ross,United States,2,1244.0,622.0
20700.0,Marcus,Scott,,6,1243.0,207.16666666666666
22686.0,Wayne,Anand,United Kingdom,6,1243.0,207.16666666666666
23930.0,Meagan,Arun,United Kingdom,6,1243.0,207.16666666666666
25493.0,Hunter,Evans,United Kingdom,6,1243.0,207.16666666666666
25562.0,Bonnie,Sharma,Australia,2,1239.0,619.5
25563.0,Natasha,Serrano,Australia,2,1239.0,619.5
25565.0,Kevin,Perez,Australia,2,1239.0,619.5
25567.0,Dennis,Zheng,Australia,2,1239.0,619.5
25704.0,Seth,Murphy,Australia,2,1239.0,619.5
25706.0,Francisco,Madan,Australia,2,1239.0,619.5
25710.0,Diana,Gill,Australia,2,1239.0,619.5
26826.0,Kendra,Romero,Germany,4,1238.0,309.5
26963.0,Meredith,Arun,Germany,4,1238.0,309.5
25096.0,Victoria,Bennett,United States,4,1237.0,309.25
25693.0,Brandy,Subram,France,4,1237.0,309.25
27161.0,Reginald,Gill,Germany,4,1237.0,309.25
23774.0,Reginald,Harrison,United Kingdom,5,1234.0,246.8
21930.0,Marissa,Perry,United States,4,1233.0,308.25
20884.0,Darren,Schmidt,France,4,1229.0,307.25
23799.0,Carolyn,Chandra,United States,3,1229.0,409.6666666666667
25085.0,Lucas,Rogers,United States,3,1229.0,409.6666666666667
25381.0,Dylan,Li,United States,3,1229.0,409.6666666666667
25383.0,Nathan,Walker,United States,3,1229.0,409.6666666666667
25413.0,Zoe,Rivera,United States,3,1229.0,409.6666666666667
25538.0,Andy,Jiménez,France,3,1229.0,409.6666666666667
25614.0,Deanna,Subram,France,3,1229.0,409.6666666666667
25639.0,Russell,Lal,France,3,1229.0,409.6666666666667
26825.0,Jamie,Jimenez,Germany,3,1229.0,409.6666666666667
27119.0,Mayra,Gonzalez,Germany,3,1229.0,409.6666666666667
27154.0,Holly,Arun,Germany,3,1229.0,409.6666666666667
27877.0,Rebekah,Dominguez,Australia,3,1229.0,409.6666666666667
25146.0,Carson,Gonzales,United States,2,1224.0,612.0
25203.0,Caroline,Wood,United States,2,1224.0,612.0
25339.0,Adrian,Rivera,United States,2,1224.0,612.0
25395.0,Paige,Flores,United States,2,1224.0,612.0
25412.0,Michael,Williams,United States,2,1224.0,612.0
25418.0,Alexia,Hayes,United States,2,1224.0,612.0
25485.0,Roberto,Rubio,France,2,1224.0,612.0
25532.0,Warren,Nath,France,2,1224.0,612.0
25540.0,Rodney,Alonso,France,2,1224.0,612.0
25586.0,Molly,Subram,France,2,1224.0,612.0
25588.0,Jerry,Pal,France,2,1224.0,612.0
25694.0,Dawn,Raje,France,2,1224.0,612.0
26933.0,Jessie,Sanz,Germany,2,1224.0,612.0
26954.0,Gerald,Torres,Germany,2,1224.0,612.0
27136.0,Isabella,Coleman,Germany,2,1224.0,612.0
29401.0,Jésus,Gomez,United Kingdom,2,1224.0,612.0
29411.0,Cara,Lin,United Kingdom,2,1224.0,612.0
19225.0,Jeremy,Watson,United States,3,1219.0,406.3333333333333
19527.0,Gabriel,Adams,Canada,5,1219.0,243.8
23688.0,Olivia,Thomas,United States,1,1215.0,1215.0
23788.0,Michael,Smith,United States,1,1215.0,1215.0
25379.0,Hailey,Young,United States,1,1215.0,1215.0
25411.0,Riley,Flores,United States,1,1215.0,1215.0
25594.0,Cindy,Malhotra,France,1,1215.0,1215.0
26946.0,Andre,Madan,Germany,1,1215.0,1215.0
27169.0,Louis,Xu,Germany,1,1215.0,1215.0
27876.0,Willie,Deng,Australia,1,1215.0,1215.0
28103.0,Pedro,Martin,Australia,1,1215.0,1215.0
20175.0,Alisha,Lu,France,4,1214.0,303.5
21583.0,Jaclyn,Lal,United States,4,1214.0,303.5
24213.0,Martin,Rana,United Kingdom,4,1214.0,303.5
20026.0,Jasmine,Richardson,United States,4,1213.0,303.25
24026.0,Jill,Serrano,United Kingdom,4,1213.0,303.25
25510.0,Grant,Kumar,United Kingdom,5,1212.0,242.4
20699.0,Hunter,Wang,,3,1209.0,403.0
24217.0,Lauren,Morgan,United Kingdom,3,1209.0,403.0
18603.0,Gabrielle,Henderson,Canada,3,1205.0,401.6666666666667
19532.0,Victoria,Brown,United States,3,1205.0,401.6666666666667
20793.0,Gary,Martin,France,3,1205.0,401.6666666666667
21357.0,Jada,Nelson,,3,1205.0,401.6666666666667
21483.0,Michelle,Bailey,,3,1205.0,401.6666666666667
21685.0,Bailey,Green,United States,3,1205.0,401.6666666666667
21723.0,Tiffany,Huang,United States,3,1205.0,401.6666666666667
21728.0,Madison,Harris,United States,3,1205.0,401.6666666666667
22152.0,Marcus,King,United States,3,1205.0,401.6666666666667
20190.0,Angela,Reed,United States,4,1204.0,301.0
24034.0,Pedro,Ruiz,United Kingdom,4,1203.0,300.75
27167.0,Tanya,Vazquez,France,4,1203.0,300.75
19875.0,Patrick,James,United States,4,1199.0,299.75
24193.0,Louis,Becker,United Kingdom,4,1199.0,299.75
18795.0,Nathan,Alexander,Canada,3,1198.0,399.3333333333333
20646.0,Ryan,Chen,,4,1198.0,299.5
21274.0,Seth,Scott,,4,1198.0,299.5
21926.0,Melanie,Henderson,United States,3,1198.0,399.3333333333333
22642.0,Garrett,Rivera,United Kingdom,3,1198.0,399.3333333333333
23904.0,Haley,Washington,United Kingdom,3,1198.0,399.3333333333333
25312.0,Erik,Ramos,United Kingdom,3,1198.0,399.3333333333333
28522.0,Rosa,Ma,Germany,4,1198.0,299.5
28563.0,Dennis,Cai,Germany,4,1198.0,299.5
20782.0,Alan,Ye,,5,1197.0,239.4
21476.0,Hunter,Jenkins,,5,1197.0,239.4
23983.0,Taylor,Reed,United Kingdom,3,1195.0,398.3333333333333
19743.0,Holly,Rana,United States,3,1194.0,398.0
20387.0,Jordan,Adams,United States,3,1194.0,398.0
21246.0,Samuel,Nelson,,3,1194.0,398.0
24138.0,Kristy,Gutierrez,United Kingdom,3,1194.0,398.0
20657.0,Blake,Russell,,5,1193.0,238.6
21436.0,Brandi,Serrano,,5,1193.0,238.6
23753.0,Arthur,Sara,United Kingdom,5,1193.0,238.6
28702.0,Danny,Martin,Germany,5,1193.0,238.6
19986.0,Jamie,Huang,United States,4,1189.0,297.25
21315.0,Audrey,Sanz,,4,1189.0,297.25
27590.0,Dominic,Lopez,Australia,4,1189.0,297.25
19406.0,Brooke,Travers,United States,4,1188.0,297.0
21144.0,Lucas,Richardson,,4,1188.0,297.0
22245.0,Evan,Lopez,United States,4,1188.0,297.0
22653.0,Carolyn,Dominguez,United Kingdom,4,1188.0,297.0
25531.0,Ebony,Patel,United Kingdom,4,1188.0,297.0
25585.0,Brent,Sun,United Kingdom,4,1188.0,297.0
11091.0,Dalton,Perez,Canada,59,1186.0,20.10169491525424
19113.0,Aaron,Patterson,Canada,4,1184.0,296.0
19701.0,Arianna,Wood,United States,4,1184.0,296.0
19993.0,Nathan,Russell,United States,4,1184.0,296.0
20009.0,Noah,Walker,United States,4,1184.0,296.0
20145.0,Fernando,Lee,France,4,1184.0,296.0
20205.0,Bryce,Cox,United States,4,1184.0,296.0
20372.0,Kaitlyn,Edwards,United States,4,1184.0,296.0
20399.0,Benjamin,Rodriguez,United States,4,1184.0,296.0
20401.0,Hannah,Jenkins,United States,4,1184.0,296.0
20677.0,Trinity,Bailey,,4,1184.0,296.0
20750.0,Katherine,King,,4,1184.0,296.0
21355.0,Mya,Diaz,,4,1184.0,296.0
21422.0,Karen,Wood,,4,1184.0,296.0
21920.0,Destiny,Bennett,United States,4,1184.0,296.0
22137.0,Elizabeth,Griffin,United States,4,1184.0,296.0
23225.0,Heidi,Patel,United Kingdom,4,1184.0,296.0
23986.0,Tanya,Torres,United Kingdom,4,1184.0,296.0
27694.0,Lee,Gill,Australia,4,1184.0,296.0
19116.0,Logan,Alexander,Canada,3,1183.0,394.3333333333333
19160.0,Sara,Perez,United States,3,1183.0,394.3333333333333
19409.0,Savannah,Allen,United States,3,1183.0,394.3333333333333
19548.0,Kaitlyn,Howard,United States,3,1183.0,394.3333333333333
19549.0,Kevin,Sharma,United States,3,1183.0,394.3333333333333
19775.0,Alisha,Cai,United States,3,1183.0,394.3333333333333
19984.0,Sara,Morris,United States,3,1183.0,394.3333333333333
21149.0,Miguel,Diaz,,3,1183.0,394.3333333333333
21309.0,Julia,Anderson,,3,1183.0,394.3333333333333
21335.0,Ana,Coleman,,3,1183.0,394.3333333333333
21434.0,Isabella,Smith,,3,1183.0,394.3333333333333
21645.0,Spencer,Alexander,United States,3,1183.0,394.3333333333333
21929.0,Karen,Perry,United States,3,1183.0,394.3333333333333
22613.0,Dale,Luo,United Kingdom,3,1183.0,394.3333333333333
23224.0,Jonathan,Scott,United Kingdom,3,1183.0,394.3333333333333
23760.0,Nina,Sharma,United Kingdom,3,1183.0,394.3333333333333
27589.0,Derek,Yuan,Australia,3,1183.0,394.3333333333333
27687.0,Brandy,Madan,Australia,3,1183.0,394.3333333333333
27696.0,Ruben,Rana,Australia,3,1183.0,394.3333333333333
18557.0,Bailey,Lopez,Canada,3,1179.0,393.0
19400.0,Gavin,Hayes,Canada,3,1179.0,393.0
19526.0,Angela,Cooper,Canada,3,1179.0,393.0
19531.0,John,Robinson,United States,3,1179.0,393.0
19534.0,Adrian,Torres,United States,3,1179.0,393.0
19545.0,Garrett,Watson,United States,3,1179.0,393.0
19547.0,Lauren,Patterson,United States,3,1179.0,393.0
19681.0,Morgan,King,Canada,3,1179.0,393.0
19725.0,Alexandria,Ramirez,United States,3,1179.0,393.0
19744.0,Tamara,Cai,United States,3,1179.0,393.0
20093.0,Megan,Clark,United States,3,1179.0,393.0
20187.0,Robert,King,United States,3,1179.0,393.0
20281.0,Karl,Xie,United States,3,1179.0,393.0
20395.0,Katherine,Rogers,United States,3,1179.0,393.0
20660.0,Christina,Cox,,3,1179.0,393.0
20765.0,Wyatt,Lopez,,3,1179.0,393.0
21147.0,Angel,Rogers,,3,1179.0,393.0
21326.0,Andrea,Green,,3,1179.0,393.0
21329.0,Wyatt,Brown,,3,1179.0,393.0
21388.0,Nicole,Lee,,3,1179.0,393.0
21585.0,Trinity,Gray,United States,3,1179.0,393.0
21604.0,Melanie,Howard,United States,3,1179.0,393.0
21605.0,Brittney,Ye,United States,3,1179.0,393.0
21711.0,Hailey,Gray,United States,3,1179.0,393.0
21794.0,Alyssa,James,United States,3,1179.0,393.0
22188.0,Sarah,Barnes,United States,3,1179.0,393.0
22220.0,Brandon,Sharma,United States,3,1179.0,393.0
22236.0,Jose,Gonzalez,United States,3,1179.0,393.0
23777.0,Candice,Zhang,United Kingdom,3,1179.0,393.0
23988.0,Cesar,Sánchez,United Kingdom,3,1179.0,393.0
24011.0,Morgan,Thompson,United Kingdom,3,1179.0,393.0
24114.0,Kristin,Yuan,United Kingdom,3,1179.0,393.0
25546.0,Brianna,Jones,United Kingdom,3,1179.0,393.0
26988.0,Brandy,Srini,Germany,3,1179.0,393.0
27698.0,Isabella,Bell,Australia,3,1179.0,393.0
21100.0,Sandra,Zhang,Germany,5,1178.0,235.6
23954.0,Jonathon,Serrano,United Kingdom,5,1178.0,235.6
18570.0,Mason,Peterson,Canada,2,1174.0,587.0
19171.0,Melanie,Torres,United States,2,1174.0,587.0
19212.0,Brianna,Clark,United States,2,1174.0,587.0
19546.0,Angel,Campbell,Canada,2,1174.0,587.0
19745.0,Kayla,Simmons,United States,2,1174.0,587.0
19891.0,Jennifer,Morgan,United States,2,1174.0,587.0
19985.0,Tamara,Ma,United States,2,1174.0,587.0
20028.0,Angela,Flores,United States,2,1174.0,587.0
20061.0,Sharon,Nath,France,2,1174.0,587.0
20194.0,Connor,Campbell,United States,2,1174.0,587.0
20195.0,Blake,Wilson,United States,2,1174.0,587.0
20198.0,Sierra,Evans,United States,2,1174.0,587.0
20295.0,Christopher,Brown,United States,2,1174.0,587.0
20371.0,Grace,Bryant,United States,2,1174.0,587.0
20529.0,Destiny,Jackson,,2,1174.0,587.0
20541.0,Allison,Hernandez,,2,1174.0,587.0
20650.0,Bryan,Gray,,2,1174.0,587.0
20652.0,Amanda,Scott,,2,1174.0,587.0
20661.0,Taylor,Diaz,,2,1174.0,587.0
20846.0,Lee,Alonso,France,2,1174.0,587.0
20888.0,Clayton,Raje,France,2,1174.0,587.0
21161.0,Megan,Johnson,,2,1174.0,587.0
21333.0,Mackenzie,Allen,,2,1174.0,587.0
21356.0,Gabriella,Evans,,2,1174.0,587.0
21401.0,Eric,Powell,,2,1174.0,587.0
21429.0,Isabella,Sandberg,,2,1174.0,587.0
21491.0,Joseph,Lewis,,2,1174.0,587.0
21588.0,Theodore,Martin,United States,2,1174.0,587.0
21700.0,Juan,Ramirez,United States,2,1174.0,587.0
21746.0,Xavier,Hernandez,United States,2,1174.0,587.0
21781.0,Jared,Rivera,United States,2,1174.0,587.0
21798.0,Jade,Sanders,United States,2,1174.0,587.0
21910.0,Rebekah,Perez,Germany,2,1174.0,587.0
21941.0,Gail,Moore,United States,2,1174.0,587.0
22111.0,Gabriella,King,United States,2,1174.0,587.0
22186.0,Jonathan,Foster,United States,2,1174.0,587.0
22253.0,Stephanie,Reed,United States,2,1174.0,587.0
22318.0,Ramon,Xu,Germany,2,1174.0,587.0
22391.0,Angela,Watson,Germany,2,1174.0,587.0
22668.0,Adrienne,Hernandez,United Kingdom,2,1174.0,587.0
22695.0,Darren,Martin,United Kingdom,2,1174.0,587.0
23220.0,Roy,Malhotra,United Kingdom,2,1174.0,587.0
23923.0,Alejandro,Sun,United Kingdom,2,1174.0,587.0
24044.0,Arturo,Kumar,United Kingdom,2,1174.0,587.0
24047.0,Clarence,Yuan,United Kingdom,2,1174.0,587.0
24048.0,Gregory,Tang,United Kingdom,2,1174.0,587.0
24054.0,Gerald,Hernandez,United Kingdom,2,1174.0,587.0
24069.0,Jessie,Chen,United Kingdom,2,1174.0,587.0
24189.0,Andre,Suri,United Kingdom,2,1174.0,587.0
24702.0,Kari,Ramos,United Kingdom,2,1174.0,587.0
25448.0,Erick,Sara,United Kingdom,2,1174.0,587.0
25502.0,Carmen,Kim,United Kingdom,2,1174.0,587.0
25599.0,Aaron,Russell,United Kingdom,2,1174.0,587.0
25604.0,Martin,Vance,United Kingdom,2,1174.0,587.0
25636.0,Tommy,Raji,United Kingdom,2,1174.0,587.0
27182.0,Jarrod,Srini,France,2,1174.0,587.0
27712.0,Teresa,Munoz,Australia,2,1174.0,587.0
27795.0,Holly,Vance,France,2,1174.0,587.0
27798.0,Brandon,Bryant,Germany,2,1174.0,587.0
27799.0,Bryce,Watson,United Kingdom,2,1174.0,587.0
27902.0,Carolyn,Alonso,Germany,2,1174.0,587.0
28564.0,Alisha,Deng,Germany,2,1174.0,587.0
20826.0,Jillian,Raman,France,4,1173.0,293.25
18580.0,Emma,Anderson,Canada,2,1170.0,585.0
19123.0,Emma,Washington,Canada,2,1170.0,585.0
19169.0,Arianna,Bryant,United States,2,1170.0,585.0
19202.0,Brianna,Lee,United States,2,1170.0,585.0
19401.0,Kyle,Hernandez,United States,2,1170.0,585.0
19405.0,Abigail,Smith,United States,2,1170.0,585.0
19535.0,Alex,Mitchell,United States,2,1170.0,585.0
19671.0,Michael,Davis,United States,2,1170.0,585.0
19680.0,Jan,King,United States,2,1170.0,585.0
20059.0,Madison,Washington,France,2,1170.0,585.0
20066.0,Marcus,White,United States,2,1170.0,585.0
20073.0,Melissa,Cooper,United States,2,1170.0,585.0
20118.0,Jacqueline,Henderson,United States,2,1170.0,585.0
20304.0,Jesse,Edwards,United States,2,1170.0,585.0
20434.0,Nathan,Sharma,United States,2,1170.0,585.0
20481.0,Jordan,Edwards,United States,2,1170.0,585.0
20526.0,Brittany,Alexander,,2,1170.0,585.0
20654.0,Taylor,Murphy,,2,1170.0,585.0
20768.0,Marshall,Nara,,2,1170.0,585.0
20882.0,Sabrina,Suarez,France,2,1170.0,585.0
21150.0,Alyssa,Ramirez,,2,1170.0,585.0
21343.0,Colin,Zeng,,2,1170.0,585.0
21396.0,Megan,Martinez,,2,1170.0,585.0
21424.0,Emily,Alexander,,2,1170.0,585.0
21435.0,Connor,Alexander,,2,1170.0,585.0
21599.0,Sara,Lopez,United States,2,1170.0,585.0
21638.0,Olivia,Harris,United States,2,1170.0,585.0
21643.0,Wyatt,Diaz,United States,2,1170.0,585.0
21928.0,Karl,Luo,United States,2,1170.0,585.0
22243.0,Emma,Lewis,United States,2,1170.0,585.0
22246.0,Jacqueline,Cox,United States,2,1170.0,585.0
22667.0,Roy,Rana,United Kingdom,2,1170.0,585.0
24030.0,Deb,Wagner,United Kingdom,2,1170.0,585.0
24031.0,Tammy,Suri,United Kingdom,2,1170.0,585.0
24051.0,Colleen,Nath,United Kingdom,2,1170.0,585.0
24055.0,Louis,Goel,United Kingdom,2,1170.0,585.0
24065.0,Lori,Gutierrez,United Kingdom,2,1170.0,585.0
24101.0,Kaitlyn,Anderson,United Kingdom,2,1170.0,585.0
24211.0,Sharon,Shan,United Kingdom,2,1170.0,585.0
24697.0,Manuel,Rodriguez,United Kingdom,2,1170.0,585.0
24835.0,Angel,Morgan,United Kingdom,2,1170.0,585.0
25301.0,Raul,Black,United Kingdom,2,1170.0,585.0
25453.0,Drew,She,United Kingdom,2,1170.0,585.0
25500.0,Janelle,Lopez,United Kingdom,2,1170.0,585.0
25576.0,Deborah,She,United Kingdom,2,1170.0,585.0
28364.0,Alison,Nara,France,2,1170.0,585.0
28700.0,Summer,Garcia,Germany,2,1170.0,585.0
18549.0,Sierra,Collins,Canada,4,1169.0,292.25
19396.0,Tammy,Prasad,United States,4,1169.0,292.25
19529.0,Bailey,Parker,United States,4,1169.0,292.25
20111.0,Brittney,Zhu,United States,4,1169.0,292.25
21590.0,Taylor,Gonzales,United States,4,1169.0,292.25
21594.0,Brianna,Moore,United States,3,1169.0,389.6666666666667
21695.0,Ethan,Rodriguez,United States,4,1169.0,292.25
22656.0,Willie,Goel,United Kingdom,4,1169.0,292.25
24100.0,Jenny,He,United Kingdom,4,1169.0,292.25
25572.0,Allen,Gonzalez,United Kingdom,4,1169.0,292.25
25584.0,Dominique,Suri,United Kingdom,4,1169.0,292.25
25603.0,Dawn,Guo,United Kingdom,4,1169.0,292.25
27143.0,Alvin,Deng,France,4,1169.0,292.25
27760.0,Latasha,Bradley,France,4,1169.0,292.25
28741.0,Bruce,Dominguez,Germany,4,1169.0,292.25
11287.0,Henry,Garcia,Canada,62,1165.0,18.79032258064516
20755.0,Alex,Lopez,,3,1164.0,388.0
20887.0,Damien,Li,France,3,1164.0,388.0
20955.0,Dawn,Pal,France,3,1164.0,388.0
22630.0,Roger,Wu,United Kingdom,3,1164.0,388.0
23752.0,Devin,Torres,United Kingdom,3,1164.0,388.0
23762.0,Ruben,Ramos,United Kingdom,3,1164.0,388.0
24050.0,Clarence,Nath,United Kingdom,3,1164.0,388.0
24058.0,Alvin,Lal,United Kingdom,3,1164.0,388.0
24115.0,Gary,Carlson,United Kingdom,3,1164.0,388.0
25447.0,Marshall,Liang,United Kingdom,3,1164.0,388.0
25582.0,Leonard,Luo,United Kingdom,3,1164.0,388.0
26985.0,Jésus,Diaz,Germany,3,1164.0,388.0
27809.0,Arianna,Sanchez,Germany,3,1164.0,388.0
27823.0,Joan,Gao,Germany,3,1164.0,388.0
28521.0,Bradley,Tang,Germany,3,1164.0,388.0
20394.0,Emma,Butler,United States,4,1158.0,289.5
21699.0,Logan,Sharma,United States,4,1158.0,289.5
21932.0,Leonard,Kumar,United States,4,1158.0,289.5
27713.0,Lacey,Zhao,Australia,4,1158.0,289.5
13720.0,Cameron,Johnson,Canada,2,1155.0,577.5
14885.0,Judith,White,Canada,2,1155.0,577.5
18544.0,Riley,Washington,Canada,2,1155.0,577.5
18842.0,James,Gonzalez,Canada,2,1155.0,577.5
18855.0,Robert,Zhang,Canada,2,1155.0,577.5
18859.0,Olivia,Henderson,Canada,2,1155.0,577.5
19198.0,Melissa,Brooks,United States,2,1155.0,577.5
19213.0,Amanda,Simmons,United States,2,1155.0,577.5
19240.0,Theresa,Jimenez,United States,2,1155.0,577.5
19394.0,Henry,Nelson,Canada,2,1155.0,577.5
19395.0,Austin,Zhang,United States,2,1155.0,577.5
19403.0,Morgan,Cook,United States,2,1155.0,577.5
19407.0,Sarah,Perry,United States,2,1155.0,577.5
19533.0,Vanessa,Long,United States,2,1155.0,577.5
19537.0,Michelle,Brooks,United States,2,1155.0,577.5
19538.0,Connor,Hall,United States,2,1155.0,577.5
19679.0,Erick,Rana,United States,2,1155.0,577.5
19682.0,Eric,Kumar,United States,2,1155.0,577.5
19716.0,Logan,Martin,United States,2,1155.0,577.5
19724.0,Bryce,Morris,United States,2,1155.0,577.5
19820.0,Alexandra,Coleman,United States,2,1155.0,577.5
19865.0,Hailey,Butler,United States,2,1155.0,577.5
19867.0,Juan,Sanchez,United States,2,1155.0,577.5
19892.0,Richard,Campbell,United States,2,1155.0,577.5
19981.0,Kelly,Russell,United States,2,1155.0,577.5
19998.0,Laura,Liu,United States,2,1155.0,577.5
20001.0,Jordan,Hill,United States,2,1155.0,577.5
20006.0,Grace,Morris,United States,2,1155.0,577.5
20024.0,Fernando,Miller,United States,2,1155.0,577.5
20030.0,Alexander,Harris,United States,2,1155.0,577.5
20031.0,Devin,James,United States,2,1155.0,577.5
20040.0,Victoria,Rivera,United States,2,1155.0,577.5
20044.0,Jillian,Rana,France,2,1155.0,577.5
20067.0,Destiny,Thompson,United States,2,1155.0,577.5
20072.0,Kaitlyn,Martinez,United States,2,1155.0,577.5
20108.0,Glenn,Gao,United States,2,1155.0,577.5
20109.0,Katelyn,Stewart,United States,2,1155.0,577.5
20192.0,Amber,Campbell,United States,2,1155.0,577.5
20319.0,Dylan,Alexander,United States,2,1155.0,577.5
20320.0,Mindy,Nath,United States,2,1155.0,577.5
20321.0,Colleen,Chen,United States,2,1155.0,577.5
20437.0,Gabriella,Howard,United States,2,1155.0,577.5
20459.0,Maria,Barnes,United States,2,1155.0,577.5
20480.0,Carlos,Cox,United States,2,1155.0,577.5
20525.0,James,Kumar,,2,1155.0,577.5
20647.0,Jared,Bailey,,2,1155.0,577.5
20653.0,Jessica,White,,2,1155.0,577.5
20675.0,Natalie,Martin,,2,1155.0,577.5
20678.0,Martha,Lin,,2,1155.0,577.5
20685.0,Mariah,Powell,,2,1155.0,577.5
20693.0,Zachary,Perry,,2,1155.0,577.5
20701.0,Liz,Anderson,,2,1155.0,577.5
20844.0,Nicolas,Pal,France,2,1155.0,577.5
20855.0,Abigail,Ross,France,2,1155.0,577.5
20858.0,Damien,Stone,France,2,1155.0,577.5
20878.0,Erika,Ortega,France,2,1155.0,577.5
20894.0,Alyssa,Thomas,France,2,1155.0,577.5
20905.0,Jessie,Munoz,France,2,1155.0,577.5
21042.0,Jon,Liang,Germany,2,1155.0,577.5
21047.0,Sheena,Andersen,Germany,2,1155.0,577.5
21141.0,Omar,Li,,2,1155.0,577.5
21143.0,Allison,Campbell,,2,1155.0,577.5
21146.0,Robert,Taylor,,2,1155.0,577.5
21151.0,Aaron,Campbell,,2,1155.0,577.5
21155.0,Jeremiah,Flores,,2,1155.0,577.5
21162.0,Brooke,Sanchez,,2,1155.0,577.5
21253.0,Victoria,Williams,,2,1155.0,577.5
21313.0,Beth,Diaz,,2,1155.0,577.5
21334.0,Mason,Nelson,,2,1155.0,577.5
21342.0,Tonya,Xie,,2,1155.0,577.5
21344.0,Trevor,Perry,,2,1155.0,577.5
21369.0,Sarah,Rodriguez,,2,1155.0,577.5
21410.0,Eric,Zhang,,2,1155.0,577.5
21416.0,Ryan,Butler,,2,1155.0,577.5
21417.0,Gabrielle,Torres,,2,1155.0,577.5
21427.0,Kelly,Foster,,2,1155.0,577.5
21428.0,Jada,Brooks,,2,1155.0,577.5
21478.0,Abigail,Reed,,2,1155.0,577.5
21486.0,Suzanne,Gao,,2,1155.0,577.5
21504.0,Chloe,Torres,United States,2,1155.0,577.5
21584.0,Gavin,Bryant,United States,2,1155.0,577.5
21587.0,Jenna,Roberts,United States,2,1155.0,577.5
21593.0,Marcus,Roberts,United States,2,1155.0,577.5
21596.0,Luke,Wright,United States,2,1155.0,577.5
21606.0,Connor,Roberts,United States,2,1155.0,577.5
21615.0,Grace,Torres,United States,2,1155.0,577.5
21637.0,Richard,Lewis,United States,2,1155.0,577.5
21672.0,Craig,Gomez,Germany,2,1155.0,577.5
21709.0,Katherine,Torres,United States,2,1155.0,577.5
21749.0,Ashley,Williams,United States,2,1155.0,577.5
21785.0,Tabitha,Rodriguez,United States,2,1155.0,577.5
21793.0,Kaylee,Scott,United States,2,1155.0,577.5
21797.0,Kelvin,Gao,United States,2,1155.0,577.5
21808.0,Amanda,Green,United States,2,1155.0,577.5
21812.0,Adrian,Bailey,United States,2,1155.0,577.5
22036.0,Gabriella,Hall,United States,2,1155.0,577.5
22218.0,Christian,Bryant,United States,2,1155.0,577.5
22221.0,Benjamin,Kumar,United States,2,1155.0,577.5
22235.0,Sebastian,Peterson,United States,2,1155.0,577.5
22238.0,Alex,Murphy,United States,2,1155.0,577.5
22614.0,Tommy,Shan,United Kingdom,2,1155.0,577.5
22639.0,Lori,Munoz,United Kingdom,2,1155.0,577.5
22646.0,Cara,She,United Kingdom,2,1155.0,577.5
22671.0,Wyatt,King,United Kingdom,2,1155.0,577.5
22687.0,Javier,Jiménez,United Kingdom,2,1155.0,577.5
23223.0,Angel,Howard,United Kingdom,2,1155.0,577.5
23230.0,Mya,Foster,United Kingdom,2,1155.0,577.5
23750.0,Tanya,Serrano,United Kingdom,2,1155.0,577.5
23751.0,Lacey,Lal,United Kingdom,2,1155.0,577.5
23775.0,Cedric,Shan,United Kingdom,2,1155.0,577.5
23944.0,Jenny,Wu,United Kingdom,2,1155.0,577.5
23984.0,Kelsey,Kennedy,United Kingdom,2,1155.0,577.5
24015.0,Jenna,Hall,United Kingdom,2,1155.0,577.5
24104.0,Robyn,Ortega,United Kingdom,2,1155.0,577.5
24112.0,Mary,Foster,United Kingdom,2,1155.0,577.5
24184.0,Alexandra,Jackson,United Kingdom,2,1155.0,577.5
24187.0,Daisy,Serrano,United Kingdom,2,1155.0,577.5
24192.0,Regina,Prasad,United Kingdom,2,1155.0,577.5
24197.0,Whitney,Mehta,United Kingdom,2,1155.0,577.5
24199.0,Veronica,Prasad,United Kingdom,2,1155.0,577.5
24212.0,Tony,Raje,United Kingdom,2,1155.0,577.5
24689.0,Sandra,Ye,United Kingdom,2,1155.0,577.5
24705.0,Daniel,Shimshoni,United Kingdom,2,1155.0,577.5
25454.0,Terry,She,United Kingdom,2,1155.0,577.5
25465.0,Mariah,Diaz,United Kingdom,2,1155.0,577.5
25501.0,Shawn,Jai,United Kingdom,2,1155.0,577.5
25506.0,Cristina,Raji,United Kingdom,2,1155.0,577.5
25573.0,Rosa,Zhou,United Kingdom,2,1155.0,577.5
25577.0,Elijah,Wright,United Kingdom,2,1155.0,577.5
25578.0,Sabrina,Martin,United Kingdom,2,1155.0,577.5
26986.0,Riley,Watson,Germany,2,1155.0,577.5
26987.0,Roy,Lopez,Germany,2,1155.0,577.5
27126.0,Derek,Sharma,France,2,1155.0,577.5
27128.0,Heather,Cai,France,2,1155.0,577.5
27181.0,Rafael,Deng,France,2,1155.0,577.5
27699.0,Rebecca,Turner,Australia,2,1155.0,577.5
27701.0,Joel,Arthur,Australia,2,1155.0,577.5
27702.0,Darryl,Lu,Australia,2,1155.0,577.5
27714.0,Omar,Pal,Australia,2,1155.0,577.5
27723.0,Ruth,Sullivan,Australia,2,1155.0,577.5
27743.0,Stefanie,Garcia,Australia,2,1155.0,577.5
27761.0,Monica,Madan,Germany,2,1155.0,577.5
27811.0,Darren,Vazquez,Germany,2,1155.0,577.5
28396.0,Rebekah,Munoz,Germany,2,1155.0,577.5
28405.0,Erick,Malhotra,Germany,2,1155.0,577.5
28554.0,Natalie,Sanders,Germany,2,1155.0,577.5
28556.0,Isabel,Gonzales,Germany,2,1155.0,577.5
28701.0,Felicia,Gill,Germany,2,1155.0,577.5
28752.0,Andre,Subram,Germany,2,1155.0,577.5
11215.0,Ana,Perry,Canada,32,1154.0,36.0625
19170.0,Luis,Campbell,United States,4,1151.0,287.75
20291.0,Alexis,Walker,United States,4,1151.0,287.75
20484.0,Gabriella,Morgan,United States,4,1151.0,287.75
20686.0,Lucas,Nelson,,4,1151.0,287.75
21275.0,Abigail,Cox,,4,1151.0,287.75
21704.0,Charles,Martinez,United States,4,1151.0,287.75
25446.0,Kristina,Garcia,United Kingdom,4,1151.0,287.75
25467.0,Troy,Madan,United Kingdom,4,1151.0,287.75
25598.0,Kendra,Ruiz,United Kingdom,4,1151.0,287.75
20092.0,Ethan,Sharma,United States,3,1149.0,383.0
20310.0,Timothy,Ramirez,United States,3,1149.0,383.0
20883.0,Latoya,Rai,France,3,1149.0,383.0
21156.0,Maria,Lopez,,3,1149.0,383.0
21426.0,Jon,Raje,,3,1149.0,383.0
21479.0,Noah,Foster,,3,1149.0,383.0
21485.0,Brandon,Clark,,3,1149.0,383.0
22241.0,Alexandria,Washington,United States,3,1149.0,383.0
22631.0,Theodore,Serrano,United Kingdom,3,1149.0,383.0
22640.0,Caleb,Li,United Kingdom,3,1149.0,383.0
26997.0,Katie,Becker,Germany,3,1149.0,383.0
18617.0,Carlos,Lopez,Canada,3,1147.0,382.3333333333333
19849.0,Jorge,Wu,United States,3,1147.0,382.3333333333333
19999.0,Danielle,Brooks,United States,3,1147.0,382.3333333333333
20463.0,Jasmine,Bryant,United States,3,1147.0,382.3333333333333
20853.0,Jarrod,Rana,France,3,1147.0,382.3333333333333
21153.0,James,Thompson,,3,1147.0,382.3333333333333
21411.0,Maria,Kelly,,3,1147.0,382.3333333333333
21475.0,Cassidy,Alexander,,3,1147.0,382.3333333333333
22229.0,Wyatt,Perry,United States,3,1147.0,382.3333333333333
23779.0,Deanna,Dominguez,United Kingdom,3,1147.0,382.3333333333333
23987.0,Dawn,Sharma,United Kingdom,3,1147.0,382.3333333333333
24186.0,Theodore,Alonso,United Kingdom,3,1147.0,382.3333333333333
25489.0,Brad,Tang,United Kingdom,3,1147.0,382.3333333333333
27183.0,Geoffrey,Garcia,Germany,3,1147.0,382.3333333333333
27715.0,Mya,Ross,Australia,3,1147.0,382.3333333333333
18841.0,Gabriella,Campbell,Canada,2,1145.0,572.5
19413.0,Xavier,Kelly,United States,2,1145.0,572.5
19414.0,Alexis,Ashe,Canada,2,1145.0,572.5
20197.0,Olivia,Johnson,United States,2,1145.0,572.5
20296.0,Morgan,Diaz,United States,2,1145.0,572.5
20785.0,Isabella,Taylor,,2,1145.0,572.5
20934.0,Haley,Young,France,2,1145.0,572.5
21644.0,Sydney,Howard,United States,2,1145.0,572.5
21927.0,Meredith,Browning,United States,2,1145.0,572.5
22061.0,Jenny,Goel,United States,2,1145.0,572.5
26995.0,Caleb,Washington,France,2,1145.0,572.5
27587.0,Cara,Li,Australia,2,1145.0,572.5
28568.0,Daisy,Alonso,Germany,2,1145.0,572.5
19683.0,Marcus,Parker,United States,4,1143.0,285.75
19704.0,Nathan,Collins,Canada,4,1143.0,285.75
19768.0,Christopher,Jackson,United States,4,1143.0,285.75
20005.0,Kevin,Zhang,United States,4,1143.0,285.75
20191.0,Chad,Rai,United States,4,1143.0,285.75
20645.0,Xavier,Stewart,,4,1143.0,285.75
20674.0,Samuel,Butler,,4,1143.0,285.75
27946.0,Katie,Holt,United Kingdom,4,1143.0,285.75
23747.0,Theodore,Romero,United Kingdom,4,1142.0,285.5
13148.0,Tyler,Anderson,Canada,3,1137.0,379.0
19717.0,Edward,Hill,United States,3,1137.0,379.0
21437.0,Whitney,Sara,,4,1136.0,284.0
11330.0,Ryan,Thompson,Canada,57,1134.0,19.894736842105264
19199.0,David,Williams,United States,3,1134.0,378.0
19393.0,Miguel,Anderson,United States,3,1134.0,378.0
19670.0,Erik,Gutierrez,United States,3,1134.0,378.0
20207.0,Angel,Bailey,United States,3,1134.0,378.0
20422.0,Maria,Brooks,United States,3,1134.0,378.0
20436.0,Anna,Barnes,United States,3,1134.0,378.0
20787.0,Bridget,Pal,,3,1134.0,378.0
20936.0,Christy,Cai,France,3,1134.0,378.0
21152.0,Amanda,Hill,,3,1134.0,378.0
21235.0,Stephanie,Hernandez,,3,1134.0,378.0
21660.0,Allison,Watson,United States,3,1134.0,378.0
21937.0,Morgan,Ross,United States,3,1134.0,378.0
22248.0,Gary,Ramos,United States,3,1134.0,378.0
25511.0,Chelsea,Arun,United Kingdom,3,1134.0,378.0
26994.0,Erika,Torres,France,3,1134.0,378.0
27129.0,Mindy,Tang,Germany,3,1134.0,378.0
27796.0,Jarrod,Patel,France,3,1134.0,378.0
28376.0,Eugene,Chen,Germany,3,1134.0,378.0
28555.0,Monique,Serrano,Germany,3,1134.0,378.0
13719.0,Isaac,Carter,Canada,2,1129.0,564.5
19408.0,Taylor,Richardson,United States,2,1129.0,564.5
20029.0,Jan,Evans,United States,2,1129.0,564.5
21281.0,Andrea,Hill,,2,1129.0,564.5
21482.0,Haley,Flores,,2,1129.0,564.5
23924.0,Amber,Wright,United Kingdom,2,1129.0,564.5
11262.0,Jennifer,Simmons,Canada,63,1124.0,17.841269841269842
18571.0,Cameron,Kumar,Canada,1,1120.0,1120.0
18641.0,Cameron,Garcia,Canada,1,1120.0,1120.0
19118.0,Ian,Thomas,Canada,1,1120.0,1120.0
19159.0,Richard,Gonzalez,United States,1,1120.0,1120.0
19167.0,Caitlin,Morgan,United States,1,1120.0,1120.0
19201.0,Charles,Brooks,United States,1,1120.0,1120.0
19211.0,Anna,Lee,United States,1,1120.0,1120.0
19410.0,Chloe,Adams,United States,1,1120.0,1120.0
19530.0,Lisa,Liang,United States,1,1120.0,1120.0
19536.0,Brooke,Cooper,Canada,1,1120.0,1120.0
19539.0,Latoya,Raji,United States,1,1120.0,1120.0
19678.0,Martin,Rodriguez,United States,1,1120.0,1120.0
19983.0,Michael,Martinez,United States,1,1120.0,1120.0
20032.0,Marcus,Walker,United States,1,1120.0,1120.0
20068.0,Alexandria,Peterson,United States,1,1120.0,1120.0
20097.0,Brittany,Griffin,United States,1,1120.0,1120.0
20110.0,Austin,Perry,United States,1,1120.0,1120.0
20193.0,Alyssa,Gray,United States,1,1120.0,1120.0
20196.0,Cameron,Perry,United States,1,1120.0,1120.0
20374.0,Fernando,Adams,United States,1,1120.0,1120.0
20400.0,Sydney,Henderson,United States,1,1120.0,1120.0
20735.0,Caitlin,Cooper,,1,1120.0,1120.0
20767.0,Rachel,Thomas,,1,1120.0,1120.0
20857.0,Jerry,Becker,France,1,1120.0,1120.0
20877.0,Richard,Ross,France,1,1120.0,1120.0
20895.0,Ruben,Jimenez,France,1,1120.0,1120.0
20901.0,Chad,Xu,France,1,1120.0,1120.0
20926.0,Jeffery,Guo,France,1,1120.0,1120.0
20966.0,Virginia,Madan,France,1,1120.0,1120.0
21051.0,Sabrina,Alonso,Germany,1,1120.0,1120.0
21052.0,Sheena,Xu,Germany,1,1120.0,1120.0
21264.0,Caleb,Butler,,1,1120.0,1120.0
21282.0,Julia,Smith,,1,1120.0,1120.0
21300.0,Kaylee,Morgan,,1,1120.0,1120.0
21310.0,Mariah,Hayes,,1,1120.0,1120.0
21323.0,Robert,Jackson,,1,1120.0,1120.0
21327.0,Connor,Washington,,1,1120.0,1120.0
21330.0,Isabella,Clark,,1,1120.0,1120.0
21484.0,Abigail,Coleman,,1,1120.0,1120.0
21586.0,Stephanie,Foster,United States,1,1120.0,1120.0
21598.0,Chloe,Perez,United States,1,1120.0,1120.0
21607.0,Bryce,Torres,United States,1,1120.0,1120.0
21641.0,Kaylee,Perez,United States,1,1120.0,1120.0
21788.0,Spencer,Barnes,United States,1,1120.0,1120.0
21807.0,Amanda,Campbell,United States,1,1120.0,1120.0
21919.0,Melissa,Howard,United States,1,1120.0,1120.0
21922.0,Bailey,Ward,United States,1,1120.0,1120.0
21923.0,Justin,Williams,United States,1,1120.0,1120.0
21924.0,Eduardo,Cook,United States,1,1120.0,1120.0
21931.0,Marcus,Wood,United States,1,1120.0,1120.0
22062.0,Cameron,Flores,United States,1,1120.0,1120.0
22140.0,Makayla,Sanchez,United States,1,1120.0,1120.0
22643.0,Brenda,Suri,United Kingdom,1,1120.0,1120.0
22669.0,Lindsay,Raji,United Kingdom,1,1120.0,1120.0
23232.0,Frank,Serrano,United Kingdom,1,1120.0,1120.0
23907.0,Hector,Navarro,United Kingdom,1,1120.0,1120.0
23938.0,Harold,Madan,United Kingdom,1,1120.0,1120.0
23940.0,Dominic,Perez,United Kingdom,1,1120.0,1120.0
24019.0,Barbara,Raji,United Kingdom,1,1120.0,1120.0
24200.0,Grant,Jai,United Kingdom,1,1120.0,1120.0
24202.0,Tamara,Black,United Kingdom,1,1120.0,1120.0
24712.0,Carly,Kumar,United Kingdom,1,1120.0,1120.0
25308.0,Lindsey,Tang,United Kingdom,1,1120.0,1120.0
25480.0,Miguel,Thomas,United Kingdom,1,1120.0,1120.0
25488.0,Dawn,Ye,United Kingdom,1,1120.0,1120.0
25553.0,Brett,Srini,United Kingdom,1,1120.0,1120.0
27127.0,Misty,Black,Germany,1,1120.0,1120.0
27586.0,Jenny,She,Australia,1,1120.0,1120.0
27695.0,Leslie,Blanco,Australia,1,1120.0,1120.0
27697.0,Melvin,Nath,Australia,1,1120.0,1120.0
27775.0,Nina,Shen,Germany,1,1120.0,1120.0
27797.0,Melvin,Deng,Germany,1,1120.0,1120.0
27800.0,Regina,Suri,United Kingdom,1,1120.0,1120.0
27928.0,Dianne,Slattengren,United Kingdom,1,1120.0,1120.0
11711.0,Daniel,Davis,Canada,55,1104.0,20.072727272727274
11502.0,Jared,Peterson,Canada,43,1025.0,23.837209302325583
11566.0,April,Shan,France,58,1002.0,17.275862068965516
11632.0,Alexandra,Jenkins,Canada,34,1001.0,29.441176470588236
26316.0,Stephanie,Hughes,Canada,1,1000.0,1000.0
26482.0,Sydney,Hill,Canada,1,1000.0,1000.0
26496.0,Cassidy,Griffin,Canada,1,1000.0,1000.0
26503.0,Jeremiah,Townsend,Canada,1,1000.0,1000.0
26504.0,Jennifer,Robinson,Canada,1,1000.0,1000.0
26512.0,Christina,Cooper,Canada,1,1000.0,1000.0
26572.0,Jessica,Russell,Canada,1,1000.0,1000.0
26582.0,Fernando,Moore,Canada,1,1000.0,1000.0
26615.0,David,Powell,Canada,1,1000.0,1000.0
11276.0,Nancy,Chapman,Canada,57,987.0,17.31578947368421
11142.0,Eduardo,Patterson,Canada,36,979.0,27.194444444444443
22519.0,Logan,Hughes,Germany,4,921.0,230.25
11078.0,Gina,Martin,Canada,31,912.0,29.419354838709676
18943.0,Kaitlyn,Hall,United States,3,903.0,301.0
14745.0,Luke,Hall,Canada,4,902.0,225.5
27825.0,Christy,Zimmerman,Germany,2,901.0,450.5
28113.0,Amanda,Powell,Australia,2,901.0,450.5
28688.0,Margaret,Ye,Germany,2,901.0,450.5
14387.0,Brittany,Hughes,Canada,4,898.0,224.5
18954.0,Dalton,Young,United States,3,893.0,297.6666666666667
14877.0,Steven,Brooks,Canada,3,889.0,296.3333333333333
15291.0,Julia,Alexander,Canada,3,889.0,296.3333333333333
18942.0,Billy,Ortega,United States,6,889.0,148.16666666666666
11019.0,Luke,Lal,Canada,33,880.0,26.666666666666668
11501.0,Brandy,Chandra,Canada,33,871.0,26.393939393939394
14911.0,Shelby,Watson,Canada,4,868.0,217.0
27808.0,Christopher,Clark,France,5,866.0,173.2
15283.0,Eugene,Li,Canada,4,865.0,216.25
28111.0,Jon,Zhang,Australia,5,865.0,173.0
11513.0,Alyssa,Howard,Canada,5,863.0,172.6
29462.0,Clinton,Hernandez,Australia,5,855.0,171.0
14578.0,Jonathan,Carter,Canada,3,848.0,282.6666666666667
14631.0,Logan,Flores,Canada,3,848.0,282.6666666666667
14871.0,Timothy,Hill,Canada,3,848.0,282.6666666666667
15334.0,Sydney,Williams,Canada,3,848.0,282.6666666666667
18956.0,Sara,Howard,United States,3,848.0,282.6666666666667
15530.0,Madison,Johnson,Canada,3,846.0,282.0
11505.0,Jasmine,Powell,Canada,36,845.0,23.47222222222222
28110.0,Cassandra,Sai,Australia,5,845.0,169.0
14078.0,Ryan,Alexander,Canada,2,839.0,419.5
14108.0,Thomas,Yang,Canada,2,839.0,419.5
14867.0,Lauren,Richardson,Canada,2,839.0,419.5
14875.0,Alyssa,Foster,Canada,2,839.0,419.5
14893.0,Gabrielle,Diaz,Canada,2,839.0,419.5
14900.0,Rachel,Lewis,Canada,2,839.0,419.5
14910.0,Caitlin,Murphy,Canada,2,839.0,419.5
18924.0,Rachel,Williams,United States,2,839.0,419.5
18936.0,Morgan,Collins,United States,2,839.0,419.5
24275.0,Lucas,Rivera,United States,3,831.0,277.0
28479.0,Marvin,Gomez,Australia,3,831.0,277.0
14338.0,Natalie,Taylor,Canada,5,828.0,165.6
21666.0,Leslie,Jimenez,Germany,3,828.0,276.0
22444.0,Colin,Xie,Germany,3,828.0,276.0
27166.0,Trisha,Ye,France,3,827.0,275.6666666666667
27766.0,Joel,Vance,Germany,3,827.0,275.6666666666667
28505.0,Barbara,Xie,Germany,3,827.0,275.6666666666667
11212.0,Chloe,Campbell,Canada,33,824.0,24.96969696969697
11520.0,Jada,Morgan,Canada,32,822.0,25.6875
14107.0,Alexandra,Garcia,Canada,4,819.0,204.75
14110.0,Dakota,Simmons,Canada,4,819.0,204.75
21087.0,Rebecca,Scott,Germany,2,819.0,409.5
21108.0,Kristine,Martin,Germany,2,819.0,409.5
21667.0,Crystal,Zhang,Germany,2,819.0,409.5
22619.0,Robin,Hernandez,Germany,2,819.0,409.5
23616.0,Karen,Roberts,Germany,2,819.0,409.5
29064.0,Jose,Butler,Australia,5,815.0,163.0
28493.0,Morgan,Wilson,Germany,6,814.0,135.66666666666666
14640.0,Mackenzie,Adams,Canada,4,812.0,203.0
27124.0,Raymond,Kovar,France,4,811.0,202.75
27895.0,Colin,Pal,France,4,811.0,202.75
28513.0,Molly,Fernandez,Germany,4,811.0,202.75
29381.0,Melvin,Shen,Germany,4,811.0,202.75
29458.0,Danny,Moreno,Australia,4,811.0,202.75
26856.0,Jessica,Brooks,France,4,810.0,202.5
28107.0,Tara,Simpson,Australia,4,810.0,202.5
29087.0,Steve,Ye,Australia,4,810.0,202.5
14330.0,Matthew,Harris,Canada,4,806.0,201.5
18948.0,Sydney,Bailey,United States,4,806.0,201.5
21107.0,Kaitlin,Rodriguez,Germany,4,806.0,201.5
22523.0,Jon,Xu,Germany,4,806.0,201.5
22617.0,Andres,Nath,Germany,4,806.0,201.5
23619.0,Ricardo,Tang,Germany,4,806.0,201.5
28487.0,Gerald,Gill,Australia,3,805.0,268.3333333333333
29086.0,Frank,Diaz,Australia,3,805.0,268.3333333333333
29459.0,Marco,Malhotra,Australia,3,805.0,268.3333333333333
12020.0,Olivia,Rogers,Canada,3,804.0,268.0
14496.0,Cindy,Stewart,Canada,2,804.0,402.0
14497.0,Allison,Scott,Canada,2,804.0,402.0
14874.0,Nicole,Sanchez,Canada,2,804.0,402.0
15323.0,Eduardo,Wilson,Canada,3,804.0,268.0
18923.0,Cassandra,Kapoor,United States,2,804.0,402.0
18947.0,Devin,Bryant,United States,2,804.0,402.0
22307.0,Sarah,Ross,Germany,3,804.0,268.0
22509.0,Lacey,Nara,Germany,3,804.0,268.0
18949.0,Jackson,Hall,United States,3,801.0,267.0
25344.0,Thomas,Baker,United States,3,801.0,267.0
29063.0,Alan,Liang,Australia,3,801.0,267.0
29342.0,Cassie,Anand,Australia,3,801.0,267.0
11203.0,Luis,Diaz,Canada,32,800.0,25.0
26903.0,Rafael,Luo,France,4,800.0,200.0
28686.0,Sheena,Jai,Germany,5,800.0,160.0
21681.0,Casey,Ortega,Germany,3,799.0,266.3333333333333
22450.0,Audrey,Alvarez,Germany,2,799.0,399.5
22508.0,Jon,Huang,Germany,2,799.0,399.5
29094.0,Jessie,He,Australia,2,796.0,398.0
21102.0,Willie,Zheng,Germany,4,793.0,198.25
22447.0,Tara,Shan,Germany,3,793.0,264.3333333333333
11211.0,Samantha,Russell,Canada,33,792.0,24.0
19207.0,Jeremiah,Turner,Canada,4,791.0,197.75
21817.0,Jerome,Carlson,United Kingdom,2,791.0,395.5
24492.0,Devin,Lopez,United States,4,791.0,197.75
24648.0,Amanda,King,United States,4,791.0,197.75
24753.0,Eduardo,Jenkins,United States,4,791.0,197.75
26976.0,Erik,Serrano,France,4,791.0,197.75
27142.0,Lindsay,Andersen,France,4,791.0,197.75
27159.0,Veronica,Rodriguez,France,4,791.0,197.75
27846.0,Albert,Rubio,France,4,791.0,197.75
27882.0,Franklin,Hu,Germany,4,791.0,197.75
28368.0,Fernando,Butler,France,4,791.0,197.75
29465.0,Roy,Gill,Australia,4,791.0,197.75
25743.0,Alvin,Liu,France,3,786.0,262.0
26853.0,Shane,Rana,France,3,786.0,262.0
26953.0,Roy,Rubio,France,3,786.0,262.0
27122.0,Ernest,Liang,France,3,786.0,262.0
27824.0,Michele,Moreno,France,3,786.0,262.0
27908.0,Adriana,Sanchez,Germany,3,786.0,262.0
28382.0,Roberto,Ortega,Germany,3,786.0,262.0
28489.0,Jeffery,Zhu,Germany,3,786.0,262.0
28501.0,Gerald,Perez,Germany,3,786.0,262.0
27763.0,Stephanie,Wright,France,4,785.0,196.25
27027.0,Jennifer,White,Canada,1,783.0,783.0
27043.0,Dalton,Murphy,Canada,1,783.0,783.0
27053.0,Steven,Cook,Canada,1,783.0,783.0
27060.0,Lucas,Coleman,Canada,1,783.0,783.0
27062.0,Edward,Harris,Canada,1,783.0,783.0
27071.0,Anthony,Clark,Canada,1,783.0,783.0
27082.0,Zachary,Taylor,Canada,1,783.0,783.0
27084.0,Fernando,Russell,Canada,1,783.0,783.0
27085.0,Christian,Wilson,Canada,1,783.0,783.0
27099.0,Zachary,Williams,Canada,1,783.0,783.0
27101.0,Eduardo,Bell,Canada,1,783.0,783.0
27102.0,Katherine,Miller,Canada,1,783.0,783.0
27242.0,Hunter,Diaz,Canada,1,783.0,783.0
27252.0,Andrea,Stewart,Canada,1,783.0,783.0
27253.0,Connor,Jai,Canada,1,783.0,783.0
27259.0,Angela,Diaz,Canada,1,783.0,783.0
27265.0,Isabella,Thomas,Canada,1,783.0,783.0
27267.0,Emily,Davis,Canada,1,783.0,783.0
27270.0,Connor,Collins,Canada,1,783.0,783.0
27285.0,Zachary,Jones,Canada,1,783.0,783.0
27297.0,Ashley,Coleman,Canada,1,783.0,783.0
27298.0,Jennifer,Coleman,Canada,1,783.0,783.0
27404.0,Maria,Mitchell,Canada,1,783.0,783.0
27429.0,Stephanie,Ward,Canada,1,783.0,783.0
27536.0,Victoria,Wilson,Canada,1,783.0,783.0
27545.0,Lucas,Garcia,Canada,1,783.0,783.0
27550.0,Marcus,Blue,Canada,1,783.0,783.0
27557.0,Richard,Thomas,Canada,1,783.0,783.0
27560.0,Grace,Patterson,Canada,1,783.0,783.0
27602.0,Wyatt,Campbell,Canada,1,783.0,783.0
27613.0,Alexia,Washington,Canada,1,783.0,783.0
25365.0,Gabrielle,Perry,United States,4,780.0,195.0
27777.0,Jarred,Martin,Germany,4,778.0,194.5
27883.0,Marc,Hernandez,Germany,4,778.0,194.5
28109.0,Leonard,Tang,Australia,4,778.0,194.5
28481.0,Kristine,Moreno,Australia,4,778.0,194.5
28484.0,Harold,Raman,Australia,4,778.0,194.5
28490.0,Krista,Ramos,Germany,4,778.0,194.5
28499.0,Lydia,Srini,Germany,4,778.0,194.5
28726.0,Kelli,Liang,Germany,4,778.0,194.5
29090.0,Lacey,Ye,Australia,4,778.0,194.5
29365.0,Cheryl,Carlson,Germany,4,778.0,194.5
18953.0,Mya,Patterson,United States,2,777.0,388.5
24957.0,Anna,Howard,United States,2,777.0,388.5
25081.0,Melanie,Morris,United States,2,777.0,388.5
25722.0,Noah,Mitchell,France,2,777.0,388.5
25723.0,Kate,Nara,France,2,777.0,388.5
26224.0,Henry,Gonzalez,France,2,777.0,388.5
26357.0,Sergio,Gonzalez,France,2,777.0,388.5
26902.0,Clifford,Mehta,France,2,777.0,388.5
26939.0,Craig,Diaz,France,2,777.0,388.5
26941.0,Gerald,Vazquez,France,2,777.0,388.5
26945.0,Katelyn,Hill,France,2,777.0,388.5
26950.0,Dominic,Suri,France,2,777.0,388.5
27005.0,Susan,Lin,France,2,777.0,388.5
27118.0,Tina,Kapoor,France,2,777.0,388.5
27123.0,Jaclyn,Xie,France,2,777.0,388.5
27133.0,Phillip,Arun,France,2,777.0,388.5
27134.0,Glenn,Chen,France,2,777.0,388.5
27138.0,Veronica,Sara,France,2,777.0,388.5
27771.0,Terrance,Subram,France,2,777.0,388.5
27773.0,Alan,Li,France,2,777.0,388.5
27780.0,Christy,Andersen,France,2,777.0,388.5
27791.0,Shawna,Deng,Germany,2,777.0,388.5
27801.0,Kaitlyn,Cooper,Germany,2,777.0,388.5
27859.0,Danny,Carlson,Germany,2,777.0,388.5
27881.0,Raul,Nath,France,2,777.0,388.5
27899.0,Mandy,Xu,France,2,777.0,388.5
27900.0,Toni,Prasad,Germany,2,777.0,388.5
28369.0,Carolyn,Moreno,Germany,2,777.0,388.5
28400.0,Cedric,Anand,Germany,2,777.0,388.5
28482.0,Jaime,She,Australia,2,777.0,388.5
28500.0,Jermaine,Gonzalez,Germany,2,777.0,388.5
28502.0,Dominique,Jordan,Germany,2,777.0,388.5
28507.0,Deanna,Suri,Germany,2,777.0,388.5
28509.0,Audrey,Diaz,Germany,2,777.0,388.5
28684.0,Kristi,Saunders,Germany,2,777.0,388.5
28691.0,Alejandro,Andersen,Germany,2,777.0,388.5
28699.0,Leah,Lu,Germany,2,777.0,388.5
28705.0,Ashley,Powell,Germany,2,777.0,388.5
29065.0,Pamela,Rodriguez,Australia,2,777.0,388.5
29080.0,Yolanda,Nara,Australia,2,777.0,388.5
29085.0,Brad,Goel,Australia,2,777.0,388.5
29095.0,Jaime,Jimenez,Australia,2,777.0,388.5
29362.0,Emmanuel,Chandra,Germany,2,777.0,388.5
29363.0,Cristina,Jai,Germany,2,777.0,388.5
29371.0,Matthew,Walker,Germany,2,777.0,388.5
29461.0,Colin,Xu,Australia,2,777.0,388.5
26965.0,Jordan,Nelson,France,3,776.0,258.6666666666667
27764.0,Jaclyn,Becker,France,3,776.0,258.6666666666667
27767.0,Brandy,Arun,Germany,3,776.0,258.6666666666667
27769.0,Marie,Madan,France,3,776.0,258.6666666666667
28421.0,Monica,Gonzalez,Germany,3,776.0,258.6666666666667
28486.0,Rebekah,Chandra,Australia,3,776.0,258.6666666666667
28497.0,Alvin,Yang,Germany,3,776.0,258.6666666666667
28744.0,Jenny,Xu,Germany,3,776.0,258.6666666666667
28706.0,Reginald,Ashe,Germany,3,773.0,257.6666666666667
27774.0,Marc,Munoz,Germany,2,771.0,385.5
12031.0,Logan,Jai,Canada,1,769.0,769.0
14416.0,Madison,Flores,Canada,1,769.0,769.0
26975.0,Janet,Ward,France,4,765.0,191.25
28483.0,Tara,Raje,Australia,4,765.0,191.25
28698.0,Kristina,Madan,Germany,4,765.0,191.25
29055.0,Monica,Sai,Australia,4,765.0,191.25
29456.0,Lindsay,She,Australia,4,765.0,191.25
11519.0,Jerome,Navarro,Canada,36,756.0,21.0
19657.0,Emily,Griffin,United States,5,756.0,151.2
24752.0,Cameron,Jackson,United States,3,756.0,252.0
25752.0,Christy,McDonald,France,3,756.0,252.0
27170.0,Douglas,Sara,France,3,756.0,252.0
27884.0,Jill,Alonso,Germany,3,756.0,252.0
29069.0,Clarence,Lin,Australia,3,756.0,252.0
29088.0,Tamara,Anand,Australia,3,756.0,252.0
29091.0,Mallory,Hernandez,Australia,3,756.0,252.0
29375.0,Sergio,Malhotra,Germany,3,756.0,252.0
29457.0,Cynthia,Kapoor,Australia,3,756.0,252.0
29464.0,Eugene,Gao,Australia,3,756.0,252.0
24447.0,Cody,Morgan,United States,2,751.0,375.5
24956.0,Ariana,Ward,United States,2,751.0,375.5
25362.0,Makayla,Bailey,United States,2,751.0,375.5
25364.0,Isaac,Rogers,United States,2,751.0,375.5
26952.0,Mircea,Singer,France,2,751.0,375.5
26964.0,Kelli,Tang,France,2,751.0,375.5
27770.0,Autumn,Zhao,Germany,2,751.0,375.5
27776.0,Audrey,Gomez,France,2,751.0,375.5
27784.0,Shane,Arun,France,2,751.0,375.5
27792.0,Jacquelyn,Alonso,Germany,2,751.0,375.5
27845.0,Angel,Wright,France,2,751.0,375.5
27898.0,Trinity,Bell,France,2,751.0,375.5
28108.0,Roger,Yang,Australia,2,751.0,375.5
28388.0,Sheila,Rowe,Germany,2,751.0,375.5
28434.0,Brian,Lauer,Germany,2,751.0,375.5
28485.0,Bianca,Wu,Australia,2,751.0,375.5
28494.0,Ross,Martinez,Germany,2,751.0,375.5
28528.0,Tasha,Chande,Germany,2,751.0,375.5
28531.0,Jared,Reed,Germany,2,751.0,375.5
28548.0,Krista,Ortega,Germany,2,751.0,375.5
29054.0,Abby,Kapoor,Australia,2,751.0,375.5
29068.0,Cassandra,Madan,Australia,2,751.0,375.5
29455.0,Dawn,Zeng,Australia,2,751.0,375.5
29460.0,Andres,Chander,Australia,2,751.0,375.5
29463.0,Lucas,Gonzales,Australia,2,751.0,375.5
25856.0,Benjamin,Sharma,United States,2,750.0,375.0
27006.0,Shane,Madan,France,2,750.0,375.0
27854.0,Marc,Rubio,France,2,750.0,375.0
27897.0,Robin,Munoz,Germany,2,750.0,375.0
28472.0,Kellie,Ramos,Germany,2,750.0,375.0
28518.0,Tammy,Sanchez,Germany,2,750.0,375.0
11506.0,Nicholas,Brown,Canada,36,748.0,20.77777777777778
24955.0,Donald,Perez,United States,1,742.0,742.0
25749.0,Ashlee,Moyer,France,1,742.0,742.0
25759.0,Savannah,Kelly,France,1,742.0,742.0
26225.0,Sergio,Srini,France,1,742.0,742.0
27765.0,Jerry,Tang,Germany,1,742.0,742.0
27768.0,Deanna,Madan,France,1,742.0,742.0
28383.0,Lacey,Zhou,Germany,1,742.0,742.0
28480.0,Arthur,Vazquez,Australia,1,742.0,742.0
28488.0,Reginald,Travers,Australia,1,742.0,742.0
29062.0,Dennis,Liu,Australia,1,742.0,742.0
29081.0,Darren,Lopez,Australia,1,742.0,742.0
29082.0,Sabrina,Ramos,Australia,1,742.0,742.0
29084.0,Beth,Hernandez,Australia,1,742.0,742.0
29374.0,Shane,Sai,Germany,1,742.0,742.0
29452.0,Meredith,Romero,Australia,1,742.0,742.0
29453.0,Victor,Vazquez,Australia,1,742.0,742.0
29454.0,Victoria,Bradley,Australia,1,742.0,742.0
19698.0,Stephanie,Barnes,United States,4,726.0,181.5
22266.0,Rachel,Sanders,United States,4,724.0,181.0
22753.0,Hailey,Morgan,United States,4,724.0,181.0
23815.0,Julia,Ward,United States,4,724.0,181.0
22778.0,Monique,Dominguez,United States,4,722.0,180.5
22780.0,Jennifer,Rogers,United States,4,722.0,180.5
23443.0,Elijah,Jai,France,4,722.0,180.5
23833.0,Kevin,Gonzales,United States,4,722.0,180.5
23847.0,Chad,Sharma,United States,4,722.0,180.5
26938.0,Maurice,Shen,United Kingdom,4,722.0,180.5
15913.0,Antonio,Hughes,Canada,4,712.0,178.0
20728.0,Cedric,Chande,France,4,709.0,177.25
11631.0,Antonio,Bennett,Canada,33,706.0,21.393939393939394
15900.0,Wyatt,Roberts,Canada,4,700.0,175.0
19024.0,Dalton,Russell,United States,4,700.0,175.0
26620.0,Isabella,Green,Canada,1,699.0,699.0
26629.0,Miranda,Price,Canada,1,699.0,699.0
26630.0,Vanessa,Powell,Canada,1,699.0,699.0
26643.0,Benjamin,Miller,Canada,1,699.0,699.0
26782.0,Seth,Lewis,Canada,1,699.0,699.0
26789.0,Chase,Morris,Canada,1,699.0,699.0
27026.0,Jonathan,Perry,Canada,1,699.0,699.0
11253.0,José,Hernandez,Canada,30,695.0,23.166666666666668
20046.0,Peter,She,France,8,692.0,86.5
23832.0,Alexandra,Ramirez,United States,5,687.0,137.4
23169.0,Corey,Andersen,United States,4,685.0,171.25
23961.0,Karen,Huang,Germany,4,685.0,171.25
19749.0,Natalie,Jackson,United States,5,683.0,136.6
19689.0,Elizabeth,Gonzales,United States,5,681.0,136.2
23160.0,Aimee,Huang,United States,4,674.0,168.5
23871.0,Bailey,Richardson,United States,4,674.0,168.5
16067.0,Maria,Butler,United States,6,665.0,110.83333333333333
19130.0,Madeline,Baker,United States,5,665.0,133.0
19736.0,Rachel,Kelly,United States,5,664.0,132.8
23958.0,Amy,Lin,France,6,663.0,110.5
25525.0,Heidi,Srini,Germany,6,663.0,110.5
25726.0,Brendan,Deng,United Kingdom,6,663.0,110.5
19719.0,Hunter,Baker,United States,5,660.0,132.0
18916.0,Christian,Moore,United States,5,659.0,131.8
23841.0,Sydney,Phillips,United States,6,659.0,109.83333333333333
19121.0,Kaitlyn,Blue,United States,5,657.0,131.4
16139.0,Jacqueline,Alexander,United States,5,655.0,131.0
24098.0,Olivia,Howard,Germany,5,655.0,131.0
22678.0,Sydney,Lee,Germany,3,654.0,218.0
11500.0,Sarah,Simmons,Canada,30,653.0,21.766666666666666
11507.0,Isabella,Russell,Canada,31,651.0,21.0
16110.0,Brandon,Long,Canada,3,651.0,217.0
22294.0,Rachel,Brown,United States,5,650.0,130.0
23460.0,Javier,Ramos,United States,4,649.0,162.25
27892.0,Isabella,Foster,United Kingdom,4,649.0,162.25
28313.0,Brett,Perez,Australia,6,648.0,108.0
16210.0,Olivia,Cooper,United States,5,646.0,129.2
19128.0,Madison,Jackson,United States,5,643.0,128.6
22392.0,Bailey,Gray,France,5,643.0,128.6
27744.0,Gilbert,Pal,Australia,5,643.0,128.6
19845.0,Fernando,Hernandez,United States,5,640.0,128.0
23233.0,Bradley,Sharma,Germany,5,640.0,128.0
16151.0,Chloe,Sanchez,United States,5,639.0,127.8
19129.0,Carson,Simmons,United States,5,639.0,127.8
19730.0,Ricardo,Black,United States,5,639.0,127.8
21488.0,Madison,Henderson,,5,639.0,127.8
21673.0,Jésus,Gill,France,5,639.0,127.8
23185.0,Fernando,Edwards,United States,5,639.0,127.8
23195.0,Xavier,Mohamed,United States,5,639.0,127.8
23821.0,Jordan,Lal,United States,5,639.0,127.8
25732.0,Joanna,Sanz,United Kingdom,5,639.0,127.8
28370.0,Eddie,Gutierrez,United Kingdom,5,639.0,127.8
28880.0,Felicia,Moyer,United Kingdom,4,638.0,159.5
19013.0,Amanda,Phillips,United States,4,636.0,159.0
16108.0,Bryce,Howard,United States,4,634.0,158.5
19165.0,Miranda,Russell,United States,4,634.0,158.5
11619.0,Sierra,Young,Canada,29,633.0,21.82758620689655
20077.0,Aidan,Coleman,United States,5,633.0,126.6
23453.0,Maurice,Deng,United States,5,632.0,126.4
16123.0,Natalie,Patterson,Canada,3,630.0,210.0
16150.0,Nicole,Thompson,United States,3,630.0,210.0
19164.0,Danielle,Morgan,United States,4,630.0,157.5
21019.0,Monica,Prasad,France,4,630.0,157.5
19824.0,Jordan,Perry,United States,5,629.0,125.8
20078.0,Jose,Lee,United States,3,629.0,209.66666666666666
21021.0,Gary,Serrano,France,4,629.0,157.25
21671.0,Nicolas,Jai,France,4,629.0,157.25
22675.0,Alexandra,Winston,France,4,629.0,157.25
23214.0,Kaylee,James,United States,3,629.0,209.66666666666666
23582.0,Stephanie,Simmons,United States,4,629.0,157.25
23873.0,Nicole,Miller,United States,4,629.0,157.25
24056.0,Tamara,Lin,France,4,629.0,157.25
25522.0,Casey,Anand,Germany,4,629.0,157.25
25757.0,Jeffery,Wu,United Kingdom,4,629.0,157.25
27709.0,Clifford,Lopez,Australia,3,629.0,209.66666666666666
27746.0,Dale,Raje,Australia,4,629.0,157.25
29098.0,Jimmy,Gill,Australia,3,629.0,209.66666666666666
29356.0,Casey,Diaz,Germany,4,629.0,157.25
23723.0,Jose,Phillips,United States,5,628.0,125.6
29041.0,Charles,Collins,Canada,5,628.0,125.6
21054.0,Keith,Jai,France,3,626.0,208.66666666666666
20749.0,Joan,Morgan,,3,625.0,208.33333333333334
22115.0,Dalton,Rogers,United States,3,625.0,208.33333333333334
23404.0,Amanda,Peterson,United States,3,625.0,208.33333333333334
24311.0,Geoffrey,Patel,United States,3,625.0,208.33333333333334
24850.0,Emmanuel,Perez,Germany,3,625.0,208.33333333333334
26947.0,Suzanne,Ma,United Kingdom,3,625.0,208.33333333333334
29001.0,Carl,Nath,Canada,3,625.0,208.33333333333334
17664.0,Devin,Robinson,United States,5,624.0,124.8
17669.0,Olivia,Rivera,United States,5,624.0,124.8
22224.0,Katherine,Alexander,United States,5,624.0,124.8
23036.0,Caleb,Green,United States,5,624.0,124.8
23855.0,Carlos,Watson,United States,4,624.0,156.0
23870.0,Elijah,Henderson,United States,5,624.0,124.8
19737.0,Erin,Ramirez,United States,3,622.0,207.33333333333334
22680.0,Lee,Suarez,Germany,4,621.0,155.25
22787.0,Andrea,Sanchez,United States,4,620.0,155.0
16127.0,Amanda,Edwards,United States,4,619.0,154.75
16230.0,Craig,Blanco,United States,2,619.0,309.5
18960.0,Marcus,Johnson,United States,2,619.0,309.5
19142.0,Dalton,Washington,United States,2,619.0,309.5
19412.0,Jaime,Chander,United States,4,619.0,154.75
19995.0,Jordyn,Gonzales,United States,2,619.0,309.5
26937.0,Audrey,Navarro,United Kingdom,4,619.0,154.75
28212.0,Melody,Hernandez,Australia,4,619.0,154.75
16215.0,Thomas,Turner,United States,5,618.0,123.6
19706.0,Benjamin,Diaz,United States,5,618.0,123.6
21611.0,Ethan,Wilson,United States,4,618.0,154.5
22072.0,Devin,Russell,United States,4,618.0,154.5
22316.0,Deanna,Sara,France,4,618.0,154.5
23066.0,Austin,Lal,United States,4,618.0,154.5
23213.0,Noah,Green,United States,4,618.0,154.5
23238.0,Thomas,Lee,United States,4,618.0,154.5
23270.0,Anna,Anderson,United States,4,618.0,154.5
27137.0,Cindy,Lopez,United Kingdom,4,618.0,154.5
27711.0,Barbara,Tang,Australia,4,618.0,154.5
27745.0,Levi,Sanchez,Australia,4,618.0,154.5
28116.0,Sabrina,Dominguez,Australia,4,618.0,154.5
28436.0,Derrick,Carlson,United Kingdom,4,618.0,154.5
18475.0,Natalie,Brown,United States,5,617.0,123.4
18476.0,Brooke,Rogers,United States,5,617.0,123.4
21059.0,Misty,Chande,France,5,617.0,123.4
22438.0,Casey,Jiménez,France,5,617.0,123.4
22480.0,Abby,Gonzalez,France,5,617.0,123.4
23156.0,Samantha,Barnes,United States,5,617.0,123.4
23505.0,Connor,Sharma,United States,5,617.0,123.4
24333.0,Ann,Prasad,United States,5,617.0,123.4
27008.0,Oscar,Blue,United Kingdom,5,617.0,123.4
12032.0,Tyler,Taylor,Canada,4,615.0,153.75
19021.0,Melissa,Russell,United States,4,615.0,153.75
19144.0,Edwin,He,United States,4,615.0,153.75
19739.0,Lucas,Perry,United States,4,615.0,153.75
19780.0,Brianna,White,United States,4,615.0,153.75
20047.0,Ronnie,Huang,France,2,615.0,307.5
22275.0,Ian,Bailey,United States,3,615.0,205.0
22368.0,Edward,Ross,United States,3,615.0,205.0
22415.0,Natalie,Phillips,Germany,3,615.0,205.0
22597.0,Rachael,Chandra,Germany,4,615.0,153.75
23393.0,Jennifer,Anderson,United States,3,615.0,205.0
23742.0,Morgan,Cox,United States,3,615.0,205.0
24205.0,Katherine,Anderson,Germany,3,615.0,205.0
24356.0,Wesley,Zhang,United States,3,615.0,205.0
26866.0,Jada,Allen,United Kingdom,4,615.0,153.75
27860.0,Hector,Martin,Australia,3,615.0,205.0
16121.0,Kaitlyn,Ross,Canada,3,614.0,204.66666666666666
16124.0,Eduardo,Murphy,Canada,5,614.0,122.8
16216.0,Charles,Mitchell,United States,3,614.0,204.66666666666666
20910.0,Carolyn,Malhotra,France,5,614.0,122.8
21795.0,Tristan,Bennett,United States,5,613.0,122.6
22271.0,Connor,Mitchell,United States,5,613.0,122.6
23019.0,Emma,Garcia,United States,5,613.0,122.6
23216.0,Kevin,Hall,United States,5,613.0,122.6
23391.0,Joanna,Moreno,United States,5,613.0,122.6
24308.0,Destiny,Sanders,United States,5,613.0,122.6
29297.0,Nina,Pal,Australia,5,613.0,122.6
16066.0,Alex,Ramirez,United States,5,612.0,122.4
20911.0,Katrina,Raje,France,3,612.0,204.0
22679.0,Derrick,Dominguez,Germany,3,612.0,204.0
19111.0,Mariah,Kelly,United States,5,610.0,122.0
11808.0,James,Parker,Canada,14,609.0,43.5
15995.0,Kaitlyn,Johnson,United States,4,609.0,152.25
16340.0,Sean,Mitchell,United States,4,609.0,152.25
19869.0,Carol,Brooks,United States,4,609.0,152.25
21385.0,Nicole,Peterson,,4,609.0,152.25
21647.0,Blake,Brown,United States,4,609.0,152.25
21651.0,Sean,Cooper,United States,4,609.0,152.25
22231.0,Grace,Brooks,United States,4,609.0,152.25
22270.0,Antonio,Gonzales,United States,4,609.0,152.25
22330.0,Jose,Walker,United States,4,609.0,152.25
22607.0,Whitney,Gonzalez,Germany,5,609.0,121.8
22609.0,Clarence,Cai,Germany,4,609.0,152.25
22673.0,Andy,Gill,France,4,609.0,152.25
23081.0,Brandon,Powell,United States,4,609.0,152.25
23155.0,Victoria,Hall,United States,4,609.0,152.25
23287.0,Juan,Kelly,United States,4,609.0,152.25
23369.0,Morgan,Washington,United States,4,609.0,152.25
24238.0,Sean,Richardson,United States,4,609.0,152.25
24295.0,Natalie,Barnes,United States,4,609.0,152.25
24400.0,Kaitlyn,Parker,United States,4,609.0,152.25
24690.0,Christian,Long,Germany,5,609.0,121.8
25449.0,Marvin,Dominguez,Germany,4,609.0,152.25
25657.0,Tammy,Gonzalez,United Kingdom,5,609.0,121.8
16668.0,Levi,Malhotra,United States,4,608.0,152.0
18651.0,Isaiah,Mitchell,United States,4,608.0,152.0
18904.0,Emma,Thomas,United States,4,608.0,152.0
18917.0,Jonathan,Nelson,United States,4,608.0,152.0
21014.0,Diana,Carlson,France,4,608.0,152.0
21061.0,Desiree,Suarez,France,4,608.0,152.0
22044.0,Connor,Young,United States,4,608.0,152.0
22436.0,Roger,Raji,Germany,4,608.0,152.0
22473.0,Clifford,Patel,Germany,4,608.0,152.0
22495.0,Andy,Serrano,France,4,608.0,152.0
22992.0,Austin,Yang,United States,4,608.0,152.0
22997.0,Lucas,Williams,United States,4,608.0,152.0
23018.0,Richard,White,United States,4,608.0,152.0
23151.0,Michael,Brown,United States,4,608.0,152.0
23807.0,Carson,Hughes,United States,4,608.0,152.0
23845.0,Madeline,Turner,United States,4,608.0,152.0
24036.0,Jay,Vazquez,Germany,4,608.0,152.0
25703.0,Summer,Rana,United Kingdom,4,608.0,152.0
26848.0,Alisha,Rai,United Kingdom,4,608.0,152.0
26913.0,Harold,Lopez,United Kingdom,4,608.0,152.0
26956.0,Kristin,Pal,United Kingdom,4,608.0,152.0
27125.0,Albert,Dominguez,United Kingdom,4,608.0,152.0
27818.0,Candice,Hu,United Kingdom,4,608.0,152.0
28372.0,Vincent,Hu,United Kingdom,4,608.0,152.0
16090.0,Emma,White,Canada,4,605.0,151.25
19110.0,Jesse,Kelly,United States,4,605.0,151.25
19143.0,Lauren,Long,United States,5,605.0,121.0
19738.0,Henry,Martinez,United States,4,605.0,151.25
19838.0,Jared,Ramirez,United States,4,605.0,151.25
17676.0,Eugene,Yang,United States,2,604.0,302.0
18649.0,Jackson,Patterson,United States,2,604.0,302.0
19841.0,Alexandria,Jenkins,United States,4,604.0,151.0
21654.0,Aidan,Barnes,United States,4,604.0,151.0
21769.0,Michele,Rubio,United States,2,604.0,302.0
22225.0,Jessica,Murphy,United States,2,604.0,302.0
22644.0,Marc,Ortega,Germany,2,604.0,302.0
22788.0,Jordan,Jenkins,United States,4,604.0,151.0
23026.0,Jessica,Rogers,United States,2,604.0,302.0
23082.0,Jonathan,Williams,United States,2,604.0,302.0
23125.0,Madeline,Scott,United States,2,604.0,302.0
23141.0,Katherine,Long,United States,2,604.0,302.0
23146.0,Sarah,Clark,United States,2,604.0,302.0
23266.0,Jessica,Watson,United States,4,604.0,151.0
23355.0,Lance,Serrano,United States,2,604.0,302.0
23835.0,Marcus,Jackson,United States,4,604.0,151.0
23856.0,Sarah,Taylor,United States,2,604.0,302.0
23882.0,Alexia,Butler,United States,2,604.0,302.0
23884.0,Ethan,Ross,United States,2,604.0,302.0
23898.0,Shawna,Rai,Germany,2,604.0,302.0
24024.0,Marie,Malhotra,Germany,2,604.0,302.0
24060.0,Bonnie,Deng,Germany,2,604.0,302.0
24254.0,Emily,Washington,United States,2,604.0,302.0
24329.0,Abigail,Cooper,United States,2,604.0,302.0
25548.0,Colleen,Yuan,Germany,2,604.0,302.0
27131.0,Edgar,Madan,United Kingdom,2,604.0,302.0
27599.0,Cory,Subram,Australia,2,604.0,302.0
27691.0,Marshall,Goel,Australia,2,604.0,302.0
27692.0,Isaac,Lopez,Australia,2,604.0,302.0
27885.0,Marvin,Torres,United Kingdom,2,604.0,302.0
27982.0,Cesar,Perez,Australia,2,604.0,302.0
28205.0,Carolyn,Mehta,Australia,2,604.0,302.0
28428.0,Ebony,Alvarez,United Kingdom,2,604.0,302.0
28534.0,Sabrina,Romero,Australia,2,604.0,302.0
29186.0,Mathew,Serrano,Australia,2,604.0,302.0
29311.0,Marie,Carlson,Australia,4,604.0,151.0
21748.0,Wyatt,Harris,United States,4,600.0,150.0
22284.0,Kristy,Sanz,United States,4,600.0,150.0
22290.0,Jocelyn,Jenkins,United States,4,600.0,150.0
22295.0,Jade,Morgan,United States,4,600.0,150.0
22297.0,Jasmine,Garcia,United States,4,600.0,150.0
22322.0,Roger,Zhao,France,4,600.0,150.0
22336.0,Frank,Moreno,United States,4,600.0,150.0
22374.0,Luke,Patterson,United States,4,600.0,150.0
22479.0,Tammy,Malhotra,Germany,4,600.0,150.0
22685.0,Barbara,Ma,Germany,4,600.0,150.0
22718.0,Zachary,Simmons,United States,4,600.0,150.0
22749.0,Miranda,Patterson,United States,4,600.0,150.0
22768.0,Aaron,Zhang,United States,4,600.0,150.0
22791.0,Taylor,Jenkins,United States,4,600.0,150.0
22896.0,Logan,Miller,United States,4,600.0,150.0
22899.0,Charles,Carter,United States,4,600.0,150.0
23028.0,Anna,Taylor,United States,4,600.0,150.0
23059.0,Spencer,Price,United States,4,600.0,150.0
23163.0,Madison,Ross,United States,4,600.0,150.0
23189.0,Megan,Moore,United States,4,600.0,150.0
23382.0,Xavier,Barnes,United States,4,600.0,150.0
23383.0,Caleb,Allen,United States,4,600.0,150.0
23471.0,Jeremy,Baker,United States,4,600.0,150.0
23474.0,Julia,Williams,United States,4,600.0,150.0
23704.0,Christopher,Moore,United States,4,600.0,150.0
23849.0,Alexis,Simmons,United States,4,600.0,150.0
23857.0,Alexandra,Anderson,United States,4,600.0,150.0
23960.0,Eugene,Zheng,Germany,4,600.0,150.0
24323.0,Janet,Wright,United States,4,600.0,150.0
24324.0,Jennifer,Reed,United States,4,600.0,150.0
24337.0,Noah,Alexander,United States,4,600.0,150.0
25605.0,Abby,Kovár,United Kingdom,4,600.0,150.0
25701.0,Francisco,Garcia,United Kingdom,4,600.0,150.0
26359.0,George,Raman,United Kingdom,4,600.0,150.0
27186.0,Lindsay,Shan,United Kingdom,4,600.0,150.0
28367.0,Jerome,Johnsen,United Kingdom,4,600.0,150.0
28386.0,Sergio,Subram,United Kingdom,4,600.0,150.0
18647.0,Christy,Huang,United States,3,599.0,199.66666666666666
22255.0,Nicole,Rogers,United States,3,599.0,199.66666666666666
22276.0,Gabriella,Gray,United States,3,599.0,199.66666666666666
22886.0,Andrea,King,United States,3,599.0,199.66666666666666
23056.0,Alyssa,Perry,United States,3,599.0,199.66666666666666
23138.0,Angela,Peterson,United States,3,599.0,199.66666666666666
23158.0,Ana,Patterson,United States,3,599.0,199.66666666666666
23516.0,Ashley,Miller,United States,3,599.0,199.66666666666666
23836.0,Chloe,Carter,United States,3,599.0,199.66666666666666
27584.0,Tina,Malhotra,Australia,3,599.0,199.66666666666666
27719.0,Nathan,King,Australia,3,599.0,199.66666666666666
27969.0,Bryant,Patel,Australia,3,599.0,199.66666666666666
28321.0,Arturo,Wu,Australia,3,599.0,199.66666666666666
21031.0,Cassie,She,France,5,598.0,119.6
22441.0,Andrea,Torres,Germany,5,598.0,119.6
22598.0,Donald,Sanchez,Germany,5,598.0,119.6
23227.0,Anne,Alonso,France,5,598.0,119.6
23231.0,Dylan,Moore,France,5,598.0,119.6
24028.0,Adam,Hayes,France,5,598.0,119.6
24204.0,Darren,Gonzalez,Germany,5,598.0,119.6
26928.0,Roger,Nara,United Kingdom,5,598.0,119.6
27891.0,Carlos,Howard,United Kingdom,5,598.0,119.6
15993.0,Spencer,Coleman,Canada,4,597.0,149.25
19696.0,Adam,Patterson,United States,4,597.0,149.25
19815.0,Christian,Thompson,United States,4,597.0,149.25
19897.0,Gabriella,Nelson,United States,3,597.0,199.0
19991.0,Jacob,Thomas,United States,3,597.0,199.0
20045.0,Andres,Shen,France,3,597.0,199.0
24580.0,Wesley,Zhao,Germany,3,597.0,199.0
16020.0,Thomas,Diaz,Canada,3,596.0,198.66666666666666
16061.0,Miguel,Butler,United States,3,592.0,197.33333333333334
19687.0,Connor,Coleman,United States,3,592.0,197.33333333333334
12763.0,Chloe,Russell,Canada,4,590.0,147.5
16022.0,Devin,Hernandez,United States,4,590.0,147.5
16141.0,Shelby,Ramirez,United States,4,590.0,147.5
18963.0,Amber,Collins,United States,2,590.0,295.0
19740.0,Connie,Liang,United States,4,590.0,147.5
19808.0,Brooke,Kelly,United States,2,590.0,295.0
19812.0,Sydney,Morgan,United States,4,590.0,147.5
19814.0,Blake,Washington,United States,2,590.0,295.0
19837.0,Philip,Jimenez,United States,2,590.0,295.0
19982.0,Charles,Cox,United States,4,590.0,147.5
20002.0,Elizabeth,White,United States,4,590.0,147.5
20004.0,Kaitlin,Perez,United States,4,590.0,147.5
20891.0,Darrell,Anand,France,2,590.0,295.0
22621.0,Xavier,Davis,Germany,4,590.0,147.5
15556.0,Dylan,Davis,Canada,4,589.0,147.25
16125.0,Victoria,Watson,Canada,4,589.0,147.25
16221.0,Darren,Saunders,United States,4,589.0,147.25
16500.0,Chloe,Perry,United States,4,589.0,147.25
16504.0,Justin,Russell,United States,4,589.0,147.25
18459.0,Toni,Sai,United States,4,589.0,147.25
18957.0,Mackenzie,Lopez,United States,3,589.0,196.33333333333334
19122.0,Abigail,Hughes,United States,4,589.0,147.25
20074.0,Preston,Madan,United States,4,589.0,147.25
21041.0,Eddie,Serrano,France,4,589.0,147.25
21469.0,Caitlin,Bell,,4,589.0,147.25
21601.0,Jacqueline,Bell,United States,4,589.0,147.25
21653.0,Jose,Anderson,United States,4,589.0,147.25
22043.0,Trinity,Cox,United States,4,589.0,147.25
22093.0,Sydney,Baker,United States,4,589.0,147.25
22113.0,Katherine,Garcia,United States,4,589.0,147.25
22393.0,Chelsea,Perez,Germany,4,589.0,147.25
22484.0,Kristy,Ruiz,France,4,589.0,147.25
22486.0,Jimmy,Ruiz,Germany,4,589.0,147.25
22487.0,Jonathon,Gill,France,4,589.0,147.25
22541.0,Stefanie,Martinez,Germany,4,589.0,147.25
22606.0,Alfredo,Hernandez,Germany,4,589.0,147.25
22627.0,Shawna,Sharma,Germany,4,589.0,147.25
22641.0,Abigail,Diaz,France,4,589.0,147.25
22649.0,Corey,Tang,France,4,589.0,147.25
22711.0,Isaiah,Hernandez,Germany,4,589.0,147.25
22745.0,Alexandria,Patterson,United States,4,589.0,147.25
23033.0,Alex,Turner,United States,4,589.0,147.25
23042.0,Riley,Blue,United States,4,589.0,147.25
23058.0,Michelle,Rivera,United States,4,589.0,147.25
23173.0,Nathan,Rodriguez,United States,4,589.0,147.25
23181.0,Evan,Evans,United States,4,589.0,147.25
23226.0,Leonard,Xie,Germany,4,589.0,147.25
23356.0,Grace,Ward,United States,4,589.0,147.25
23374.0,Emma,Gray,United States,4,589.0,147.25
23478.0,Hailey,Cooper,United States,4,589.0,147.25
23479.0,Fernando,Robinson,United States,4,589.0,147.25
23492.0,Jamie,Blanco,United States,4,589.0,147.25
23589.0,Amanda,Baker,United States,4,589.0,147.25
23701.0,Marissa,Barnes,United States,4,589.0,147.25
23721.0,John,Clark,United States,4,589.0,147.25
23724.0,Gabrielle,Hughes,United States,4,589.0,147.25
23778.0,Louis,Huang,France,4,589.0,147.25
23852.0,Desiree,Torres,United States,4,589.0,147.25
23853.0,Isaac,Perez,United States,4,589.0,147.25
23878.0,Chloe,Wood,United States,4,589.0,147.25
23932.0,Carrie,Jiménez,France,4,589.0,147.25
24023.0,Bonnie,Nara,France,4,589.0,147.25
24077.0,Tony,Rai,Germany,4,589.0,147.25
24239.0,Miguel,Hernandez,United States,4,589.0,147.25
24388.0,Maria,Campbell,United States,4,589.0,147.25
25571.0,Richard,Lopez,Germany,4,589.0,147.25
26876.0,Holly,Lopez,United Kingdom,4,589.0,147.25
26890.0,Bryan,Rogers,United Kingdom,4,589.0,147.25
26910.0,Kristina,Kovar,United Kingdom,4,589.0,147.25
26914.0,Cindy,Prasad,United Kingdom,4,589.0,147.25
26929.0,Maurice,Pal,United Kingdom,4,589.0,147.25
26942.0,Tanya,Alonso,United Kingdom,4,589.0,147.25
26966.0,Cedric,Zhang,United Kingdom,4,589.0,147.25
26979.0,Christy,Jai,United Kingdom,4,589.0,147.25
27171.0,Kristi,Gill,United Kingdom,4,589.0,147.25
27185.0,Haley,Nelson,United Kingdom,4,589.0,147.25
28118.0,Briana,Jiménez,Australia,4,589.0,147.25
28215.0,Priscilla,Shen,Australia,4,589.0,147.25
28308.0,Hector,Serrano,Australia,4,589.0,147.25
28425.0,Gilbert,Nara,United Kingdom,4,589.0,147.25
28530.0,Gavin,Powell,United Kingdom,4,589.0,147.25
28715.0,Maria,Foster,Australia,4,589.0,147.25
29187.0,Jerome,Ramos,Australia,4,589.0,147.25
24837.0,Wyatt,Lewis,Germany,4,588.0,147.0
16211.0,Jesse,Roberts,United States,2,587.0,293.5
19992.0,Stephanie,Hill,United States,2,587.0,293.5
22665.0,Orlando,Diaz,Germany,2,587.0,293.5
24536.0,Cynthia,Perez,Germany,2,587.0,293.5
18974.0,James,Rodriguez,United States,5,586.0,117.2
19722.0,Dalton,Bailey,United States,3,586.0,195.33333333333334
19161.0,Jeremiah,Hughes,United States,5,585.0,117.0
21050.0,Alan,Cai,France,3,584.0,194.66666666666666
22423.0,Byron,Hernandez,France,3,584.0,194.66666666666666
22590.0,Oscar,Hughes,Germany,3,584.0,194.66666666666666
23211.0,Rebekah,Kovár,United States,3,584.0,194.66666666666666
23854.0,Megan,Torres,United States,3,584.0,194.66666666666666
24059.0,Tabitha,Navarro,Germany,3,584.0,194.66666666666666
24214.0,Michele,Romero,Germany,3,584.0,194.66666666666666
25583.0,Carolyn,Arthur,Germany,3,584.0,194.66666666666666
25590.0,Naomi,Gill,Germany,3,584.0,194.66666666666666
25601.0,Grace,Morgan,Germany,3,584.0,194.66666666666666
25642.0,Jon,Rai,United Kingdom,3,584.0,194.66666666666666
25721.0,April,Nara,United Kingdom,3,584.0,194.66666666666666
26992.0,Brad,Andersen,United Kingdom,3,584.0,194.66666666666666
28387.0,Roberto,Alvarez,United Kingdom,3,584.0,194.66666666666666
16069.0,Brianna,Hall,United States,3,580.0,193.33333333333334
16126.0,Faith,Kelly,United States,3,580.0,193.33333333333334
16135.0,Chelsea,Raman,United States,3,580.0,193.33333333333334
19023.0,Arianna,Powell,United States,3,580.0,193.33333333333334
19127.0,Alexa,Sanchez,United States,3,580.0,193.33333333333334
19141.0,Samuel,Martinez,United States,3,580.0,193.33333333333334
19542.0,Robert,Allen,United States,3,580.0,193.33333333333334
19718.0,Taylor,Butler,United States,3,580.0,193.33333333333334
19831.0,Charles,Green,United States,3,580.0,193.33333333333334
20003.0,Dalton,Gonzalez,United States,3,580.0,193.33333333333334
21855.0,Paula,Martin,United Kingdom,3,580.0,193.33333333333334
16873.0,Damien,Deng,Canada,4,578.0,144.5
17656.0,Carol,Martinez,Canada,4,578.0,144.5
21017.0,Leslie,Romero,France,4,578.0,144.5
21048.0,Karen,Liang,France,4,578.0,144.5
22298.0,Marcus,Williams,United States,4,578.0,144.5
22335.0,Anthony,Taylor,United States,4,578.0,144.5
22432.0,Bridget,Xie,Germany,4,578.0,144.5
22887.0,Mason,Richardson,United States,4,578.0,144.5
23450.0,Alex,Rogers,United States,4,578.0,144.5
24025.0,Eugene,Zeng,Germany,4,578.0,144.5
24706.0,Virginia,Rana,Germany,4,578.0,144.5
25504.0,Calvin,Sutton,Germany,4,578.0,144.5
27501.0,Darren,Alonso,Australia,4,578.0,144.5
27810.0,Meghan,Munoz,United Kingdom,4,578.0,144.5
27856.0,Bonnie,Tang,United Kingdom,4,578.0,144.5
27907.0,Michael,Taylor,United Kingdom,4,578.0,144.5
28366.0,Dalton,Rivera,United Kingdom,4,578.0,144.5
28503.0,Jay,Sanz,United Kingdom,4,578.0,144.5
28517.0,Troy,Gonzalez,United Kingdom,4,578.0,144.5
15549.0,Richard,Davis,Canada,2,575.0,287.5
16015.0,Jessica,Cooper,United States,2,575.0,287.5
16218.0,Julia,Simmons,United States,2,575.0,287.5
16354.0,Janet,Torres,United States,2,575.0,287.5
19209.0,Alexandra,Nelson,United States,2,575.0,287.5
19723.0,Olivia,Russell,United States,2,575.0,287.5
19803.0,Jermaine,Mehta,United States,2,575.0,287.5
20069.0,Jessica,Smith,United States,2,575.0,287.5
20751.0,Jermaine,Arthur,,2,575.0,287.5
20977.0,Mario,Andersen,France,2,575.0,287.5
21465.0,Austin,Shan,,2,575.0,287.5
21608.0,David,Griffin,United States,2,575.0,287.5
21791.0,Richard,Price,United States,2,575.0,287.5
21912.0,Colleen,Kumar,France,2,575.0,287.5
21942.0,Julia,Roberts,United States,2,575.0,287.5
22016.0,Terrence,Andersen,United States,2,575.0,287.5
22082.0,Lucas,Barnes,United States,2,575.0,287.5
22129.0,Chloe,Hall,United States,2,575.0,287.5
22130.0,Xavier,Bryant,United States,2,575.0,287.5
22135.0,Julia,Hernandez,United States,2,575.0,287.5
22273.0,Patricia,Rodriguez,United States,2,575.0,287.5
22274.0,Adam,Chen,United States,2,575.0,287.5
22282.0,Jonathan,Hughes,United States,2,575.0,287.5
22291.0,Carlos,Morris,United States,2,575.0,287.5
22327.0,Jake,Cai,United States,2,575.0,287.5
22329.0,Grace,Peterson,United States,2,575.0,287.5
22346.0,Catherine,Howard,United States,2,575.0,287.5
22372.0,Melanie,Perry,United States,2,575.0,287.5
22414.0,Eugene,Wu,Germany,2,575.0,287.5
22463.0,Raymond,Chandra,France,2,575.0,287.5
22477.0,Kevin,Diaz,Germany,2,575.0,287.5
22525.0,Julio,Gutierrez,Germany,2,575.0,287.5
22610.0,Brent,Chen,Germany,2,575.0,287.5
22650.0,Kristina,Suri,Germany,2,575.0,287.5
22651.0,Frederick,Sara,France,2,575.0,287.5
22663.0,Terrence,Deng,France,2,575.0,287.5
22666.0,Mayra,Srini,Germany,2,575.0,287.5
22674.0,Troy,Prasad,Germany,2,575.0,287.5
22694.0,Molly,Kapoor,Germany,2,575.0,287.5
22712.0,Monique,Romero,France,2,575.0,287.5
22717.0,Nicole,Watson,United States,2,575.0,287.5
22789.0,Richard,Taylor,United States,2,575.0,287.5
22790.0,Luke,Phillips,United States,2,575.0,287.5
22876.0,Jenna,Campbell,United States,2,575.0,287.5
23136.0,Stephanie,Peterson,United States,2,575.0,287.5
23145.0,Nichole,Xie,United States,2,575.0,287.5
23161.0,Samuel,Scott,United States,2,575.0,287.5
23170.0,Aaron,Jai,United States,2,575.0,287.5
23187.0,Andy,Munoz,United States,2,575.0,287.5
23222.0,Kristen,Wu,France,2,575.0,287.5
23269.0,Taylor,Griffin,United States,2,575.0,287.5
23319.0,Luis,Green,United States,2,575.0,287.5
23339.0,Zoe,Reed,United States,2,575.0,287.5
23463.0,Sean,Hill,United States,2,575.0,287.5
23507.0,Rachel,Henderson,United States,2,575.0,287.5
23509.0,Faith,Powell,United States,5,575.0,115.0
23584.0,Jason,Evans,United States,2,575.0,287.5
23708.0,Victoria,Coleman,United States,2,575.0,287.5
23837.0,Jonathan,Li,United States,2,575.0,287.5
23883.0,Jackson,Russell,United States,5,575.0,115.0
23901.0,Max,Gutierrez,France,2,575.0,287.5
23905.0,Jose,Zhang,Germany,2,575.0,287.5
23908.0,Max,Sanz,France,2,575.0,287.5
24018.0,Barbara,Gao,Germany,2,575.0,287.5
24033.0,Katherine,Reed,Germany,2,575.0,287.5
24049.0,Byron,Gomez,Germany,2,575.0,287.5
24057.0,Ricky,Alvarez,France,2,575.0,287.5
24286.0,Kelvin,Goel,United States,5,575.0,115.0
24296.0,Amanda,Gonzalez,United States,2,575.0,287.5
24328.0,Melissa,Simmons,United States,2,575.0,287.5
24330.0,Jessica,Bennett,United States,2,575.0,287.5
24334.0,Alexa,James,United States,2,575.0,287.5
24335.0,Richard,Wright,United States,2,575.0,287.5
24402.0,Devin,Alexander,United States,2,575.0,287.5
24565.0,Theodore,Navarro,Germany,2,575.0,287.5
24698.0,Blake,Carter,Germany,2,575.0,287.5
25303.0,Jeremiah,Hernandez,Germany,2,575.0,287.5
25451.0,Geoffrey,Subram,Germany,2,575.0,287.5
25550.0,Krista,Munoz,Germany,2,575.0,287.5
25610.0,Brittney,Zhao,Germany,2,575.0,287.5
25612.0,Clinton,Rubio,United Kingdom,2,575.0,287.5
25615.0,Destiny,Hall,United Kingdom,2,575.0,287.5
25728.0,Nelson,Romero,United Kingdom,2,575.0,287.5
26356.0,Timothy,Howard,United Kingdom,2,575.0,287.5
26885.0,Victor,Martin,United Kingdom,2,575.0,287.5
26932.0,Kristina,Raman,United Kingdom,2,575.0,287.5
26960.0,Jose,Thomas,United Kingdom,2,575.0,287.5
27009.0,Erica,Lu,United Kingdom,2,575.0,287.5
27140.0,Roger,Holt,United Kingdom,5,575.0,115.0
27141.0,Tonya,Anand,United Kingdom,2,575.0,287.5
27690.0,Jaime,Navarro,Australia,2,575.0,287.5
27762.0,Shawn,Yuan,United Kingdom,2,575.0,287.5
27781.0,Allen,Sai,United Kingdom,2,575.0,287.5
27786.0,Cynthia,Raman,United Kingdom,2,575.0,287.5
27852.0,Jamie,Ramos,United Kingdom,2,575.0,287.5
27910.0,Arturo,Zhou,Australia,2,575.0,287.5
28119.0,Curtis,Ma,Australia,2,575.0,287.5
28133.0,Willie,Huang,Australia,2,575.0,287.5
28134.0,Terrance,Rana,Australia,2,575.0,287.5
28160.0,Melanie,Reed,Canada,2,575.0,287.5
28195.0,Kellie,Martin,Canada,2,575.0,287.5
28209.0,Krista,Carlson,Australia,2,575.0,287.5
28312.0,Joy,Jimenez,Australia,2,575.0,287.5
28318.0,Grace,Lee,Australia,2,575.0,287.5
28325.0,Drew,Lal,Australia,2,575.0,287.5
28351.0,Donald,Rodriguez,Australia,2,575.0,287.5
28438.0,Heidi,Sanchez,United Kingdom,2,575.0,287.5
28508.0,Jaime,Romero,United Kingdom,2,575.0,287.5
28525.0,Dominic,Rodriguez,United Kingdom,2,575.0,287.5
28693.0,Tamara,Chande,United Kingdom,2,575.0,287.5
29027.0,Jacob,Walker,Canada,2,575.0,287.5
29096.0,Margaret,Stewart,Australia,2,575.0,287.5
29345.0,Randall,Diaz,Australia,2,575.0,287.5
16019.0,Amber,Hernandez,United States,2,574.0,287.0
21038.0,Pedro,Lopez,France,2,574.0,287.0
22620.0,Stefanie,Suri,Germany,2,574.0,287.0
23899.0,Lindsey,Nath,France,4,574.0,143.5
27949.0,Jason,Russell,United Kingdom,3,574.0,191.33333333333334
23739.0,Virginia,Kapoor,United States,4,573.0,143.25
11530.0,Andrew,Martinez,Canada,26,572.0,22.0
16065.0,Makayla,Torres,United States,4,572.0,143.0
16229.0,Wayne,Chande,United States,4,572.0,143.0
19690.0,Robert,White,United States,4,572.0,143.0
19735.0,Mackenzie,Reed,United States,4,572.0,143.0
23622.0,Darren,Moreno,Germany,4,572.0,143.0
21940.0,Alejandro,Sharma,United States,4,571.0,142.75
22272.0,Isabella,Kelly,United States,4,571.0,142.75
22395.0,Jermaine,Patel,France,4,571.0,142.75
22864.0,Mason,Hall,United States,4,571.0,142.75
25655.0,Virginia,Arun,United Kingdom,4,571.0,142.75
27132.0,Eduardo,Gonzalez,United Kingdom,4,571.0,142.75
16122.0,Jason,Phillips,United States,3,570.0,190.0
16228.0,Rafael,Zhu,United States,3,570.0,190.0
19691.0,Gabriella,Cox,United States,3,570.0,190.0
21915.0,Tristan,Wood,United States,3,570.0,190.0
22088.0,Hannah,Diaz,United States,3,570.0,190.0
22256.0,Edwin,Lu,United States,3,570.0,190.0
23175.0,Melanie,Flores,United States,3,570.0,190.0
23296.0,Molly,Mehta,United States,3,570.0,190.0
24038.0,Evan,Turner,France,3,570.0,190.0
26219.0,Summer,Suri,United Kingdom,3,570.0,190.0
28114.0,Jared,Cox,Australia,3,570.0,190.0
28153.0,Mackenzie,Torres,Canada,3,570.0,190.0
16080.0,Oscar,Patterson,United States,3,567.0,189.0
16094.0,Kayla,Brown,United States,3,567.0,189.0
18962.0,Seth,Parker,United States,3,567.0,189.0
18973.0,Kate,Yuan,United States,3,567.0,189.0
20033.0,Carlos,Turner,United States,3,567.0,189.0
21603.0,Seth,Barnes,United States,4,567.0,141.75
22591.0,Jon,Becker,Germany,4,567.0,141.75
22719.0,Jesse,Brooks,United States,4,567.0,141.75
22782.0,Dakota,Wood,United States,4,567.0,141.75
23268.0,Katelyn,Morris,United States,4,567.0,141.75
23338.0,Lucas,Jenkins,United States,4,567.0,141.75
23454.0,Ryan,Wang,United States,4,567.0,141.75
23462.0,Seth,Jones,United States,4,567.0,141.75
23568.0,Paige,Diaz,United States,4,567.0,141.75
23718.0,Nelson,Blanco,United States,4,567.0,141.75
23733.0,Natasha,Gomez,United States,4,567.0,141.75
23744.0,Barry,Prasad,France,4,567.0,141.75
23781.0,Jordyn,Ross,United States,4,567.0,141.75
24325.0,Jason,Perry,United States,4,567.0,141.75
25450.0,Darrell,Deng,Germany,4,567.0,141.75
25659.0,Lee,Navarro,United Kingdom,4,567.0,141.75
25741.0,Tabitha,Sai,United Kingdom,4,567.0,141.75
25760.0,Natalie,Alexander,United Kingdom,4,567.0,141.75
26824.0,Theresa,Blanco,United Kingdom,4,567.0,141.75
27634.0,Jacqueline,Cooper,Canada,4,567.0,141.75
28189.0,James,Griffin,Canada,4,567.0,141.75
28375.0,Kathleen,Diaz,United Kingdom,4,567.0,141.75
28437.0,Mary,Smith,United Kingdom,4,567.0,141.75
29346.0,Briana,Ortega,Australia,4,567.0,141.75
29355.0,Virginia,Fernandez,Germany,4,567.0,141.75
15881.0,Destiny,Williams,Canada,1,565.0,565.0
15996.0,Emily,Barnes,Canada,1,565.0,565.0
16129.0,Jordyn,Russell,United States,1,565.0,565.0
16136.0,George,Srini,United States,1,565.0,565.0
16138.0,David,Butler,United States,1,565.0,565.0
17498.0,Daniel,Martin,United States,3,565.0,188.33333333333334
17671.0,Emma,Stewart,United States,3,565.0,188.33333333333334
18958.0,Natalie,Sanchez,United States,5,565.0,113.0
19140.0,Melanie,Rogers,United States,2,565.0,282.5
19708.0,April,Luo,United States,1,565.0,565.0
19821.0,Tabitha,Vazquez,United States,1,565.0,565.0
19843.0,Connor,Kumar,United States,1,565.0,565.0
20015.0,Jenna,King,United States,1,565.0,565.0
21126.0,Kaitlin,Gonzalez,France,3,565.0,188.33333333333334
21822.0,Gregory,Yuan,United Kingdom,1,565.0,565.0
21848.0,Jerry,Raje,United Kingdom,1,565.0,565.0
22013.0,Marcus,Jenkins,United States,3,565.0,188.33333333333334
22601.0,Aimee,Gao,France,3,565.0,188.33333333333334
22626.0,Arturo,Anand,France,3,565.0,188.33333333333334
22633.0,Claudia,Zhao,Germany,1,565.0,565.0
22655.0,Lucas,Young,Germany,3,565.0,188.33333333333334
22993.0,Xavier,Sanchez,United States,3,565.0,188.33333333333334
23040.0,Seth,Morgan,United States,3,565.0,188.33333333333334
23127.0,Haley,Hughes,United States,3,565.0,188.33333333333334
23585.0,Kaitlyn,Moore,United States,3,565.0,188.33333333333334
23587.0,Hailey,Gonzalez,United States,3,565.0,188.33333333333334
23707.0,William,Anderson,United States,3,565.0,188.33333333333334
24010.0,Walter,Alvarez,France,3,565.0,188.33333333333334
25455.0,Jorge,Zheng,Germany,3,565.0,188.33333333333334
25528.0,Alexandria,Butler,Germany,3,565.0,188.33333333333334
25609.0,Jaime,Ruiz,United Kingdom,3,565.0,188.33333333333334
26211.0,Bridget,Yuan,United Kingdom,3,565.0,188.33333333333334
26949.0,Lindsey,Chander,United Kingdom,3,565.0,188.33333333333334
26955.0,Carlos,Cook,United Kingdom,3,565.0,188.33333333333334
27175.0,Marshall,Raji,United Kingdom,3,565.0,188.33333333333334
27863.0,Carolyn,Ruiz,Australia,3,565.0,188.33333333333334
27965.0,Meredith,Gomez,United Kingdom,3,565.0,188.33333333333334
28117.0,Craig,Vazquez,Australia,3,565.0,188.33333333333334
28474.0,Terrence,Nara,United Kingdom,3,565.0,188.33333333333334
28515.0,Tony,Lal,United Kingdom,3,565.0,188.33333333333334
15762.0,Garrett,Stewart,Canada,2,564.0,282.0
16068.0,Jerry,Shen,United States,4,564.0,141.0
16102.0,Marcus,Alexander,United States,4,564.0,141.0
16142.0,Sophia,King,United States,4,564.0,141.0
18656.0,Charles,Clark,United States,2,564.0,282.0
19162.0,Peter,Raji,United States,4,564.0,141.0
19721.0,Noah,Allen,United States,3,564.0,188.0
19842.0,Katherine,Phillips,United States,3,564.0,188.0
21448.0,Jenna,Nelson,,2,564.0,282.0
22216.0,Marcus,Howard,United States,2,564.0,282.0
22481.0,Erik,Ortega,Germany,2,564.0,282.0
22784.0,Nicholas,Jackson,United States,2,564.0,282.0
23021.0,Stefanie,Mehta,United States,2,564.0,282.0
23038.0,Sydney,Reed,United States,2,564.0,282.0
23371.0,Katherine,Roberts,United States,2,564.0,282.0
23375.0,Christian,Zhang,United States,2,564.0,282.0
23668.0,Jessica,Hughes,United States,2,564.0,282.0
23813.0,Hannah,Bennett,United States,2,564.0,282.0
23902.0,Julie,Kumar,Germany,2,564.0,282.0
25611.0,Deanna,Rodriguez,United Kingdom,2,564.0,282.0
27597.0,Carl,Jai,Australia,5,564.0,112.8
27722.0,Melvin,Jai,Australia,5,564.0,112.8
28210.0,Meghan,Alan,Australia,2,564.0,282.0
28424.0,Neil,Romero,United Kingdom,2,564.0,282.0
29291.0,Nancy,Subram,Australia,2,564.0,282.0
29314.0,Meredith,Malhotra,Australia,2,564.0,282.0
16220.0,Megan,Russell,Canada,4,563.0,140.75
16223.0,Carlos,Collins,United States,4,563.0,140.75
17118.0,Sara,Blue,United States,4,563.0,140.75
17123.0,Pedro,Romero,United States,4,563.0,140.75
17124.0,Kaitlin,Madan,United States,4,563.0,140.75
20091.0,Andrea,Parker,United States,4,563.0,140.75
21024.0,Lori,Jimenez,France,4,563.0,140.75
21062.0,Miranda,Barnes,France,3,563.0,187.66666666666666
21440.0,Ian,Morgan,,4,563.0,140.75
21470.0,Stephanie,Jenkins,,4,563.0,140.75
21600.0,Alexa,Bell,United States,3,563.0,187.66666666666666
21646.0,Luis,Bryant,United States,3,563.0,187.66666666666666
21810.0,Justin,Miller,United States,4,563.0,140.75
21909.0,Allison,Ward,United States,3,563.0,187.66666666666666
22046.0,Jasmine,Sanders,United States,3,563.0,187.66666666666666
22054.0,Russell,Raji,United States,3,563.0,187.66666666666666
22078.0,William,Martin,United States,3,563.0,187.66666666666666
22092.0,Andrea,Young,United States,3,563.0,187.66666666666666
22099.0,Joel,Schmidt,United States,3,563.0,187.66666666666666
22116.0,Robert,Lopez,United States,3,563.0,187.66666666666666
22119.0,Hailey,Flores,United States,3,563.0,187.66666666666666
22132.0,Rachael,Mehta,United States,4,563.0,140.75
22164.0,Destiny,Morris,United States,3,563.0,187.66666666666666
22259.0,Dalton,Mitchell,United States,4,563.0,140.75
22260.0,Courtney,Allen,United States,3,563.0,187.66666666666666
22458.0,Kendra,Vazquez,France,3,563.0,187.66666666666666
22469.0,Sabrina,Moreno,Germany,3,563.0,187.66666666666666
22517.0,Luis,Adams,Germany,4,563.0,140.75
22543.0,Jeremy,Campbell,United States,4,563.0,140.75
22628.0,Marshall,Lu,Germany,4,563.0,140.75
22654.0,Orlando,Romero,France,3,563.0,187.66666666666666
22722.0,Tina,Fernandez,United States,4,563.0,140.75
22758.0,Katherine,Jackson,United States,4,563.0,140.75
22879.0,Jocelyn,Russell,United States,4,563.0,140.75
23015.0,Juan,Rivera,United States,3,563.0,187.66666666666666
23017.0,Alison,Rai,United States,3,563.0,187.66666666666666
23075.0,Rebekah,Sandberg,United States,3,563.0,187.66666666666666
23143.0,Jada,Phillips,United States,3,563.0,187.66666666666666
23154.0,Connor,Phillips,United States,3,563.0,187.66666666666666
23159.0,Dalton,Phillips,United States,4,563.0,140.75
23162.0,Sarah,Flores,United States,3,563.0,187.66666666666666
23204.0,Katherine,Mitchell,United States,4,563.0,140.75
23217.0,Michelle,Morgan,United States,3,563.0,187.66666666666666
23265.0,Savannah,James,United States,4,563.0,140.75
23370.0,Mya,Alexander,United States,3,563.0,187.66666666666666
23586.0,Madison,Coleman,United States,4,563.0,140.75
23726.0,Darrell,Xie,United States,4,563.0,140.75
23816.0,Natalie,Johnson,United States,3,563.0,187.66666666666666
23844.0,Alexandra,Gonzales,United States,3,563.0,187.66666666666666
23886.0,Sean,Stewart,United States,4,563.0,140.75
23933.0,Sabrina,Carlson,Germany,3,563.0,187.66666666666666
24029.0,Haley,Howard,France,4,563.0,140.75
24032.0,Micah,Ma,France,3,563.0,187.66666666666666
24099.0,Sarah,Smith,Germany,3,563.0,187.66666666666666
24182.0,Nancy,Lopez,Germany,4,563.0,140.75
24231.0,Makayla,Cox,United States,3,563.0,187.66666666666666
24234.0,Eduardo,Martinez,United States,3,563.0,187.66666666666666
24385.0,Summer,Perez,United States,4,563.0,140.75
25309.0,Karen,Zhou,Germany,4,563.0,140.75
25647.0,Kaitlyn,Hernandez,United Kingdom,3,563.0,187.66666666666666
25761.0,Shish,Shridhar,United Kingdom,4,563.0,140.75
26959.0,Alisha,Nara,United Kingdom,3,563.0,187.66666666666666
27513.0,Cara,Zheng,Australia,3,563.0,187.66666666666666
27585.0,Candace,Subram,Australia,4,563.0,140.75
27710.0,Sean,Bailey,Australia,3,563.0,187.66666666666666
27790.0,Molly,Srini,United Kingdom,4,563.0,140.75
27817.0,Sandra,Hu,United Kingdom,3,563.0,187.66666666666666
28115.0,Deanna,Jiménez,Australia,4,563.0,140.75
28284.0,Bailey,Kelly,Canada,3,563.0,187.66666666666666
28352.0,Meghan,Sanz,Australia,4,563.0,140.75
28511.0,Chase,Rivera,United Kingdom,4,563.0,140.75
28516.0,Vincent,Lin,United Kingdom,3,563.0,187.66666666666666
28527.0,Dwayne,Rubio,United Kingdom,3,563.0,187.66666666666666
29185.0,Warren,Li,Australia,3,563.0,187.66666666666666
16083.0,Mindy,Raje,Canada,2,562.0,281.0
18990.0,Amanda,Henderson,United States,2,562.0,281.0
22045.0,Cameron,Chen,United States,4,562.0,140.5
22612.0,Franklin,Huang,France,4,562.0,140.5
22897.0,Arianna,Ramirez,United States,4,562.0,140.5
23035.0,Maria,Howard,United States,4,562.0,140.5
23358.0,Alberto,Alvarez,United States,4,562.0,140.5
23834.0,Ethan,Long,United States,4,562.0,140.5
24027.0,Omar,Tang,Germany,4,562.0,140.5
24716.0,Colin,Liu,Germany,4,562.0,140.5
27582.0,Latoya,Nath,Australia,4,562.0,140.5
28916.0,Kathryn,Shan,United Kingdom,4,562.0,140.5
16222.0,Brandon,Anderson,United States,2,561.0,280.5
18650.0,Kyle,Flores,United States,2,561.0,280.5
21004.0,Kaitlyn,Campbell,France,2,561.0,280.5
21089.0,Yiroyuki,Sato,France,2,561.0,280.5
21438.0,Edward,Price,,2,561.0,280.5
21597.0,Jose,Jones,United States,2,561.0,280.5
22131.0,Jessica,Cook,United States,2,561.0,280.5
22261.0,Isaac,Allen,United States,2,561.0,280.5
22288.0,Isabel,Patterson,United States,2,561.0,280.5
22289.0,Thomas,Long,United States,2,561.0,280.5
22293.0,Jasmine,Johnson,United States,2,561.0,280.5
22306.0,Ivan,Kapoor,France,2,561.0,280.5
22471.0,Joel,Martinez,France,2,561.0,280.5
22506.0,Brenda,Prasad,Germany,2,561.0,280.5
22603.0,Autumn,He,France,2,561.0,280.5
22871.0,David,Coleman,United States,2,561.0,280.5
22892.0,Timothy,Mitchell,United States,2,561.0,280.5
23016.0,Victoria,Powell,United States,2,561.0,280.5
23039.0,Wyatt,Scott,United States,2,561.0,280.5
23041.0,Natalie,Garcia,United States,2,561.0,280.5
23112.0,James,Butler,United States,2,561.0,280.5
23318.0,Patrick,Morgan,United States,2,561.0,280.5
23326.0,Tiffany,Ye,United States,2,561.0,280.5
23341.0,Kelvin,Chen,United States,2,561.0,280.5
23373.0,Gabrielle,Murphy,United States,2,561.0,280.5
23399.0,Keith,Pal,United States,2,561.0,280.5
23407.0,Lauren,Garcia,United States,2,561.0,280.5
23508.0,Blake,Jones,United States,2,561.0,280.5
23848.0,Pamela,Sai,United States,2,561.0,280.5
24022.0,Dale,Beck,France,2,561.0,280.5
25641.0,Dana,Schmidt,United Kingdom,2,561.0,280.5
25746.0,Lindsay,Simpson,United Kingdom,2,561.0,280.5
26222.0,Carolyn,Madan,United Kingdom,2,561.0,280.5
26931.0,Edward,Lopez,United Kingdom,2,561.0,280.5
27707.0,Colleen,Raji,Australia,2,561.0,280.5
27802.0,Robyn,Romero,United Kingdom,2,561.0,280.5
27890.0,Kyle,Evans,United Kingdom,2,561.0,280.5
27984.0,Rebekah,Ramos,Australia,2,561.0,280.5
28307.0,Morgan,Gray,Australia,2,561.0,280.5
11498.0,Arturo,Sun,Canada,30,560.0,18.666666666666668
18648.0,Hailey,Torres,United States,3,557.0,185.66666666666666
19659.0,Wyatt,Robinson,United States,4,557.0,139.25
23142.0,Cara,Wu,United States,3,557.0,185.66666666666666
23166.0,Cody,Ward,United States,3,557.0,185.66666666666666
23377.0,Samantha,Hayes,United States,3,557.0,185.66666666666666
28315.0,Stacy,Alonso,Australia,3,557.0,185.66666666666666
28319.0,Ashlee,She,Australia,3,557.0,185.66666666666666
16224.0,Jacob,Martinez,United States,4,556.0,139.0
21466.0,Austin,Jones,,4,556.0,139.0
21619.0,Angela,Patterson,United States,4,556.0,139.0
22133.0,Xavier,Adams,United States,4,556.0,139.0
22875.0,Robert,Russell,United States,4,556.0,139.0
23342.0,Cristina,She,United States,4,556.0,139.0
23872.0,Matthew,Garcia,United States,4,556.0,139.0
24326.0,Adam,Bryant,United States,4,556.0,139.0
27598.0,Marco,Gonzalez,Australia,4,556.0,139.0
16093.0,Kaitlyn,Morris,United States,3,555.0,185.0
16137.0,Timothy,King,United States,3,555.0,185.0
19854.0,Katherine,Hall,United States,3,555.0,185.0
20012.0,Jessica,Robinson,United States,3,555.0,185.0
16219.0,Angel,Sanders,Canada,3,554.0,184.66666666666666
16225.0,Wyatt,Nelson,United States,3,554.0,184.66666666666666
16226.0,Maria,Blue,United States,3,554.0,184.66666666666666
16360.0,Justin,Garcia,United States,3,554.0,184.66666666666666
17668.0,Eduardo,Peterson,United States,3,554.0,184.66666666666666
18653.0,Emmanuel,Madan,United States,3,554.0,184.66666666666666
19206.0,Destiny,Cooper,United States,3,554.0,184.66666666666666
20076.0,Beth,Vazquez,United States,3,554.0,184.66666666666666
21033.0,Preston,Subram,France,3,554.0,184.66666666666666
21064.0,Colleen,Sun,France,3,554.0,184.66666666666666
21609.0,Tabitha,Blanco,United States,3,554.0,184.66666666666666
21649.0,Keith,Nara,United States,3,554.0,184.66666666666666
21650.0,Cedric,Zeng,United States,3,554.0,184.66666666666666
21665.0,Karl,Jai,France,3,554.0,184.66666666666666
21756.0,Allison,Carter,United States,3,554.0,184.66666666666666
22074.0,Richard,Washington,United States,3,554.0,184.66666666666666
22089.0,Mason,Gray,United States,3,554.0,184.66666666666666
22104.0,Richard,Adams,United States,3,554.0,184.66666666666666
22106.0,Olivia,Long,United States,3,554.0,184.66666666666666
22136.0,Devin,Evans,United States,3,554.0,184.66666666666666
22254.0,Fernando,Scott,United States,3,554.0,184.66666666666666
22292.0,Stacy,Gomez,United States,3,554.0,184.66666666666666
22319.0,Jorge,Zhou,France,3,554.0,184.66666666666666
22426.0,Heather,Zhu,France,3,554.0,184.66666666666666
22440.0,Robyn,Sanz,France,3,554.0,184.66666666666666
22443.0,Marvin,Suarez,France,3,554.0,184.66666666666666
22462.0,Lydia,Chandra,Germany,3,554.0,184.66666666666666
22478.0,Carolyn,Browning,Germany,3,554.0,184.66666666666666
22515.0,Alexa,Morris,France,3,554.0,184.66666666666666
22585.0,Kelvin,He,Germany,3,554.0,184.66666666666666
22593.0,Thomas,Johnson,France,3,554.0,184.66666666666666
22623.0,Jamie,Suarez,Germany,3,554.0,184.66666666666666
22645.0,Isabella,Murphy,France,3,554.0,184.66666666666666
22652.0,Gilbert,Shan,Germany,3,554.0,184.66666666666666
22716.0,Caleb,Nelson,United States,3,554.0,184.66666666666666
22878.0,Angelica,Ross,United States,3,554.0,184.66666666666666
22999.0,Jackson,Hill,United States,3,554.0,184.66666666666666
23047.0,Valerie,Xu,United States,3,554.0,184.66666666666666
23111.0,Sara,Wright,United States,3,554.0,184.66666666666666
23135.0,Dylan,Clark,United States,3,554.0,184.66666666666666
23139.0,Christian,Yang,United States,3,554.0,184.66666666666666
23174.0,Gloria,Gonzales,United States,3,554.0,184.66666666666666
23177.0,Savannah,Richardson,United States,3,554.0,184.66666666666666
23210.0,Timothy,Gray,United States,3,554.0,184.66666666666666
23242.0,Andrew,Garcia,United States,3,554.0,184.66666666666666
23302.0,Fernando,Walker,United States,3,554.0,184.66666666666666
23334.0,Brandon,Wilson,United States,3,554.0,184.66666666666666
23340.0,Mackenzie,Collins,United States,3,554.0,184.66666666666666
23372.0,Jack,Diaz,United States,3,554.0,184.66666666666666
23392.0,Adrienne,Dominguez,United States,3,554.0,184.66666666666666
23395.0,Ryan,Martinez,United States,3,554.0,184.66666666666666
23398.0,Karl,Chander,United States,3,554.0,184.66666666666666
23403.0,Justin,Powell,United States,3,554.0,184.66666666666666
23510.0,Morgan,Cooper,United States,3,554.0,184.66666666666666
23560.0,Jacqueline,Flores,United States,3,554.0,184.66666666666666
23683.0,Dana,Alonso,United States,3,554.0,184.66666666666666
23818.0,Cassidy,Gonzales,United States,3,554.0,184.66666666666666
23880.0,Noah,Patterson,United States,3,554.0,184.66666666666666
23917.0,Carrie,Carlson,Germany,3,554.0,184.66666666666666
24017.0,Rebekah,Lopez,Germany,3,554.0,184.66666666666666
24046.0,Cristina,Chander,Germany,3,554.0,184.66666666666666
24221.0,Heidi,Perez,United States,3,554.0,184.66666666666666
24232.0,Ryan,Johnson,United States,3,554.0,184.66666666666666
24233.0,Jada,Parker,United States,3,554.0,184.66666666666666
24338.0,Shannon,Zeng,United States,3,554.0,184.66666666666666
25459.0,Ronald,Vance,Germany,3,554.0,184.66666666666666
25460.0,Alisha,Andersen,Germany,3,554.0,184.66666666666666
25552.0,Riley,Ward,Germany,3,554.0,184.66666666666666
25595.0,Larry,Rowe,Germany,3,554.0,184.66666666666666
25750.0,Francis,Blanco,United Kingdom,3,554.0,184.66666666666666
26210.0,Clinton,Gill,United Kingdom,3,554.0,184.66666666666666
26214.0,Christy,Chande,United Kingdom,3,554.0,184.66666666666666
26817.0,Melvin,Ashe,United Kingdom,3,554.0,184.66666666666666
26830.0,Levi,Perez,United Kingdom,3,554.0,184.66666666666666
26858.0,Samuel,Lopez,United Kingdom,3,554.0,184.66666666666666
26869.0,Anne,Sims,United Kingdom,3,554.0,184.66666666666666
26886.0,Jasmine,Robinson,United Kingdom,3,554.0,184.66666666666666
26892.0,Cody,Rogers,United Kingdom,3,554.0,184.66666666666666
26895.0,Christine,Shan,United Kingdom,3,554.0,184.66666666666666
26934.0,Kelli,Chander,United Kingdom,3,554.0,184.66666666666666
26944.0,Drew,Nara,United Kingdom,3,554.0,184.66666666666666
26962.0,Francis,Moreno,United Kingdom,3,554.0,184.66666666666666
26978.0,Cassie,Sharma,United Kingdom,3,554.0,184.66666666666666
27583.0,Calvin,Xu,Australia,3,554.0,184.66666666666666
27706.0,Brianna,Flores,Australia,3,554.0,184.66666666666666
27789.0,Nicolas,Goldberg,United Kingdom,3,554.0,184.66666666666666
27956.0,Terrence,Jai,United Kingdom,3,554.0,184.66666666666666
27967.0,Stefanie,Patel,United Kingdom,3,554.0,184.66666666666666
27974.0,Dustin,Shen,Australia,3,554.0,184.66666666666666
27977.0,Jerome,Alonso,Australia,3,554.0,184.66666666666666
27986.0,Henry,Vance,Australia,3,554.0,184.66666666666666
27987.0,Wyatt,Jenkins,Australia,3,554.0,184.66666666666666
28069.0,Jacob,Johnson,Canada,3,554.0,184.66666666666666
28314.0,Dwayne,Romero,Australia,3,554.0,184.66666666666666
28399.0,Dale,Deng,United Kingdom,3,554.0,184.66666666666666
29181.0,Melinda,Suarez,Australia,3,554.0,184.66666666666666
29294.0,Allison,Cooper,Australia,3,554.0,184.66666666666666
29343.0,Glenn,Wu,Australia,3,554.0,184.66666666666666
16109.0,Adam,Turner,Canada,2,549.0,274.5
19714.0,Angela,Price,United States,2,549.0,274.5
19883.0,Kevin,Young,United States,2,549.0,274.5
19990.0,Peter,Rai,United States,2,549.0,274.5
20080.0,Maria,Stewart,United States,2,549.0,274.5
20090.0,Blake,Edwards,United States,2,549.0,274.5
20744.0,Amanda,Barnes,,2,549.0,274.5
21013.0,Connor,Nelson,France,2,549.0,274.5
21090.0,Thomas,Garcia,France,2,549.0,274.5
21487.0,Jacqueline,Ramirez,,2,549.0,274.5
21575.0,Justin,Foster,United States,2,549.0,274.5
21576.0,Benjamin,Gonzales,United States,2,549.0,274.5
21602.0,Manuel,Malhotra,United States,2,549.0,274.5
21610.0,Caleb,Edwards,United States,2,549.0,274.5
21648.0,Ronnie,Sun,United States,2,549.0,274.5
21903.0,Fernando,Jenkins,United States,2,549.0,274.5
22048.0,Grace,Washington,United States,2,549.0,274.5
22091.0,Kayla,Griffin,United States,2,549.0,274.5
22139.0,Jaime,Pal,United States,2,549.0,274.5
22153.0,Alyssa,Kelly,United States,2,549.0,274.5
22189.0,Linda,Hernandez,United States,2,549.0,274.5
22250.0,Michael,Wilson,United States,2,549.0,274.5
22258.0,Jessica,Reed,United States,2,549.0,274.5
22300.0,Kaitlyn,Price,United States,2,549.0,274.5
22328.0,Grace,Anderson,United States,2,549.0,274.5
22334.0,Juan,Serrano,United States,2,549.0,274.5
22466.0,Raul,Tang,France,2,549.0,274.5
22490.0,Desiree,Vazquez,France,2,549.0,274.5
22587.0,Gina,Alonso,Germany,2,549.0,274.5
22638.0,Kristi,Gutierrez,Germany,2,549.0,274.5
22684.0,Lauren,Cooper,Germany,2,549.0,274.5
22689.0,Gilbert,Zheng,France,2,549.0,274.5
22733.0,Alexandria,Powell,United States,2,549.0,274.5
22760.0,Hunter,Chen,United States,2,549.0,274.5
22874.0,Drew,Anand,United States,2,549.0,274.5
22880.0,Ashley,Harris,United States,2,549.0,274.5
22885.0,Caleb,Henderson,United States,2,549.0,274.5
23032.0,Jesse,Parker,United States,2,549.0,274.5
23080.0,Jocelyn,Barnes,United States,2,549.0,274.5
23144.0,Zachary,Alexander,United States,2,549.0,274.5
23165.0,Natalie,Mitchell,United States,2,549.0,274.5
23183.0,Megan,Davis,United States,2,549.0,274.5
23186.0,Jordan,Young,United States,2,549.0,274.5
23384.0,Taylor,Wilson,United States,2,549.0,274.5
23386.0,Jose,Smith,United States,2,549.0,274.5
23444.0,Aidan,Washington,France,2,549.0,274.5
23493.0,Thomas,Taylor,United States,2,549.0,274.5
23520.0,Richard,Wilson,United States,2,549.0,274.5
23709.0,Devin,Perry,United States,2,549.0,274.5
23811.0,Ethan,Powell,United States,2,549.0,274.5
23828.0,Carolyn,Carlson,United States,2,549.0,274.5
23860.0,Eric,Long,United States,2,549.0,274.5
23881.0,Joshua,Martinez,United States,2,549.0,274.5
23887.0,Mason,Carter,United States,2,549.0,274.5
23896.0,Megan,Peterson,United States,2,549.0,274.5
23909.0,Todd,Lin,France,2,549.0,274.5
23982.0,Adam,Diaz,Germany,2,549.0,274.5
23990.0,Claudia,Huang,France,2,549.0,274.5
23991.0,Todd,Zhao,France,2,549.0,274.5
24052.0,Priscilla,Goel,Germany,2,549.0,274.5
24127.0,James,Washington,Germany,2,549.0,274.5
24321.0,Gabriel,Scott,United States,2,549.0,274.5
24327.0,Evan,Rogers,United States,2,549.0,274.5
24331.0,Carson,Powell,United States,2,549.0,274.5
24336.0,Gabrielle,Wright,United States,2,549.0,274.5
24873.0,Alisha,Li,Germany,2,549.0,274.5
25468.0,Krista,Suarez,Germany,2,549.0,274.5
25486.0,Edgar,Rodriguez,Germany,2,549.0,274.5
25591.0,Preston,Ray,Germany,2,549.0,274.5
25626.0,Janet,Diaz,United Kingdom,2,549.0,274.5
25675.0,Joe,Blanco,United Kingdom,2,549.0,274.5
25731.0,Colleen,Tang,United Kingdom,2,549.0,274.5
26372.0,Marie,Browning,United Kingdom,2,549.0,274.5
26837.0,Albert,Martin,United Kingdom,2,549.0,274.5
26870.0,Jill,Gill,United Kingdom,2,549.0,274.5
27179.0,Jamie,Rubio,United Kingdom,2,549.0,274.5
27511.0,Bethany,Goel,Australia,2,549.0,274.5
27862.0,Joanna,Alonso,Australia,2,549.0,274.5
27894.0,Gerald,Sai,United Kingdom,2,549.0,274.5
27909.0,Mayra,Randall,United Kingdom,2,549.0,274.5
27953.0,Marie,Garcia,United Kingdom,2,549.0,274.5
28072.0,Alyssa,Morris,Canada,2,549.0,274.5
28132.0,Clinton,Romero,Australia,2,549.0,274.5
28135.0,Carla,Madan,Australia,2,549.0,274.5
28324.0,Jésus,Martin,Australia,2,549.0,274.5
28353.0,Summer,Kapoor,Australia,2,549.0,274.5
28477.0,Kenneth,Tang,United Kingdom,2,549.0,274.5
29097.0,Bonnie,Beck,Australia,2,549.0,274.5
29099.0,Tony,Shen,Australia,2,549.0,274.5
29298.0,Diana,Moreno,Australia,2,549.0,274.5
29299.0,Bethany,Kumar,Australia,2,549.0,274.5
29344.0,Gilbert,Ye,Australia,2,549.0,274.5
14886.0,Sydney,Powell,Canada,1,540.0,540.0
16021.0,Shelby,Sanchez,Canada,1,540.0,540.0
16128.0,Destiny,Ward,Canada,1,540.0,540.0
17125.0,Paige,Rogers,Canada,1,540.0,540.0
17518.0,Wendy,Gill,United States,1,540.0,540.0
17557.0,Matthew,Davis,United States,1,540.0,540.0
17670.0,Gabrielle,Alexander,United States,1,540.0,540.0
17672.0,Thomas,Coleman,United States,1,540.0,540.0
18471.0,Paige,Stewart,United States,1,540.0,540.0
19163.0,Riley,Bailey,United States,1,540.0,540.0
19203.0,Darren,Navarro,United States,1,540.0,540.0
19204.0,Sydney,Evans,United States,1,540.0,540.0
19658.0,Dylan,Russell,United States,1,540.0,540.0
19697.0,Isabella,Wood,United States,1,540.0,540.0
19769.0,Andrea,Peterson,United States,1,540.0,540.0
19813.0,Rebecca,Perez,United States,1,540.0,540.0
19889.0,Catherine,Sanders,United States,1,540.0,540.0
19994.0,Madeline,King,United States,1,540.0,540.0
20011.0,Eduardo,Sanders,United States,1,540.0,540.0
20013.0,Jocelyn,Hughes,United States,1,540.0,540.0
20753.0,Taylor,Kelly,,1,540.0,540.0
21022.0,Bianca,Huang,France,1,540.0,540.0
21030.0,Lindsay,Xu,France,1,540.0,540.0
21072.0,Dominic,Sanchez,France,1,540.0,540.0
21386.0,Abigail,Wood,,1,540.0,540.0
21439.0,Thomas,Clark,,1,540.0,540.0
21747.0,Derrick,Munoz,United States,1,540.0,540.0
21766.0,Jesse,Baker,United States,1,540.0,540.0
21830.0,Briana,Alonso,United Kingdom,1,540.0,540.0
22042.0,Abigail,Bryant,United States,1,540.0,540.0
22066.0,Paula,Munoz,United States,1,540.0,540.0
22067.0,Julia,Jackson,United States,1,540.0,540.0
22094.0,Jared,Watson,United States,1,540.0,540.0
22249.0,Kevin,Chen,United States,1,540.0,540.0
22257.0,Carrie,Romero,United States,1,540.0,540.0
22262.0,Marcus,Collins,United States,1,540.0,540.0
22281.0,Alexia,Diaz,United States,1,540.0,540.0
22287.0,Megan,Griffin,United States,1,540.0,540.0
22301.0,Abigail,Rodriguez,United States,1,540.0,540.0
22398.0,Sheila,Moreno,Germany,1,540.0,540.0
22459.0,Johnny,Xu,Germany,1,540.0,540.0
22472.0,Bridget,Sharma,France,1,540.0,540.0
22522.0,Benjamin,Hayes,Germany,1,540.0,540.0
22615.0,Misty,Xu,Germany,1,540.0,540.0
22770.0,Chloe,Morgan,United States,1,540.0,540.0
22862.0,Derrick,Navarro,United States,1,540.0,540.0
22872.0,Sara,Bailey,United States,1,540.0,540.0
22873.0,Robert,Williams,United States,1,540.0,540.0
22888.0,Abigail,Long,United States,1,540.0,540.0
22898.0,Melanie,Washington,United States,1,540.0,540.0
22900.0,Hunter,Li,United States,1,540.0,540.0
22972.0,Bailey,James,United States,1,540.0,540.0
22994.0,Chloe,Allen,United States,1,540.0,540.0
23034.0,Melanie,Cooper,United States,1,540.0,540.0
23073.0,Christian,Griffin,United States,1,540.0,540.0
23110.0,Mackenzie,Gonzalez,United States,1,540.0,540.0
23148.0,Nathan,Ross,United States,1,540.0,540.0
23167.0,Hailey,Jenkins,United States,1,540.0,540.0
23168.0,Mya,Hayes,United States,1,540.0,540.0
23176.0,Jesse,Ward,United States,1,540.0,540.0
23178.0,Dalton,Morris,United States,1,540.0,540.0
23179.0,Jordan,Phillips,United States,1,540.0,540.0
23239.0,Curtis,Wu,United States,1,540.0,540.0
23257.0,Charles,Stewart,United States,1,540.0,540.0
23264.0,Warren,Hu,United States,1,540.0,540.0
23352.0,Kevin,Mitchell,United States,1,540.0,540.0
23359.0,Dalton,Alexander,United States,1,540.0,540.0
23365.0,Vanessa,Flores,United States,1,540.0,540.0
23390.0,Dakota,Flores,United States,1,540.0,540.0
23394.0,Anna,Bell,United States,1,540.0,540.0
23480.0,Sydney,Coleman,United States,1,540.0,540.0
23484.0,Jenna,Allen,United States,1,540.0,540.0
23499.0,Spencer,Washington,United States,1,540.0,540.0
23506.0,Jesse,Campbell,United States,1,540.0,540.0
23515.0,Zachary,Walker,United States,1,540.0,540.0
23680.0,Anna,Powell,United States,1,540.0,540.0
23706.0,Mackenzie,Cooper,United States,1,540.0,540.0
23715.0,Isabel,Flores,United States,1,540.0,540.0
23746.0,Lane,Sacksteder,France,1,540.0,540.0
23838.0,Ariana,Ready,United States,1,540.0,540.0
23840.0,Mason,Ward,United States,1,540.0,540.0
23850.0,Anna,Hall,United States,1,540.0,540.0
23851.0,Mariah,Rogers,United States,1,540.0,540.0
23874.0,Abigail,Cook,United States,1,540.0,540.0
23885.0,Angela,Morris,United States,1,540.0,540.0
23895.0,Nicole,Powell,United States,1,540.0,540.0
23900.0,Rafael,Yang,Germany,1,540.0,540.0
23903.0,Harold,Subram,Germany,1,540.0,540.0
24037.0,Ramon,Guo,France,1,540.0,540.0
24121.0,Valerie,Liu,Germany,1,540.0,540.0
24155.0,Tracy,Raje,Germany,1,540.0,540.0
24191.0,Marshall,He,Germany,1,540.0,540.0
24224.0,Nicole,Perry,United States,1,540.0,540.0
24291.0,Eduardo,Garcia,United States,1,540.0,540.0
24387.0,Elijah,Mitchell,United States,1,540.0,540.0
24717.0,Damien,Anand,Germany,1,540.0,540.0
25508.0,Melissa,Cook,Germany,1,540.0,540.0
25575.0,Elijah,Campbell,Germany,1,540.0,540.0
25587.0,Isaiah,Young,Germany,1,540.0,540.0
25589.0,Lydia,Perez,Germany,1,540.0,540.0
25596.0,Cheryl,Moreno,Germany,1,540.0,540.0
25597.0,Alan,She,Germany,1,540.0,540.0
25608.0,Sandra,Zeng,United Kingdom,1,540.0,540.0
25616.0,Jésus,Rubio,United Kingdom,1,540.0,540.0
25646.0,Randall,Torres,United Kingdom,1,540.0,540.0
25656.0,Brenda,Sanchez,United Kingdom,1,540.0,540.0
25727.0,Cheryl,Torres,United Kingdom,1,540.0,540.0
25739.0,Cory,Rodriguez,United Kingdom,1,540.0,540.0
25747.0,Marshall,Xu,United Kingdom,1,540.0,540.0
25748.0,Kayla,Butler,United Kingdom,1,540.0,540.0
26220.0,Jonathan,Harris,United Kingdom,1,540.0,540.0
26360.0,Max,Blanco,United Kingdom,1,540.0,540.0
26842.0,Felicia,Alonso,United Kingdom,1,540.0,540.0
26860.0,Olivia,Miller,United Kingdom,1,540.0,540.0
26868.0,Lydia,Raman,United Kingdom,1,540.0,540.0
27121.0,Teresa,Rubio,United Kingdom,1,540.0,540.0
27130.0,Eric,Parker,United Kingdom,1,540.0,540.0
27162.0,Phillip,Madan,United Kingdom,1,540.0,540.0
27512.0,Joe,Lopez,Australia,1,540.0,540.0
27514.0,Daisy,Navarro,Australia,1,540.0,540.0
27515.0,Keith,Becker,Australia,1,540.0,540.0
27517.0,Jessie,Xu,Australia,1,540.0,540.0
27581.0,Phillip,Kapoor,Australia,1,540.0,540.0
27689.0,Seth,Walker,Australia,1,540.0,540.0
27693.0,Tyrone,Alvarez,Australia,1,540.0,540.0
27778.0,Tabitha,Garcia,United Kingdom,1,540.0,540.0
27861.0,Karen,He,Australia,1,540.0,540.0
27896.0,Orlando,Torres,United Kingdom,1,540.0,540.0
27906.0,Gilbert,Chen,United Kingdom,1,540.0,540.0
27973.0,Randall,Serrano,Australia,1,540.0,540.0
27983.0,Ruben,Saunders,Australia,1,540.0,540.0
27985.0,Michele,Shen,Australia,1,540.0,540.0
28120.0,Pedro,Alvarez,Australia,1,540.0,540.0
28211.0,Randall,Suarez,Australia,1,540.0,540.0
28316.0,Jaime,Martin,Australia,1,540.0,540.0
28317.0,Ivan,Weber,Australia,1,540.0,540.0
28320.0,Janet,Navarro,Australia,1,540.0,540.0
28371.0,Mandy,Liang,United Kingdom,1,540.0,540.0
28427.0,Yolanda,Deng,United Kingdom,1,540.0,540.0
28692.0,Kristi,Rowe,United Kingdom,1,540.0,540.0
29066.0,Ricky,Suarez,Australia,1,540.0,540.0
29067.0,Russell,Chander,Australia,1,540.0,540.0
29182.0,Wesley,Xu,Australia,1,540.0,540.0
29313.0,Jésus,Sanz,Australia,1,540.0,540.0
11827.0,Sara,Baker,Canada,15,511.0,34.06666666666667
11642.0,Morgan,Hughes,Canada,15,481.0,32.06666666666667
11769.0,Haley,Hernandez,Canada,17,478.0,28.11764705882353
12970.0,Angela,Powell,Canada,15,471.0,31.4
14904.0,Spencer,Powell,Canada,12,468.0,39.0
15468.0,Emma,Foster,Canada,10,437.0,43.7
12892.0,Brian,Peterson,Canada,14,419.0,29.928571428571427
11640.0,Chloe,Wilson,Canada,15,408.0,27.2
12054.0,Luke,Diaz,Canada,11,403.0,36.63636363636363
14566.0,Kaylee,Mitchell,Canada,13,402.0,30.923076923076923
13005.0,Desiree,Alvarez,Australia,6,387.0,64.5
11740.0,Jan,Hall,Canada,14,384.0,27.428571428571427
12672.0,Carson,Butler,Australia,5,382.0,76.4
15943.0,Richard,Watson,Canada,9,365.0,40.55555555555556
19224.0,Stephanie,Henderson,Canada,9,352.0,39.111111111111114
17381.0,Krystal,Guo,Australia,4,348.0,87.0
16609.0,Gary,Jimenez,Australia,9,345.0,38.333333333333336
14087.0,Harold,Garcia,Australia,5,342.0,68.4
16089.0,Lucas,Brooks,Canada,8,342.0,42.75
12678.0,Dana,Serrano,Australia,8,341.0,42.625
13474.0,Elizabeth,Hall,Canada,14,340.0,24.285714285714285
12530.0,Isabel,Coleman,Canada,11,338.0,30.727272727272727
12895.0,Destiny,Anderson,Canada,15,336.0,22.4
12606.0,Arthur,Van,France,11,333.0,30.272727272727273
11738.0,Elijah,Alexander,Canada,13,330.0,25.384615384615383
13095.0,Jordan,Griffin,Canada,12,329.0,27.416666666666668
15353.0,Michele,Xu,United Kingdom,9,326.0,36.22222222222222
11709.0,Hailey,Collins,Canada,12,325.0,27.083333333333332
13140.0,Jamie,Zhu,Australia,10,325.0,32.5
11660.0,Miranda,Gonzales,Canada,15,323.0,21.533333333333335
12945.0,Jessica,Bailey,Canada,13,322.0,24.76923076923077
17442.0,Edward,Taylor,Canada,11,320.0,29.09090909090909
14725.0,Evan,Morgan,Canada,10,319.0,31.9
15413.0,Donald,Prasad,Canada,9,319.0,35.44444444444444
12692.0,Glenn,Lu,Australia,6,315.0,52.5
11652.0,Samuel,Russell,Canada,14,310.0,22.142857142857142
14328.0,Andrea,Rogers,Canada,15,308.0,20.533333333333335
11841.0,Sean,Nelson,Canada,13,307.0,23.615384615384617
14611.0,Zoe,James,Canada,8,305.0,38.125
11641.0,James,Chen,Canada,11,302.0,27.454545454545453
18759.0,Devin,Phillips,Canada,8,302.0,37.75
18919.0,Eduardo,Hernandez,Canada,6,301.0,50.166666666666664
13756.0,Kaylee,Young,Canada,13,298.0,22.923076923076923
11677.0,Charles,Walker,Canada,10,297.0,29.7
15748.0,Austin,Jenkins,Canada,8,297.0,37.125
12697.0,Brenda,Stone,Australia,8,296.0,37.0
13002.0,Roger,Cai,Australia,7,295.0,42.142857142857146
12444.0,Mackenzie,Phillips,Canada,11,293.0,26.636363636363637
11875.0,Jonathan,Brown,Canada,11,292.0,26.545454545454547
16689.0,Rafael,Shen,Australia,6,291.0,48.5
13268.0,Katherine,Parker,Canada,12,290.0,24.166666666666668
12430.0,Kaitlyn,Thompson,Canada,11,289.0,26.272727272727273
11661.0,Jeremiah,James,Canada,11,287.0,26.09090909090909
11861.0,Katherine,Carter,Canada,13,287.0,22.076923076923077
13175.0,Noah,Smith,Canada,12,287.0,23.916666666666668
13941.0,Brittany,Hayes,Canada,11,287.0,26.09090909090909
11719.0,Blake,Green,Canada,11,286.0,26.0
13830.0,Andrea,Cox,United Kingdom,6,285.0,47.5
13758.0,Alexandria,Bell,Canada,10,284.0,28.4
19647.0,Hailey,Sanders,Canada,7,282.0,40.285714285714285
13144.0,Destiny,Stewart,Canada,11,281.0,25.545454545454547
12165.0,Caleb,Flores,Canada,13,280.0,21.53846153846154
14054.0,Reginald,Martin,Australia,5,280.0,56.0
11987.0,Diane,Vazquez,Australia,8,278.0,34.75
11922.0,James,Davis,Canada,12,276.0,23.0
15494.0,Anna,Ross,Canada,7,276.0,39.42857142857143
11760.0,Melody,Moreno,Australia,9,275.0,30.555555555555557
12363.0,Kayla,Thompson,Canada,11,274.0,24.90909090909091
11273.0,Nathan,Lal,United States,8,273.0,34.125
12352.0,Ramon,Zhang,Australia,7,273.0,39.0
12760.0,Krista,Gomez,Canada,12,273.0,22.75
11784.0,Jose,Turner,Canada,12,272.0,22.666666666666668
12533.0,Luis,Washington,United States,7,272.0,38.857142857142854
12147.0,Taylor,Patterson,Canada,13,271.0,20.846153846153847
11869.0,Kaitlyn,Adams,Canada,14,268.0,19.142857142857142
13920.0,Amanda,Rogers,Canada,12,268.0,22.333333333333332
15507.0,Hailey,Campbell,Canada,9,268.0,29.77777777777778
18852.0,Allison,Sanders,Canada,5,268.0,53.6
12936.0,Renee,Moreno,Canada,9,265.0,29.444444444444443
11823.0,Morgan,Turner,Canada,16,263.0,16.4375
14320.0,Amy,Hu,Australia,6,262.0,43.666666666666664
12074.0,Megan,Jenkins,Canada,13,261.0,20.076923076923077
12916.0,Natalie,Ross,Canada,9,261.0,29.0
13816.0,Marissa,Henderson,United Kingdom,9,261.0,29.0
17026.0,Jordan,Li,Canada,10,261.0,26.1
12159.0,Kaitlyn,Scott,Canada,12,259.0,21.583333333333332
12412.0,Mackenzie,Wright,United States,5,259.0,51.8
14291.0,Tyler,White,Canada,8,259.0,32.375
11849.0,Faith,Reed,United States,5,258.0,51.6
11510.0,Seth,Roberts,Canada,16,257.0,16.0625
12919.0,Carlos,Hill,Canada,13,257.0,19.76923076923077
13013.0,Vincent,Ye,Australia,7,256.0,36.57142857142857
14359.0,Eduardo,Henderson,Canada,8,256.0,32.0
15498.0,Alexandra,Washington,Canada,10,256.0,25.6
11698.0,Jackson,Wright,Canada,7,255.0,36.42857142857143
11788.0,Destiny,James,United States,5,255.0,51.0
12056.0,Ian,Ward,Canada,11,254.0,23.09090909090909
14529.0,Kaitlin,Sai,United Kingdom,6,254.0,42.333333333333336
11682.0,Kaitlyn,Hall,United States,4,253.0,63.25
19640.0,Richard,Walker,Canada,9,252.0,28.0
14091.0,Logan,Thomas,Canada,11,251.0,22.818181818181817
16646.0,Xavier,Collins,Canada,8,251.0,31.375
15536.0,Victoria,Thomas,Canada,10,250.0,25.0
24424.0,Morgan,Russell,United States,4,250.0,62.5
11868.0,Jessica,Peterson,Canada,11,248.0,22.545454545454547
13231.0,Alexia,Ross,Canada,11,248.0,22.545454545454547
16948.0,Emma,Lee,Canada,9,248.0,27.555555555555557
12691.0,Rafael,Andersen,Australia,5,247.0,49.4
12928.0,Carol,Wright,Canada,10,247.0,24.7
12191.0,Melissa,Washington,United States,5,246.0,49.2
13998.0,Ethan,Martin,Australia,6,245.0,40.833333333333336
14341.0,Sean,Sanders,Canada,14,244.0,17.428571428571427
18926.0,Alexandre,Lobao,Canada,7,244.0,34.857142857142854
14633.0,Timothy,Morgan,Canada,11,243.0,22.09090909090909
14806.0,Damien,Jai,United Kingdom,6,243.0,40.5
15230.0,Jillian,Vance,Australia,6,243.0,40.5
15863.0,Adam,Scott,Canada,9,243.0,27.0
11870.0,Jillian,Garcia,United States,5,242.0,48.4
13047.0,Rodney,Vazquez,Australia,7,242.0,34.57142857142857
12260.0,Melinda,Romero,United Kingdom,5,241.0,48.2
12513.0,Austin,Thompson,United Kingdom,5,241.0,48.2
15847.0,Edward,White,Canada,6,241.0,40.166666666666664
11824.0,Jill,Martin,Canada,11,240.0,21.818181818181817
11833.0,Oscar,Price,Canada,11,240.0,21.818181818181817
13141.0,Walter,Hernandez,Australia,7,240.0,34.285714285714285
12097.0,Sean,Allen,Canada,10,238.0,23.8
12939.0,Eduardo,Parker,Canada,13,238.0,18.307692307692307
14675.0,Brandi,Gomez,Australia,4,238.0,59.5
11581.0,Cindy,Jordan,France,11,237.0,21.545454545454547
15872.0,Gabriella,Gonzalez,Canada,8,237.0,29.625
18713.0,Rosa,Yang,Australia,4,237.0,59.25
11094.0,Cedric,Ma,Australia,8,236.0,29.5
12532.0,Jose,Carter,Canada,9,235.0,26.11111111111111
13634.0,Alexis,Russell,Australia,7,235.0,33.57142857142857
11659.0,Miguel,Adams,Canada,10,234.0,23.4
11931.0,Marcus,Adams,United States,7,234.0,33.42857142857143
14586.0,Todd,Rowe,Canada,7,234.0,33.42857142857143
16717.0,Masaki,Umeda,Canada,10,234.0,23.4
14096.0,Samuel,Green,Canada,12,233.0,19.416666666666668
16488.0,Joel,Rodriguez,Australia,8,233.0,29.125
23696.0,Autumn,Li,United States,7,233.0,33.285714285714285
11820.0,Katelyn,Lopez,Canada,10,232.0,23.2
12696.0,Stacey,Hu,Australia,5,232.0,46.4
13092.0,William,Walker,United States,5,232.0,46.4
15418.0,Angel,Kelly,Canada,8,232.0,29.0
17305.0,Neil,Torres,Australia,5,232.0,46.4
11419.0,Kyle,Scott,United Kingdom,6,231.0,38.5
13096.0,Jonathan,Chen,Canada,13,231.0,17.76923076923077
13170.0,Sebastian,Reed,United States,4,231.0,57.75
17027.0,Brianna,Taylor,Canada,9,231.0,25.666666666666668
11803.0,Jan,Hernandez,United States,6,230.0,38.333333333333336
13003.0,Jill,Hernandez,Australia,6,230.0,38.333333333333336
13116.0,Tyrone,Diaz,Australia,6,230.0,38.333333333333336
13762.0,Gavin,Long,Canada,12,230.0,19.166666666666668
13814.0,Sarah,Walker,United Kingdom,7,230.0,32.857142857142854
14156.0,Preston,Gonzalez,United Kingdom,5,230.0,46.0
16698.0,Mallory,Gill,Australia,6,230.0,38.333333333333336
17496.0,Tabitha,Sanz,Australia,5,230.0,46.0
12183.0,Emily,Robinson,Canada,10,229.0,22.9
17840.0,Larry,Hernandez,United Kingdom,5,229.0,45.8
12682.0,Kari,Subram,Australia,5,228.0,45.6
12795.0,Antonio,Foster,Canada,9,228.0,25.333333333333332
12146.0,Xavier,Thomas,United States,6,227.0,37.833333333333336
13155.0,Jay,Gutierrez,Australia,6,227.0,37.833333333333336
20944.0,Rebecca,Hernandez,France,3,227.0,75.66666666666667
11651.0,Patricia,Garcia,Canada,8,226.0,28.25
13486.0,Rebekah,Gomez,Canada,7,226.0,32.285714285714285
14100.0,Alisha,Xu,Australia,5,226.0,45.2
15874.0,Samuel,Martin,Canada,6,226.0,37.666666666666664
15878.0,Kevin,Flores,Canada,7,226.0,32.285714285714285
17601.0,Jose,Hall,Canada,8,226.0,28.25
13751.0,Allison,Rivera,Canada,9,225.0,25.0
11726.0,Micah,Liang,United States,7,224.0,32.0
12431.0,Wyatt,Thomas,Canada,8,224.0,28.0
14079.0,Lauren,Price,Canada,11,224.0,20.363636363636363
14313.0,Christian,Smith,Australia,7,223.0,31.857142857142858
12107.0,Nathan,Gonzales,Canada,8,222.0,27.75
13158.0,Casey,Xu,Australia,9,222.0,24.666666666666668
17680.0,Mackenzie,Gray,Canada,7,222.0,31.714285714285715
18320.0,Luis,Jai,Canada,10,222.0,22.2
13184.0,Miguel,Perez,United States,5,221.0,44.2
17409.0,Christina,James,Canada,4,220.0,55.0
13936.0,Nathan,Wilson,Canada,8,219.0,27.375
14455.0,Alexandra,Mitchell,Canada,8,219.0,27.375
18492.0,Tamara,Johnston,Australia,4,218.0,54.5
12361.0,Dana,Diaz,Australia,5,217.0,43.4
12704.0,Barbara,Nara,Australia,5,217.0,43.4
13099.0,Jay,Romero,United States,5,217.0,43.4
18642.0,Brianna,Thompson,Canada,9,216.0,24.0
22773.0,Autumn,Zhang,United States,4,216.0,54.0
13635.0,Kurt,Deng,Australia,7,215.0,30.714285714285715
13675.0,Stanley,Sai,United Kingdom,8,215.0,26.875
14265.0,Garrett,Bell,Canada,9,215.0,23.88888888888889
15172.0,Alexandra,Hill,Canada,12,215.0,17.916666666666668
17119.0,Isabella,Harris,Canada,9,215.0,23.88888888888889
11802.0,Madison,Taylor,Canada,12,214.0,17.833333333333332
13285.0,Kara,Chavez,Canada,11,214.0,19.454545454545453
13318.0,Amber,Perez,Canada,12,214.0,17.833333333333332
13627.0,Natasha,Rubio,Australia,6,214.0,35.666666666666664
15157.0,Jordan,Gonzalez,Canada,7,214.0,30.571428571428573
12371.0,Stefanie,Subram,Australia,7,213.0,30.428571428571427
16096.0,Kenneth,She,Canada,9,212.0,23.555555555555557
16902.0,Shawn,She,Canada,3,212.0,70.66666666666667
16950.0,Connor,Edwards,Canada,10,212.0,21.2
15108.0,Colleen,Gao,United Kingdom,7,211.0,30.142857142857142
11724.0,Jason,Carter,Canada,13,210.0,16.153846153846153
13664.0,Larry,Diaz,United Kingdom,6,210.0,35.0
15007.0,Jaime,Rubio,Canada,9,210.0,23.333333333333332
11862.0,Olivia,Peterson,United States,5,209.0,41.8
11975.0,Destiny,Garcia,United States,6,209.0,34.833333333333336
11222.0,Alexandra,Rivera,United States,6,208.0,34.666666666666664
12958.0,Jennifer,Campbell,United States,4,208.0,52.0
13159.0,Roberto,Ramos,Australia,8,208.0,26.0
15974.0,Marcus,Green,Canada,7,208.0,29.714285714285715
17385.0,Grace,Martinez,Canada,10,208.0,20.8
11197.0,Andrea,Morris,United States,6,207.0,34.5
12161.0,Alexandria,Rogers,United States,4,207.0,51.75
17374.0,Jason,Diaz,Canada,12,206.0,17.166666666666668
12496.0,Melanie,Cox,United Kingdom,4,205.0,51.25
13120.0,Levi,Weber,Australia,7,205.0,29.285714285714285
16666.0,Taylor,Torres,Canada,5,205.0,41.0
17348.0,Ariana,Cooper,Canada,8,205.0,25.625
17539.0,Grace,Wilson,Canada,7,205.0,29.285714285714285
18382.0,Isabella,Garcia,Canada,5,205.0,41.0
11254.0,Johnathan,Vance,United States,9,204.0,22.666666666666668
12959.0,Sydney,Carter,Canada,9,204.0,22.666666666666668
14686.0,Casey,Raje,Australia,5,204.0,40.8
18749.0,Olivia,Stewart,Canada,9,204.0,22.666666666666668
14953.0,Adrienne,Gill,United Kingdom,5,203.0,40.6
11065.0,Jessica,Henderson,United States,5,202.0,40.4
11137.0,Jasmine,Taylor,United States,5,202.0,40.4
12158.0,Kyle,Phillips,Canada,11,202.0,18.363636363636363
13180.0,Leslie,Sanz,United States,4,201.0,50.25
13788.0,Kari,Fernandez,United Kingdom,7,201.0,28.714285714285715
18078.0,Ruben,Srini,Canada,5,201.0,40.2
22206.0,Cynthia,Rodriguez,Australia,4,201.0,50.25
27150.0,Lacey,Anand,Australia,4,201.0,50.25
27325.0,Todd,Liang,Germany,4,201.0,50.25
11087.0,Tamara,Liang,United States,4,200.0,50.0
12203.0,Zachary,Hughes,Canada,12,200.0,16.666666666666668
12880.0,Luis,Hayes,Canada,8,200.0,25.0
12984.0,Adam,Young,Canada,11,200.0,18.181818181818183
14099.0,Rafael,Lin,Australia,5,200.0,40.0
15251.0,Noah,Hall,Canada,11,200.0,18.181818181818183
15696.0,Damien,Sun,France,3,199.0,66.33333333333333
19675.0,Dwayne,Gill,Australia,3,199.0,66.33333333333333
13760.0,Brian,Cooper,Canada,11,198.0,18.0
16005.0,Jordan,Hill,Canada,6,198.0,33.0
19646.0,Ian,Lee,Canada,7,198.0,28.285714285714285
25018.0,Lucas,Robinson,United States,4,198.0,49.5
28431.0,Tyrone,Sanz,France,4,198.0,49.5
11845.0,Natalie,Jones,Canada,11,197.0,17.90909090909091
12690.0,Roger,Zhang,Australia,6,197.0,32.833333333333336
14626.0,Jesse,Gray,Canada,8,197.0,24.625
14858.0,Louis,Zhu,Australia,4,197.0,49.25
15879.0,Tyler,Wilson,Canada,6,197.0,32.833333333333336
19709.0,Christian,Martin,Canada,6,197.0,32.833333333333336
11509.0,Roger,Harui,United States,3,196.0,65.33333333333333
13183.0,Christian,Jenkins,United States,3,196.0,65.33333333333333
13988.0,Miguel,White,Canada,10,196.0,19.6
14307.0,Ross,Perez,Australia,5,196.0,39.2
14897.0,Hunter,Moore,Canada,11,196.0,17.818181818181817
15761.0,Xavier,Thompson,Canada,11,196.0,17.818181818181817
16380.0,Mariah,Torres,Canada,4,196.0,49.0
17844.0,Martha,Zeng,United Kingdom,5,196.0,39.2
18524.0,Edward,Alexander,Canada,4,196.0,49.0
20715.0,Henry,Kapoor,Germany,4,196.0,49.0
24406.0,Reginald,Vazquez,United States,3,196.0,65.33333333333333
24620.0,Olivia,Morgan,United States,3,196.0,65.33333333333333
24772.0,Greg,Russell,United States,3,196.0,65.33333333333333
24822.0,Paige,Cook,United States,3,196.0,65.33333333333333
11733.0,Kristi,Schmidt,United States,4,195.0,48.75
12111.0,Jacqueline,Gonzales,United States,4,195.0,48.75
12199.0,Christina,Richardson,United States,4,195.0,48.75
13014.0,James,Clark,United States,4,195.0,48.75
14282.0,Brianna,Lewis,Canada,9,195.0,21.666666666666668
14480.0,Jackson,Gonzalez,Canada,7,195.0,27.857142857142858
14661.0,Jade,Ward,Canada,10,195.0,19.5
16481.0,Madison,Bryant,Australia,8,195.0,24.375
19839.0,Carly,Yuan,Canada,5,195.0,39.0
26261.0,Brooke,Watson,United States,4,195.0,48.75
29417.0,Kellie,Vazquez,Germany,4,195.0,48.75
14209.0,Craig,Ramos,Australia,4,194.0,48.5
18040.0,Curtis,Liu,France,3,194.0,64.66666666666667
20973.0,April,Andersen,United Kingdom,3,194.0,64.66666666666667
22754.0,Robert,Foster,United States,3,194.0,64.66666666666667
22777.0,Tyler,Garcia,United States,3,194.0,64.66666666666667
23671.0,Fernando,Thomas,United States,3,194.0,64.66666666666667
24410.0,Sara,Sanders,United States,3,194.0,64.66666666666667
28024.0,Miguel,Perry,United States,5,194.0,38.8
11717.0,Marcus,Jones,United States,5,193.0,38.6
11723.0,Luke,Coleman,Canada,9,193.0,21.444444444444443
12695.0,Kari,Ruiz,Australia,4,193.0,48.25
14363.0,Natalie,Long,Canada,9,193.0,21.444444444444443
14547.0,Noah,Thompson,United Kingdom,5,193.0,38.6
16149.0,Dalton,Perry,Canada,7,193.0,27.571428571428573
19801.0,John,Lee,Canada,9,193.0,21.444444444444443
19934.0,Neil,Blanco,Germany,6,193.0,32.166666666666664
11073.0,Amy,Ye,Australia,10,192.0,19.2
11150.0,Russell,Shen,Australia,8,192.0,24.0
11499.0,Pedro,Vance,United States,6,192.0,32.0
11673.0,Susan,Ye,United States,6,192.0,32.0
11713.0,Kyle,Zhang,United States,6,192.0,32.0
13169.0,Caleb,Griffin,United States,3,192.0,64.0
13171.0,Catherine,Torres,United States,3,192.0,64.0
15197.0,Elijah,Kumar,Canada,10,192.0,19.2
15942.0,Lucas,Rodriguez,Canada,7,192.0,27.428571428571427
13628.0,Kaitlin,Schmidt,Australia,6,191.0,31.833333333333332
14312.0,Claudia,Lin,Australia,4,191.0,47.75
14531.0,Abigail,Garcia,United Kingdom,7,191.0,27.285714285714285
15235.0,Kari,Lopez,Australia,7,191.0,27.285714285714285
21251.0,Erika,Dominguez,Canada,4,191.0,47.75
21818.0,Willie,Chander,France,3,191.0,63.666666666666664
22165.0,Aaron,Perez,United States,3,191.0,63.666666666666664
24927.0,Kaitlyn,Harris,United States,4,191.0,47.75
26043.0,Jodi,Becker,United States,4,191.0,47.75
26048.0,Brad,Oliver,United States,4,191.0,47.75
13004.0,Randy,Chen,Australia,4,190.0,47.5
13048.0,Alexis,Hayes,Australia,7,190.0,27.142857142857142
13179.0,Adrian,Sanchez,Canada,10,190.0,19.0
13707.0,Austin,Smith,Canada,9,190.0,21.11111111111111
14906.0,Robert,Washington,Canada,9,190.0,21.11111111111111
16847.0,Eduardo,Hall,Canada,5,190.0,38.0
17855.0,Ronald,Lopez,United Kingdom,5,190.0,38.0
28639.0,Jacqueline,Morgan,United States,4,190.0,47.5
29034.0,Jonathan,Patterson,United States,4,190.0,47.5
29212.0,Jocelyn,Gonzales,United States,4,190.0,47.5
13639.0,Colin,Liang,Australia,5,189.0,37.8
15564.0,Eduardo,Hughes,Canada,8,189.0,23.625
16170.0,Juan,Rubio,Australia,5,189.0,37.8
26203.0,Nicole,Hall,United States,3,189.0,63.0
12679.0,Stacy,Gill,Australia,3,188.0,62.666666666666664
15526.0,Isabelle,Flores,Canada,10,188.0,18.8
15816.0,Victoria,Miller,Canada,8,188.0,23.5
15829.0,Devin,Diaz,Australia,3,188.0,62.666666666666664
16255.0,Taylor,Russell,France,3,188.0,62.666666666666664
16628.0,Francisco,Prasad,Australia,4,188.0,47.0
17877.0,Danny,Blanco,Germany,3,188.0,62.666666666666664
18023.0,Terrence,Raji,Germany,3,188.0,62.666666666666664
20714.0,Christine,Beck,United Kingdom,3,188.0,62.666666666666664
21847.0,Dominic,Madan,United Kingdom,3,188.0,62.666666666666664
27214.0,Bianca,Zimmerman,United States,3,188.0,62.666666666666664
28633.0,Christina,Howard,United States,3,188.0,62.666666666666664
17078.0,Jenny,Zhu,Australia,6,187.0,31.166666666666668
20223.0,Terrance,Malhotra,Australia,8,187.0,23.375
12351.0,Cara,Zhang,Australia,7,186.0,26.571428571428573
13181.0,Brian,Morgan,United States,4,186.0,46.5
13530.0,Krystal,Chen,United Kingdom,3,186.0,62.0
13803.0,Krystal,Zheng,Germany,3,186.0,62.0
14575.0,Rachel,Lee,United States,3,186.0,62.0
16172.0,Janelle,Perez,Australia,7,186.0,26.571428571428573
18181.0,Neil,Diaz,United Kingdom,7,186.0,26.571428571428573
18812.0,Kyle,Adams,Canada,5,186.0,37.2
19344.0,Mandy,Ma,Germany,3,186.0,62.0
13239.0,Matthew,Thomas,Canada,11,185.0,16.818181818181817
15826.0,Marissa,Price,Canada,10,185.0,18.5
16162.0,Mackenzie,Morgan,Australia,7,185.0,26.428571428571427
19217.0,Jose,Nelson,Canada,8,185.0,23.125
21992.0,Alejandro,Zhang,Australia,5,184.0,36.8
22377.0,Roger,Zeng,France,3,184.0,61.333333333333336
22531.0,Tiffany,Zhou,France,3,184.0,61.333333333333336
24278.0,Cedric,Xu,Australia,3,184.0,61.333333333333336
26792.0,Casey,Torres,United States,3,184.0,61.333333333333336
26843.0,Noah,Gonzalez,Germany,3,184.0,61.333333333333336
28921.0,Corey,Deng,United Kingdom,3,184.0,61.333333333333336
29373.0,Bobby,Subram,United Kingdom,3,184.0,61.333333333333336
12652.0,Carolyn,Martin,United Kingdom,6,183.0,30.5
15478.0,Melanie,Russell,Canada,9,183.0,20.333333333333332
27525.0,Ariana,Sanders,United States,3,182.0,60.666666666666664
27814.0,Katrina,Shan,Germany,3,182.0,60.666666666666664
29445.0,Bonnie,Lal,France,3,182.0,60.666666666666664
11201.0,Amanda,Foster,United States,6,181.0,30.166666666666668
12136.0,Blake,Turner,Canada,10,181.0,18.1
12979.0,Christina,Ward,United States,2,181.0,90.5
13337.0,Lauren,Cox,United States,2,181.0,90.5
13872.0,Alyssa,Henderson,United States,2,181.0,90.5
14450.0,Kevin,Butler,United States,2,181.0,90.5
15543.0,Emma,Flores,Canada,5,181.0,36.2
16846.0,James,Phillips,Canada,4,181.0,45.25
21777.0,Emily,Gonzales,Canada,2,181.0,90.5
12969.0,Richard,Rodriguez,Canada,12,180.0,15.0
13983.0,Logan,Collins,Australia,8,180.0,22.5
14077.0,Bryan,Townsend,Canada,8,180.0,22.5
16721.0,Xavier,Sanders,Canada,8,180.0,22.5
17213.0,Calvin,Goel,United Kingdom,6,180.0,30.0
11233.0,Todd,Li,United States,7,179.0,25.571428571428573
11653.0,Sydney,Peterson,United States,5,179.0,35.8
11657.0,Megan,Cox,United States,5,179.0,35.8
15244.0,Alexis,Rodriguez,Canada,12,179.0,14.916666666666666
28617.0,Noah,Davis,United States,3,179.0,59.666666666666664
13137.0,Jacqueline,Simmons,Australia,6,178.0,29.666666666666668
13670.0,Brittney,Zeng,Australia,5,178.0,35.6
14278.0,Olivia,Sanchez,Australia,5,178.0,35.6
14554.0,Isaac,Mitchell,United Kingdom,5,178.0,35.6
14934.0,Jermaine,Sai,United Kingdom,5,178.0,35.6
17809.0,Josue,Blanco,France,5,178.0,35.6
14574.0,Katherine,Powell,Canada,11,177.0,16.09090909090909
16840.0,Xavier,Torres,Canada,4,177.0,44.25
16849.0,Jonathan,Collins,Canada,4,177.0,44.25
17036.0,Savannah,Perez,Canada,4,177.0,44.25
17867.0,Stephanie,Sanchez,Canada,6,177.0,29.5
13043.0,Brenda,Madan,Australia,6,176.0,29.333333333333332
13491.0,Natalie,Howard,Canada,9,176.0,19.555555555555557
12972.0,Carolyn,Suri,Canada,10,175.0,17.5
14655.0,Kayla,Washington,Canada,5,175.0,35.0
17298.0,Lucas,Peterson,Australia,5,175.0,35.0
17422.0,Hunter,Campbell,Canada,7,175.0,25.0
11732.0,Erick,Sanchez,United States,5,174.0,34.8
12077.0,Nicole,Sandberg,Canada,9,174.0,19.333333333333332
12295.0,Dwayne,Gomez,France,9,174.0,19.333333333333332
14069.0,Joy,Serrano,Australia,6,174.0,29.0
17237.0,Bridget,Shen,Australia,6,174.0,29.0
19580.0,Eddie,Sanz,Australia,6,174.0,29.0
26898.0,Ashley,Simmons,France,5,174.0,34.8
13423.0,Alex,Peterson,Canada,8,173.0,21.625
15326.0,Todd,Zheng,United States,3,173.0,57.666666666666664
15559.0,Devin,Flores,Canada,7,173.0,24.714285714285715
16584.0,Devin,Gray,United Kingdom,5,173.0,34.6
19955.0,Jake,Gao,Australia,6,173.0,28.833333333333332
29232.0,Samantha,Simmons,United States,4,173.0,43.25
15828.0,Robyn,Ramos,Australia,6,172.0,28.666666666666668
12049.0,Angela,Russell,United States,6,171.0,28.5
12088.0,Lauren,Thompson,United States,6,171.0,28.5
12202.0,Xavier,Ross,Canada,13,171.0,13.153846153846153
12753.0,Ramon,Zhao,France,5,171.0,34.2
15008.0,Blake,Parker,Canada,9,171.0,19.0
15378.0,Devin,Ward,Canada,9,171.0,19.0
16181.0,Daisy,Rubio,Australia,6,171.0,28.5
16325.0,Emma,Williams,United Kingdom,4,171.0,42.75
19604.0,Wendy,Blanco,Australia,7,171.0,24.428571428571427
13701.0,Haley,Scott,Canada,10,170.0,17.0
16009.0,Matthew,Martinez,Canada,4,170.0,42.5
12106.0,Isaiah,Baker,Canada,7,169.0,24.142857142857142
14194.0,Cassie,Rai,United Kingdom,7,169.0,24.142857142857142
16338.0,Barbara,Zhang,Australia,6,169.0,28.166666666666668
16590.0,Shawn,Deng,United Kingdom,5,169.0,33.8
12490.0,Trisha,He,France,8,168.0,21.0
13009.0,Mindy,She,Australia,9,168.0,18.666666666666668
14678.0,Shannon,Zheng,Australia,5,168.0,33.6
15377.0,Brianna,Jackson,Canada,7,168.0,24.0
15598.0,Tanya,Rubio,Australia,7,168.0,24.0
15787.0,Cynthia,Gonzalez,Australia,7,168.0,24.0
16958.0,Pedro,Torres,Canada,8,168.0,21.0
17410.0,Morgan,Lewis,Canada,5,168.0,33.6
13621.0,Melody,Ruiz,Australia,6,167.0,27.833333333333332
14760.0,Zachary,Lewis,Canada,5,167.0,33.4
16023.0,Willie,Zhang,Australia,7,167.0,23.857142857142858
11131.0,Amanda,Rivera,Canada,9,166.0,18.444444444444443
11736.0,Sebastian,Sanchez,United States,5,166.0,33.2
13182.0,Jeremy,Bennett,United States,5,166.0,33.2
13828.0,Jessie,Travers,Germany,3,166.0,55.333333333333336
15488.0,Evan,Richardson,Canada,9,166.0,18.444444444444443
15738.0,Abigail,Miller,United States,3,166.0,55.333333333333336
15868.0,Caleb,Lal,Canada,9,166.0,18.444444444444443
15975.0,Gabrielle,Collins,United States,3,166.0,55.333333333333336
16072.0,Caleb,Evans,United States,3,166.0,55.333333333333336
16131.0,Albert,Romero,United States,3,166.0,55.333333333333336
16690.0,Aimee,Wu,Australia,5,166.0,33.2
18826.0,Allison,Stewart,Canada,6,166.0,27.666666666666668
22141.0,Jesse,Carter,Canada,3,166.0,55.333333333333336
24695.0,Omar,Zhou,France,3,166.0,55.333333333333336
27688.0,Arthur,Sanz,Australia,3,166.0,55.333333333333336
27721.0,Clayton,Pal,Australia,3,166.0,55.333333333333336
28086.0,Bridget,Anand,United States,3,166.0,55.333333333333336
28254.0,Jacqueline,Brooks,Canada,3,166.0,55.333333333333336
28931.0,Darren,Jiménez,Australia,3,166.0,55.333333333333336
16133.0,Dylan,Simmons,Canada,8,165.0,20.625
17585.0,Seth,Griffin,Canada,4,165.0,41.25
19566.0,Ruben,Sara,Australia,8,165.0,20.625
22737.0,Heidi,Sai,United States,5,165.0,33.0
27783.0,Isabel,Bradley,United Kingdom,3,165.0,55.0
29257.0,Jeremiah,Russell,United States,3,165.0,55.0
29332.0,Shawna,Goel,Australia,3,165.0,55.0
12944.0,Jose,Jai,Canada,10,164.0,16.4
14509.0,Bridget,Deng,United States,2,164.0,82.0
14594.0,Lauren,Taylor,United States,2,164.0,82.0
14680.0,Marvin,Munoz,Australia,5,164.0,32.8
14808.0,Cynthia,Prasad,United Kingdom,6,164.0,27.333333333333332
14905.0,Ricardo,Shen,United States,2,164.0,82.0
15090.0,Troy,Mehta,Germany,2,164.0,82.0
15957.0,Samuel,Ross,United States,2,164.0,82.0
17101.0,Shannon,Gutierrez,United Kingdom,6,164.0,27.333333333333332
17619.0,Chloe,Smith,Canada,6,164.0,27.333333333333332
13206.0,Emily,Flores,Canada,11,163.0,14.818181818181818
14787.0,Tabitha,Smith,United Kingdom,5,163.0,32.6
14799.0,Katie,Xu,United Kingdom,5,163.0,32.6
17479.0,Kristine,Ramos,Australia,5,163.0,32.6
18635.0,Toni,Martinez,Germany,2,163.0,81.5
20935.0,Desiree,Jimenez,France,2,163.0,81.5
20953.0,Neil,Rubio,France,2,163.0,81.5
22699.0,Clarence,Chande,Germany,2,163.0,81.5
23632.0,Kristen,Zhou,Germany,2,163.0,81.5
25470.0,Darren,Ramos,United Kingdom,2,163.0,81.5
25482.0,Donald,Martinez,United Kingdom,2,163.0,81.5
29107.0,Tonya,Luo,United States,2,163.0,81.5
11196.0,Alfredo,Romero,United States,4,162.0,40.5
11214.0,Charles,Miller,United States,4,162.0,40.5
12119.0,Keith,Raje,United States,4,162.0,40.5
12166.0,Jared,Rogers,Canada,9,162.0,18.0
12176.0,Cody,James,United States,4,162.0,40.5
12413.0,James,Gonzales,United States,4,162.0,40.5
14504.0,Nicole,Jones,Canada,7,162.0,23.142857142857142
15137.0,Luke,Foster,Australia,6,162.0,27.0
15146.0,Adriana,Sara,Australia,6,162.0,27.0
18279.0,Rachael,Suri,Australia,8,162.0,20.25
25043.0,Damien,Rai,United States,3,162.0,54.0
13708.0,Jennifer,Bennett,Canada,9,161.0,17.88888888888889
14533.0,Roberto,Alonso,United Kingdom,6,161.0,26.833333333333332
14567.0,Seth,Thomas,Canada,10,161.0,16.1
16617.0,Alvin,Xie,Australia,6,161.0,26.833333333333332
16635.0,Erick,Suri,Australia,8,161.0,20.125
17551.0,Victoria,Torres,Canada,7,161.0,23.0
18305.0,Kelvin,Xu,Australia,6,161.0,26.833333333333332
18523.0,Samuel,Foster,Canada,5,161.0,32.2
28301.0,Jasmine,Long,United States,2,161.0,80.5
11729.0,Caleb,Campbell,United States,5,160.0,32.0
11958.0,Dylan,Lal,United States,5,160.0,32.0
12117.0,Cameron,Yang,United States,3,160.0,53.333333333333336
12192.0,Jocelyn,Hayes,United States,3,160.0,53.333333333333336
12196.0,Alexis,Miller,Canada,8,160.0,20.0
12367.0,Trinity,Townsend,United Kingdom,5,160.0,32.0
12410.0,Mariah,Richardson,United States,3,160.0,53.333333333333336
12411.0,Kevin,Alexander,United States,3,160.0,53.333333333333336
13944.0,Andrew,Moore,Canada,10,160.0,16.0
17808.0,Raquel,Alvarez,United Kingdom,6,160.0,26.666666666666668
18077.0,Philip,Ruiz,Canada,5,160.0,32.0
22370.0,Carol,Patterson,United States,4,160.0,40.0
23132.0,Anthony,Lee,United States,4,160.0,40.0
14561.0,Eduardo,Miller,Canada,8,159.0,19.875
14783.0,Cristina,Shan,United Kingdom,4,159.0,39.75
14970.0,Bruce,Chandra,United Kingdom,4,159.0,39.75
14974.0,K.,Saravan,United Kingdom,6,159.0,26.5
16479.0,Victoria,Brooks,Canada,9,159.0,17.666666666666668
16772.0,Morgan,Parker,Canada,7,159.0,22.714285714285715
18278.0,Lucas,Powell,Australia,5,159.0,31.8
25292.0,Eduardo,Adams,United States,4,159.0,39.75
12489.0,Wayne,Rai,France,8,158.0,19.75
12992.0,Ernest,Zeng,Australia,9,158.0,17.555555555555557
14840.0,Autumn,Zhu,United Kingdom,4,158.0,39.5
16106.0,Ian,Barnes,Canada,9,158.0,17.555555555555557
18758.0,Devin,Price,Canada,9,158.0,17.555555555555557
11170.0,Carol,Howard,United States,7,157.0,22.428571428571427
12414.0,Ethan,Lal,United States,3,157.0,52.333333333333336
14073.0,Gabriel,Alexander,Australia,7,157.0,22.428571428571427
14206.0,Edwin,West,Germany,3,157.0,52.333333333333336
14632.0,Austin,Wang,Canada,7,157.0,22.428571428571427
14694.0,Haley,Parker,United Kingdom,6,157.0,26.166666666666668
17500.0,Cesar,Lopez,Australia,4,157.0,39.25
22283.0,Eduardo,Davis,United States,4,157.0,39.25
23147.0,Wyatt,Smith,United States,4,157.0,39.25
23456.0,Aidan,Simmons,United States,4,157.0,39.25
25369.0,Evan,Cox,United States,3,157.0,52.333333333333336
27733.0,Ronald,Subram,Australia,3,157.0,52.333333333333336
12752.0,Jonathon,Alvarez,France,5,156.0,31.2
12931.0,Ann,Fernandez,United States,6,156.0,26.0
13026.0,Colleen,Zheng,Australia,5,156.0,31.2
14223.0,Larry,Rubio,Australia,5,156.0,31.2
14540.0,Randy,Lin,United Kingdom,5,156.0,31.2
14784.0,Victor,Dominguez,United Kingdom,5,156.0,31.2
14839.0,Natasha,Sanz,United Kingdom,5,156.0,31.2
15340.0,Brittany,Barnes,Canada,8,156.0,19.5
16837.0,Elizabeth,Jackson,Canada,3,156.0,52.0
17411.0,Jennifer,Brooks,Canada,3,156.0,52.0
18065.0,Julia,Brown,Canada,3,156.0,52.0
18554.0,Isabelle,Ross,Canada,5,156.0,31.2
24021.0,Clinton,Munoz,France,4,156.0,39.0
24978.0,Kaylee,Stewart,United States,4,156.0,39.0
26250.0,Miguel,Simmons,United States,4,156.0,39.0
27904.0,Andre,Rana,United Kingdom,5,156.0,31.2
12175.0,Luke,Powell,United States,2,155.0,77.5
12409.0,Savannah,Hill,United States,2,155.0,77.5
13015.0,Rebecca,Parker,United States,2,155.0,77.5
13072.0,Emma,Rogers,United States,2,155.0,77.5
14244.0,Jennifer,Griffin,Canada,5,155.0,31.0
15162.0,Kaitlyn,Barnes,Canada,5,155.0,31.0
16731.0,Nicole,White,Canada,8,155.0,19.375
20949.0,Sandra,Liang,United Kingdom,3,155.0,51.666666666666664
22083.0,David,Flores,United States,3,155.0,51.666666666666664
24864.0,Jeffery,Sun,Germany,5,155.0,31.0
13041.0,Cameron,Brown,Australia,5,154.0,30.8
17450.0,Samuel,Coleman,Canada,4,154.0,38.5
11086.0,Ryan,Brown,United States,6,153.0,25.5
11645.0,Gabriella,Turner,United States,5,153.0,30.6
11697.0,Eduardo,Lee,United States,5,153.0,30.6
11722.0,Julian,Hughes,United States,5,153.0,30.6
11807.0,Lucas,Baker,United States,5,153.0,30.6
14546.0,Christina,Sanchez,United Kingdom,3,153.0,51.0
14982.0,Kayla,Hughes,United Kingdom,7,153.0,21.857142857142858
14993.0,Sean,Morgan,United Kingdom,7,153.0,21.857142857142858
15856.0,Luis,Gonzales,Canada,8,153.0,19.125
19623.0,Cristina,Tang,Australia,7,153.0,21.857142857142858
23861.0,Keith,Anand,United States,2,153.0,76.5
24422.0,Thomas,Lal,United States,2,153.0,76.5
24428.0,Hailey,Price,United States,2,153.0,76.5
24945.0,Logan,Harris,United States,2,153.0,76.5
24971.0,Brittney,Lin,United States,2,153.0,76.5
25189.0,Aidan,Hayes,United States,2,153.0,76.5
27379.0,Isabel,Ross,United States,4,153.0,38.25
15132.0,Jenny,Pal,Australia,6,152.0,25.333333333333332
16876.0,Jackson,Sharma,Canada,6,152.0,25.333333333333332
17371.0,Kaylee,Reed,Canada,7,152.0,21.714285714285715
23180.0,Olivia,Cook,United States,3,152.0,50.666666666666664
23293.0,Kaylee,Peterson,United States,3,152.0,50.666666666666664
11782.0,Barbara,Jai,United States,6,151.0,25.166666666666668
11821.0,Austin,Johnson,United States,7,151.0,21.571428571428573
14961.0,Jaclyn,Yang,Germany,4,151.0,37.75
16855.0,Evelyn,Srini,Canada,4,151.0,37.75
17579.0,Jack,Chen,Canada,6,151.0,25.166666666666668
18215.0,Ashley,Taylor,Australia,3,151.0,50.333333333333336
18355.0,Edward,Foster,Canada,4,151.0,37.75
18968.0,Isaiah,Lopez,Canada,6,151.0,25.166666666666668
19399.0,Anthony,Brown,Canada,6,151.0,25.166666666666668
19667.0,Billy,Carlson,Australia,5,151.0,30.2
23695.0,Elijah,Coleman,United States,6,151.0,25.166666666666668
23756.0,Omar,Jai,France,3,151.0,50.333333333333336
29006.0,Christian,Kumar,United States,4,151.0,37.75
11123.0,Philip,Alvarez,Australia,8,150.0,18.75
13185.0,William,Lee,Canada,8,150.0,18.75
13222.0,Arturo,Liu,Canada,9,150.0,16.666666666666668
16303.0,Tracy,Yuan,Germany,3,150.0,50.0
16457.0,Kathleen,Martin,Germany,3,150.0,50.0
17637.0,Arturo,Tang,Germany,3,150.0,50.0
18024.0,Nancy,Kapoor,United Kingdom,3,150.0,50.0
18356.0,Alexander,Lee,Canada,4,150.0,37.5
21541.0,Daisy,Gutierrez,United Kingdom,3,150.0,50.0
22728.0,Arianna,Russell,Canada,3,150.0,50.0
26086.0,Sean,Cox,United States,3,150.0,50.0
11116.0,Clinton,Carlson,Australia,7,149.0,21.285714285714285
11850.0,Brooke,Ramirez,United States,5,149.0,29.8
11881.0,Richard,Mitchell,United States,7,149.0,21.285714285714285
14119.0,Paige,Cooper,Canada,7,149.0,21.285714285714285
16576.0,Corey,Beck,France,5,149.0,29.8
16599.0,Ramón,Cai,United Kingdom,4,149.0,37.25
16870.0,Andrea,Morgan,Canada,6,149.0,24.833333333333332
19307.0,Micheal,Alonso,United Kingdom,3,149.0,49.666666666666664
20134.0,Franklin,Zhao,United Kingdom,3,149.0,49.666666666666664
21865.0,Kathryn,Andersen,United Kingdom,3,149.0,49.666666666666664
29206.0,Nicholas,Anderson,United States,3,149.0,49.666666666666664
12288.0,Sara,Brooks,United Kingdom,5,148.0,29.6
12566.0,Omar,Yang,United Kingdom,5,148.0,29.6
13674.0,Drew,Shen,France,3,148.0,49.333333333333336
14553.0,Leah,Ma,United Kingdom,5,148.0,29.6
15922.0,Roger,Kumar,United Kingdom,6,148.0,24.666666666666668
17238.0,Jordan,Patterson,Australia,3,148.0,49.333333333333336
17254.0,Margaret,Liang,Australia,3,148.0,49.333333333333336
17387.0,Aidan,Alexander,Canada,10,148.0,14.8
18322.0,Antonio,Ross,Canada,9,148.0,16.444444444444443
18816.0,Taylor,Smith,United States,3,148.0,49.333333333333336
19115.0,Bailey,Sanchez,United States,3,148.0,49.333333333333336
19241.0,Diane,Dominguez,United States,3,148.0,49.333333333333336
19747.0,Louis,Rai,United States,3,148.0,49.333333333333336
19774.0,Brianna,Davis,United States,3,148.0,49.333333333333336
27198.0,Jocelyn,Flores,United States,5,148.0,29.6
11790.0,Timothy,Gonzalez,United States,5,147.0,29.4
13615.0,Jacquelyn,Rowe,Australia,5,147.0,29.4
16059.0,Jésus,Carlson,Germany,3,147.0,49.0
16332.0,Joan,Vazquez,Australia,6,147.0,24.5
17283.0,Henry,Madan,Australia,6,147.0,24.5
17302.0,Ruth,Vance,Australia,6,147.0,24.5
17482.0,Taylor,Alexander,Canada,5,147.0,29.4
19187.0,Karl,Pal,United Kingdom,3,147.0,49.0
19248.0,Sheena,Black,Germany,3,147.0,49.0
20694.0,Daniel,Anderson,Canada,3,147.0,49.0
21670.0,Benjamin,Lal,France,4,147.0,36.75
24751.0,Angela,Howard,United States,3,147.0,49.0
25257.0,Harold,Sanchez,United States,3,147.0,49.0
25357.0,Marcus,Foster,United States,3,147.0,49.0
26102.0,Ana,Wood,United States,3,147.0,49.0
11679.0,Dalton,Richardson,United States,4,146.0,36.5
14446.0,Jeremiah,Johnson,Canada,6,146.0,24.333333333333332
14685.0,Lawrence,Ortega,Australia,6,146.0,24.333333333333332
15760.0,Richard,James,Canada,9,146.0,16.22222222222222
15866.0,Abigail,White,Canada,8,146.0,18.25
18329.0,Marcus,Bailey,Canada,7,146.0,20.857142857142858
18674.0,Isabelle,Bennett,Canada,3,146.0,48.666666666666664
24429.0,Isabelle,Hughes,United States,5,146.0,29.2
24631.0,Hannah,Powell,United States,5,146.0,29.2
11164.0,Devin,Brooks,United States,6,145.0,24.166666666666668
11178.0,Nathan,Johnson,United States,6,145.0,24.166666666666668
14175.0,Cynthia,Mehta,United Kingdom,7,145.0,20.714285714285715
16480.0,Alan,Zhou,Australia,5,145.0,29.0
11128.0,Samantha,Long,United States,7,144.0,20.571428571428573
11715.0,Chloe,Robinson,United States,4,144.0,36.0
12006.0,Richard,Blue,Australia,6,144.0,24.0
12803.0,Heather,Li,United Kingdom,8,144.0,18.0
13071.0,Thomas,Walker,Canada,6,144.0,24.0
13172.0,Isabella,Cook,United States,3,144.0,48.0
13571.0,Allen,Mehta,France,3,144.0,48.0
13641.0,Adrian,Watson,Australia,6,144.0,24.0
15511.0,Haley,Kelly,Canada,7,144.0,20.571428571428573
16085.0,Trevor,Gonzales,Canada,7,144.0,20.571428571428573
16709.0,Roy,Alvarez,Australia,5,144.0,28.8
18032.0,Cassie,Raji,France,5,144.0,28.8
18055.0,Trevor,Harrison,Canada,7,144.0,20.571428571428573
18295.0,Ajay,Solanki,Australia,3,144.0,48.0
19856.0,Tammy,Madan,United States,3,144.0,48.0
20056.0,Johnny,She,Germany,5,144.0,28.8
20279.0,Trevor,Henderson,United States,3,144.0,48.0
20287.0,Destiny,Simmons,United States,3,144.0,48.0
20363.0,Alexander,Brown,United States,3,144.0,48.0
20723.0,Cedric,Zhu,Germany,4,144.0,36.0
21518.0,Ruben,Madan,France,5,144.0,28.8
22075.0,Pedro,Patel,United States,5,144.0,28.8
22134.0,Leonard,Raji,United States,5,144.0,28.8
23614.0,Rachel,Cook,United Kingdom,5,144.0,28.8
27998.0,Ethan,Lewis,Canada,3,144.0,48.0
28602.0,Isabella,Morgan,Canada,3,144.0,48.0
28631.0,Isaiah,Phillips,Canada,3,144.0,48.0
12933.0,Jonathan,Hall,United States,6,143.0,23.833333333333332
14674.0,Alexis,Williams,Australia,4,143.0,35.75
15577.0,Mayra,Malhotra,Australia,5,143.0,28.6
16342.0,Gregory,Jai,Australia,6,143.0,23.833333333333332
17321.0,Kate,Kumar,Australia,5,143.0,28.6
21122.0,Julie,Xie,France,3,143.0,47.666666666666664
22555.0,Ethan,Taylor,France,3,143.0,47.666666666666664
24382.0,Patrick,Sanchez,Australia,3,143.0,47.666666666666664
25551.0,Ross,Torres,Germany,3,143.0,47.666666666666664
28232.0,Gavin,Russell,United States,3,143.0,47.666666666666664
12907.0,Julia,Bryant,United States,2,142.0,71.0
13204.0,Savannah,Parker,United States,2,142.0,71.0
13323.0,Adam,Adams,United States,2,142.0,71.0
13341.0,Lucas,King,United States,2,142.0,71.0
13488.0,Laura,Guo,United States,2,142.0,71.0
13617.0,Gerald,Suri,Australia,5,142.0,28.4
14423.0,Jill,Ruiz,United Kingdom,9,142.0,15.777777777777779
14441.0,William,Lewis,United States,2,142.0,71.0
14514.0,Rachel,Jones,United States,2,142.0,71.0
15815.0,Nicole,Price,Canada,7,142.0,20.285714285714285
16910.0,Ryan,Diaz,Canada,3,142.0,47.333333333333336
17501.0,Marc,Carlson,Australia,2,142.0,71.0
18285.0,Roberto,Romero,Australia,6,142.0,23.666666666666668
18286.0,Holly,Suri,Australia,6,142.0,23.666666666666668
18390.0,Blake,Thompson,Canada,3,142.0,47.333333333333336
20582.0,Desiree,Bradley,France,5,142.0,28.4
21461.0,Elizabeth,Simmons,Canada,2,142.0,71.0
22095.0,Brandon,Perry,Canada,2,142.0,71.0
24551.0,Molly,Malhotra,France,5,142.0,28.4
13838.0,Jill,Rubio,United Kingdom,6,141.0,23.5
13930.0,Samantha,Coleman,United States,3,141.0,47.0
16174.0,Melinda,Hernandez,Australia,6,141.0,23.5
16730.0,Mariah,Long,Australia,5,141.0,28.2
20740.0,Kathryn,Sharma,Canada,5,141.0,28.2
12061.0,Bryce,Brooks,Canada,10,140.0,14.0
18186.0,Lori,Hernandez,United Kingdom,6,140.0,23.333333333333332
11959.0,Elizabeth,Davis,United States,4,139.0,34.75
13963.0,Veronica,Patel,Australia,5,139.0,27.8
14217.0,Terrance,Lopez,Australia,5,139.0,27.8
14804.0,Martha,Zhou,United Kingdom,4,139.0,34.75
15444.0,Roy,Fernandez,United Kingdom,6,139.0,23.166666666666668
26613.0,Priscilla,Lal,United States,4,139.0,34.75
28336.0,Edward,Martin,United States,4,139.0,34.75
11014.0,Sydney,Bennett,United States,6,138.0,23.0
11180.0,April,Anand,United States,6,138.0,23.0
11235.0,Angel,Stewart,United States,6,138.0,23.0
11681.0,Abigail,Jones,United States,5,138.0,27.6
11700.0,Xavier,Richardson,United States,5,138.0,27.6
11752.0,Lauren,Bryant,Australia,8,138.0,17.25
13125.0,Alejandro,Hu,Australia,6,138.0,23.0
13533.0,Eduardo,Butler,United Kingdom,6,138.0,23.0
14013.0,Jimmy,Blanco,Australia,5,138.0,27.6
14084.0,Robert,Lal,Canada,9,138.0,15.333333333333334
14196.0,Felicia,Dominguez,United Kingdom,6,138.0,23.0
14311.0,Erik,Alvarez,Australia,5,138.0,27.6
14318.0,Seth,Rogers,Australia,5,138.0,27.6
14319.0,Renee,Sanz,Australia,5,138.0,27.6
14604.0,Nicholas,Rodriguez,Canada,6,138.0,23.0
14682.0,Gail,Alexander,Australia,5,138.0,27.6
15142.0,Karl,Nara,Australia,4,138.0,34.5
16295.0,Roger,Xu,France,5,138.0,27.6
16591.0,Clarence,He,United Kingdom,4,138.0,34.5
17077.0,Ronald,Raman,Australia,5,138.0,27.6
19389.0,Terrence,Goel,United Kingdom,5,138.0,27.6
20082.0,Caroline,Henderson,Canada,6,138.0,23.0
13798.0,Tammy,Randall,United Kingdom,6,137.0,22.833333333333332
13961.0,Shawna,Raji,Australia,5,137.0,27.4
11734.0,Omar,Chen,United States,4,136.0,34.0
11932.0,Elizabeth,Coleman,United States,6,136.0,22.666666666666668
12022.0,Jose,Wright,United States,6,136.0,22.666666666666668
14126.0,Andy,Dominguez,Australia,6,136.0,22.666666666666668
15376.0,Megan,Sanders,Canada,7,136.0,19.428571428571427
16959.0,Carson,Foster,Canada,6,136.0,22.666666666666668
18644.0,Carrie,Ruiz,Canada,6,136.0,22.666666666666668
11177.0,Jose,Flores,United States,6,135.0,22.5
11838.0,Justin,Rodriguez,United States,6,135.0,22.5
13671.0,Frank,Ramos,Germany,4,135.0,33.75
17193.0,Haley,Brooks,United Kingdom,5,135.0,27.0
18155.0,Arianna,Morgan,United Kingdom,7,135.0,19.285714285714285
21498.0,Cameron,Wilson,United States,3,135.0,45.0
21626.0,Brianna,Garcia,United States,3,135.0,45.0
21761.0,Makayla,Sanders,United States,3,135.0,45.0
22005.0,Pamela,Mehta,Australia,4,135.0,33.75
22925.0,Karla,Shen,Australia,6,135.0,22.5
25166.0,Miguel,Jenkins,United States,5,135.0,27.0
29301.0,Alvin,Nath,Australia,3,135.0,45.0
11208.0,Maria,Reed,United States,7,134.0,19.142857142857142
11730.0,Emma,Torres,United States,5,134.0,26.8
11781.0,Carlos,Gray,United States,5,134.0,26.8
11804.0,Haley,Turner,United States,5,134.0,26.8
11856.0,Seth,Hernandez,United States,5,134.0,26.8
11971.0,Amanda,Adams,United States,5,134.0,26.8
12048.0,Kayla,Coleman,United States,5,134.0,26.8
12067.0,Aaron,Bryant,United States,5,134.0,26.8
12073.0,Thomas,Rodriguez,United States,5,134.0,26.8
13499.0,Olivia,Cox,France,2,134.0,67.0
13603.0,Molly,Martinez,United Kingdom,6,134.0,22.333333333333332
14143.0,Jill,Sandoval,United Kingdom,6,134.0,22.333333333333332
14458.0,Jordan,Yang,Canada,6,134.0,22.333333333333332
15727.0,Alisha,Zeng,Australia,4,134.0,33.5
17814.0,Michele,Pal,United Kingdom,7,134.0,19.142857142857142
18805.0,Tracy,Simpson,United States,2,134.0,67.0
18810.0,Casey,Dominguez,United States,2,134.0,67.0
18861.0,Ashley,Wood,United States,2,134.0,67.0
18884.0,Bryan,Reed,Canada,5,134.0,26.8
18887.0,Kari,Hernandez,United States,2,134.0,67.0
18970.0,Jason,Roberts,United States,2,134.0,67.0
18989.0,Cindy,Suri,United States,2,134.0,67.0
19018.0,Nicole,Gray,United States,2,134.0,67.0
19145.0,Adriana,Malhotra,United States,2,134.0,67.0
19244.0,Sebastian,Ward,United States,2,134.0,67.0
19543.0,Evan,Torres,United States,2,134.0,67.0
19636.0,Jessica,Lee,United States,2,134.0,67.0
19642.0,Kaylee,Evans,Canada,6,134.0,22.333333333333332
19645.0,Carlos,Rogers,Canada,6,134.0,22.333333333333332
19699.0,Stephanie,James,United States,2,134.0,67.0
20201.0,Chloe,Harris,United States,2,134.0,67.0
20275.0,Angela,Kelly,United States,2,134.0,67.0
20331.0,Jeremy,Cox,United States,2,134.0,67.0
20392.0,Destiny,Ramirez,United States,4,134.0,33.5
22096.0,Bryce,Cooper,United States,4,134.0,33.5
22151.0,Neil,Jimenez,Australia,2,134.0,67.0
22751.0,Samuel,Rodriguez,United States,4,134.0,33.5
23300.0,Julia,Henderson,United States,4,134.0,33.5
26762.0,Rachael,Perez,Australia,2,134.0,67.0
28357.0,Danielle,Howard,Canada,2,134.0,67.0
28411.0,Jay,Rodriguez,United Kingdom,5,134.0,26.8
11622.0,Gabriel,Allen,United States,5,133.0,26.6
12145.0,Brandon,Butler,United States,5,133.0,26.6
12325.0,Gloria,Martin,United Kingdom,5,133.0,26.6
12508.0,Nichole,Anand,United Kingdom,3,133.0,44.333333333333336
13350.0,Isaac,Sandberg,Canada,7,133.0,19.0
13466.0,Bryce,James,Canada,6,133.0,22.166666666666668
15880.0,Patrick,Bailey,United States,3,133.0,44.333333333333336
16177.0,Bethany,Nath,Australia,7,133.0,19.0
16370.0,Molly,Gonzalez,Canada,6,133.0,22.166666666666668
16711.0,Jorge,Zhao,Australia,5,133.0,26.6
17307.0,Warren,Chande,Australia,5,133.0,26.6
18354.0,Alvin,Nara,United States,3,133.0,44.333333333333336
18774.0,Justin,Flores,United States,3,133.0,44.333333333333336
18846.0,Deb,Hughes,United States,3,133.0,44.333333333333336
18967.0,Xavier,Clark,United States,3,133.0,44.333333333333336
19147.0,Edward,Thomas,Canada,8,133.0,16.625
19218.0,Nathaniel,Brooks,United States,3,133.0,44.333333333333336
19544.0,Katherine,Price,United States,3,133.0,44.333333333333336
19860.0,Sara,Young,United States,3,133.0,44.333333333333336
20016.0,Katherine,Kelly,United States,3,133.0,44.333333333333336
20123.0,Aaron,Gonzalez,United States,3,133.0,44.333333333333336
20315.0,Devin,Ramirez,United States,3,133.0,44.333333333333336
22296.0,Benjamin,Johnson,United States,5,133.0,26.6
23473.0,Jesse,James,United States,5,133.0,26.6
24399.0,Katherine,Sanchez,Canada,3,133.0,44.333333333333336
26400.0,Jade,James,United Kingdom,3,133.0,44.333333333333336
26690.0,Alexia,Bennett,United States,4,133.0,33.25
27343.0,Dale,Nath,Australia,3,133.0,44.333333333333336
27363.0,Tara,Jai,Australia,3,133.0,44.333333333333336
27368.0,Brandy,Gonzalez,Australia,3,133.0,44.333333333333336
27403.0,Dylan,Coleman,Canada,3,133.0,44.333333333333336
27757.0,Bobby,Van,Canada,3,133.0,44.333333333333336
28545.0,Micheal,Ramos,France,3,133.0,44.333333333333336
11199.0,Jacqueline,Bennett,United States,6,132.0,22.0
11748.0,Blake,Hill,Canada,8,132.0,16.5
15402.0,Connor,Evans,Canada,7,132.0,18.857142857142858
15795.0,Diane,Munoz,Australia,6,132.0,22.0
16497.0,Julia,Peterson,Canada,8,132.0,16.5
16564.0,Susan,Wu,United Kingdom,4,132.0,33.0
17645.0,Albert,Alonso,United Kingdom,4,132.0,33.0
20106.0,Amber,Hall,Canada,4,132.0,33.0
22681.0,Tristan,Barnes,France,5,132.0,26.4
11301.0,Cameron,Rodriguez,United States,5,131.0,26.2
11829.0,Sophia,Campbell,United States,6,131.0,21.833333333333332
16492.0,Theodore,Sanz,Australia,6,131.0,21.833333333333332
17493.0,Candice,Gao,Australia,3,131.0,43.666666666666664
19541.0,Alexandra,Cooper,Canada,6,131.0,21.833333333333332
21066.0,Ebony,Arun,United Kingdom,5,131.0,26.2
21740.0,Taylor,Walker,United Kingdom,5,131.0,26.2
24430.0,Dalton,Long,United States,5,131.0,26.2
24634.0,Crystal,He,United States,5,131.0,26.2
11890.0,Whitney,Lopez,United States,6,130.0,21.666666666666668
12100.0,Jon,Sun,United States,4,130.0,32.5
13604.0,Nuan,Zheng,United Kingdom,8,130.0,16.25
16386.0,Philip,Moyer,United Kingdom,5,130.0,26.0
28241.0,Charles,King,United States,4,130.0,32.5
11085.0,Emily,Johnson,United States,5,129.0,25.8
11172.0,Gabrielle,Adams,United States,7,129.0,18.428571428571427
11650.0,Caleb,Hayes,United States,4,129.0,32.25
11668.0,Jada,Collins,United States,4,129.0,32.25
11686.0,Luke,Edwards,United States,4,129.0,32.25
11694.0,Jonathon,Ortega,United States,4,129.0,32.25
11695.0,Logan,Campbell,United States,4,129.0,32.25
11701.0,David,Hayes,United States,4,129.0,32.25
11805.0,Richard,Green,United States,4,129.0,32.25
13508.0,Cassandra,Sanchez,France,3,129.0,43.0
13669.0,Kristy,Gill,Australia,5,129.0,25.8
14353.0,Erin,Reed,Canada,8,129.0,16.125
14690.0,Drew,Rai,Germany,4,129.0,32.25
15025.0,Kristi,Subram,Australia,6,129.0,21.5
16613.0,Cassie,Sutton,Australia,6,129.0,21.5
16734.0,Emma,Martinez,Australia,3,129.0,43.0
17317.0,Stacey,Zeng,Australia,5,129.0,25.8
17468.0,Jeremiah,Gonzalez,Canada,7,129.0,18.428571428571427
18283.0,Mallory,Vazquez,Australia,5,129.0,25.8
18504.0,Angel,Adams,United States,3,129.0,43.0
18628.0,Suzanne,Yang,France,5,129.0,25.8
18672.0,Anthony,Lewis,United States,3,129.0,43.0
18673.0,James,Green,United States,3,129.0,43.0
18675.0,Abigail,Martin,United States,3,129.0,43.0
18756.0,Isabella,Thompson,Canada,5,129.0,25.8
18784.0,Trinity,Brooks,United States,3,129.0,43.0
18813.0,Kristy,Hernandez,United States,3,129.0,43.0
18836.0,Nicole,Cooper,United States,3,129.0,43.0
18873.0,Austin,Rodriguez,United States,3,129.0,43.0
18920.0,Jonathan,Young,United States,3,129.0,43.0
18977.0,Jackson,Wang,United States,3,129.0,43.0
18993.0,Kevin,Ross,United States,3,129.0,43.0
19655.0,Cindy,Murphy,United States,3,129.0,43.0
19760.0,Sydney,Russell,United States,3,129.0,43.0
19895.0,Ricky,Jimenez,United States,3,129.0,43.0
20019.0,Brittany,Diaz,United States,3,129.0,43.0
20086.0,Jeremiah,Hayes,Canada,5,129.0,25.8
20122.0,Jeremy,Bailey,United States,3,129.0,43.0
20276.0,Haley,Sanchez,United States,3,129.0,43.0
20326.0,Paige,Blue,United States,3,129.0,43.0
20367.0,Jessica,Anderson,United States,3,129.0,43.0
20384.0,Luis,Gonzalez,United States,3,129.0,43.0
20737.0,Victoria,Griffin,,3,129.0,43.0
20742.0,Isabella,Stewart,,3,129.0,43.0
20758.0,Jesse,Sanders,,3,129.0,43.0
21510.0,Carol,Perry,Germany,5,129.0,25.8
21530.0,Toni,Raman,France,5,129.0,25.8
21881.0,Nicole,Lewis,Australia,4,129.0,32.25
26155.0,Chad,Xie,Australia,3,129.0,43.0
26166.0,Brett,Van,Australia,3,129.0,43.0
26528.0,Samuel,Garcia,United States,4,129.0,32.25
27377.0,Melanie,Alexander,Canada,3,129.0,43.0
27402.0,Adam,Nelson,Canada,3,129.0,43.0
27653.0,Kellie,Rubio,Canada,3,129.0,43.0
28341.0,Jeremy,Wilson,Canada,3,129.0,43.0
29072.0,Emma,Ramirez,Canada,3,129.0,43.0
11285.0,Jeremy,Anderson,United States,5,128.0,25.6
11712.0,Shelby,Rogers,Canada,8,128.0,16.0
13505.0,Jamie,Cai,United Kingdom,7,128.0,18.285714285714285
13954.0,Eddie,Ramos,Australia,4,128.0,32.0
14056.0,Nelson,Sanz,Australia,4,128.0,32.0
14814.0,Christine,Jai,United Kingdom,4,128.0,32.0
15805.0,Dawn,Lin,Australia,4,128.0,32.0
17350.0,Ebony,Dominguez,Australia,4,128.0,32.0
19798.0,Bianca,Ma,Australia,6,128.0,21.333333333333332
26719.0,Tamara,Li,United States,5,128.0,25.6
28773.0,Gerald,Malhotra,United States,2,128.0,64.0
28786.0,Erick,Prasad,United States,2,128.0,64.0
11639.0,Angelica,Perry,United States,5,127.0,25.4
11786.0,Ian,Murphy,United States,4,127.0,31.75
12725.0,Gabrielle,James,Germany,3,127.0,42.333333333333336
14344.0,Kurt,Xie,Australia,5,127.0,25.4
14491.0,Isaac,Bailey,United States,3,127.0,42.333333333333336
14518.0,Ann,Mehta,Australia,5,127.0,25.4
14522.0,Omar,Zheng,Australia,5,127.0,25.4
14907.0,Sheena,Anand,United States,3,127.0,42.333333333333336
15236.0,Brandy,Kapoor,Australia,5,127.0,25.4
15574.0,Carlos,Peterson,United States,3,127.0,42.333333333333336
15711.0,Jeffery,Liang,United Kingdom,5,127.0,25.4
16241.0,Isabel,Butler,Canada,3,127.0,42.333333333333336
16643.0,Fernando,Wilson,Canada,3,127.0,42.333333333333336
16841.0,James,Turner,Canada,3,127.0,42.333333333333336
17126.0,Natalie,Perry,Canada,3,127.0,42.333333333333336
17481.0,Emma,Watson,Canada,5,127.0,25.4
17484.0,Armando,Carlson,Australia,3,127.0,42.333333333333336
17491.0,Kyle,Hall,Canada,5,127.0,25.4
18263.0,Karla,Jai,Australia,5,127.0,25.4
18280.0,Jimmy,Alonso,Australia,5,127.0,25.4
18473.0,Nathaniel,Rogers,United States,3,127.0,42.333333333333336
22544.0,Maria,Evans,Canada,3,127.0,42.333333333333336
23060.0,Isabella,Long,United States,6,127.0,21.166666666666668
28139.0,Carrie,Gutierrez,Australia,3,127.0,42.333333333333336
28634.0,Nathan,Mitchell,United States,5,127.0,25.4
11148.0,Ross,Vazquez,Australia,6,126.0,21.0
14878.0,Marcus,Murphy,United States,4,126.0,31.5
17801.0,Shannon,He,France,6,126.0,21.0
20941.0,Arturo,Guo,France,3,126.0,42.0
20974.0,George,Subram,France,3,126.0,42.0
24944.0,Whitney,Garcia,United States,4,126.0,31.5
26407.0,Ashley,Davis,United Kingdom,3,126.0,42.0
11179.0,Molly,Rodriguez,United States,6,125.0,20.833333333333332
11832.0,Zoe,Murphy,United States,4,125.0,31.25
11844.0,Michele,Alvarez,United States,4,125.0,31.25
11847.0,Cassidy,Diaz,United States,4,125.0,31.25
11852.0,Kyle,Russell,United States,4,125.0,31.25
11857.0,Isabella,Young,United States,4,125.0,31.25
12439.0,Megan,Bennett,United States,4,125.0,31.25
12821.0,Cesar,McDonald,France,7,125.0,17.857142857142858
13008.0,Alberto,Muñoz,Australia,8,125.0,15.625
13267.0,Matthew,Moore,Canada,8,125.0,15.625
14548.0,Maria,Turner,France,2,125.0,62.5
14564.0,Chloe,Bailey,United States,2,125.0,62.5
14579.0,Luis,Henderson,United States,2,125.0,62.5
14748.0,Don,Roessler,United States,2,125.0,62.5
15156.0,Dylan,Foster,United States,2,125.0,62.5
15514.0,Angela,Ramirez,United States,2,125.0,62.5
15774.0,Natalie,Kelly,United States,2,125.0,62.5
15981.0,Gabriel,Powell,United States,2,125.0,62.5
16217.0,Amanda,Gonzales,United States,2,125.0,62.5
16600.0,Janet,Suarez,France,4,125.0,31.25
16777.0,Cameron,Simmons,United States,2,125.0,62.5
16848.0,Jessica,Thomas,Canada,4,125.0,31.25
16993.0,Russell,Rai,United States,2,125.0,62.5
17379.0,Alexandra,Morgan,United States,2,125.0,62.5
17444.0,Bailey,Cox,United States,2,125.0,62.5
17675.0,Rosa,Li,United States,2,125.0,62.5
18364.0,Eduardo,Gray,United States,2,125.0,62.5
18685.0,Sean,Rogers,Canada,4,125.0,31.25
18944.0,Marcus,Taylor,Canada,5,125.0,31.25
19015.0,Thomas,Griffin,Canada,6,125.0,20.833333333333332
20404.0,Jorge,Yang,Australia,2,125.0,62.5
21283.0,Orlando,Jiménez,Australia,5,125.0,25.0
22349.0,Mason,Morris,Canada,2,125.0,62.5
23279.0,Edward,Johnson,Canada,2,125.0,62.5
11051.0,Daniel,Johnson,Australia,5,124.0,24.8
11118.0,Alvin,Zeng,Australia,8,124.0,15.5
11725.0,Jose,Li,United States,5,124.0,24.8
12195.0,Erin,Morris,United States,5,124.0,24.8
13506.0,Willie,Guo,France,2,124.0,62.0
13981.0,Joy,Carlson,Australia,5,124.0,24.8
17053.0,Deanna,Raman,Australia,4,124.0,31.0
17059.0,Louis,Chen,Australia,4,124.0,31.0
17060.0,Gerald,Sanz,Australia,4,124.0,31.0
17070.0,Margaret,Huang,Australia,4,124.0,31.0
17251.0,Tonya,Nara,Australia,4,124.0,31.0
17337.0,Marcus,Davis,Canada,7,124.0,17.714285714285715
18109.0,Samuel,Campbell,United States,3,124.0,41.333333333333336
18503.0,Timothy,Peterson,United States,2,124.0,62.0
18542.0,Dustin,She,United States,2,124.0,62.0
18584.0,Haley,Evans,United States,2,124.0,62.0
18715.0,Rafael,Rai,Australia,4,124.0,31.0
18753.0,James,Moore,United States,2,124.0,62.0
18763.0,Julie,Chander,Australia,4,124.0,31.0
18844.0,Dalton,Hernandez,United States,2,124.0,62.0
18888.0,Devin,Powell,United States,2,124.0,62.0
18934.0,Jeremiah,Moore,United States,2,124.0,62.0
18941.0,Philip,Torres,United States,2,124.0,62.0
18965.0,Richard,Turner,United States,2,124.0,62.0
18994.0,Jackson,Allen,United States,2,124.0,62.0
19020.0,Jack,Flores,United States,2,124.0,62.0
19149.0,Sean,Parker,United States,2,124.0,62.0
19215.0,Edward,Hall,United States,3,124.0,41.333333333333336
19228.0,Morgan,Ramirez,United States,2,124.0,62.0
19229.0,David,Robinson,United States,2,124.0,62.0
19643.0,Jacqueline,Watson,United States,2,124.0,62.0
19715.0,Elijah,Parker,United States,2,124.0,62.0
19804.0,Cameron,Foster,United States,2,124.0,62.0
19816.0,Lucas,Brown,United States,2,124.0,62.0
19819.0,Andrew,Brown,United States,2,124.0,62.0
19848.0,Bryant,Malhotra,United States,2,124.0,62.0
19851.0,Louis,Pal,United States,2,124.0,62.0
19882.0,Richard,Phillips,United States,2,124.0,62.0
19885.0,Isaac,Turner,United States,2,124.0,62.0
20184.0,Jessica,Richardson,United States,2,124.0,62.0
20290.0,Austin,Simmons,United States,2,124.0,62.0
20338.0,Anna,James,United States,2,124.0,62.0
20358.0,Brian,Murphy,United States,2,124.0,62.0
20379.0,Brittney,Chen,United States,2,124.0,62.0
20748.0,Stephanie,Watson,,2,124.0,62.0
20762.0,Jennifer,King,,2,124.0,62.0
20763.0,Lucas,Carter,,2,124.0,62.0
20798.0,Mathew,Munoz,Germany,4,124.0,31.0
21188.0,Clifford,Sanchez,Australia,4,124.0,31.0
21207.0,Vincent,Li,Australia,4,124.0,31.0
21522.0,Morgan,Bryant,France,4,124.0,31.0
21574.0,Fernando,Lewis,United States,5,124.0,24.8
21640.0,Charles,Cooper,United States,4,124.0,31.0
21767.0,Mariah,Ramirez,United States,5,124.0,24.8
21967.0,Charles,Sanders,Australia,4,124.0,31.0
22149.0,Gregory,Shen,Australia,2,124.0,62.0
22167.0,Colleen,Yang,Australia,2,124.0,62.0
22405.0,Leonard,Becker,Australia,2,124.0,62.0
22964.0,Eric,Hayes,Australia,2,124.0,62.0
23171.0,Ethan,Griffin,United States,4,124.0,31.0
23438.0,Toni,Vance,Australia,3,124.0,41.333333333333336
23936.0,Monique,Vazquez,France,4,124.0,31.0
23977.0,Gail,Butler,France,4,124.0,31.0
24107.0,Jonathan,Jenkins,Germany,2,124.0,62.0
24542.0,Arturo,Liang,France,2,124.0,62.0
26143.0,Michele,Mehta,Australia,2,124.0,62.0
26163.0,Autumn,Cai,Australia,2,124.0,62.0
26282.0,Leonard,Jai,United States,5,124.0,24.8
26374.0,Bradley,Pal,Australia,2,124.0,62.0
26427.0,Alicia,Xie,Australia,2,124.0,62.0
26432.0,Isabel,Simmons,Australia,2,124.0,62.0
26664.0,Amy,Zhu,Australia,2,124.0,62.0
26669.0,Curtis,Zeng,Australia,2,124.0,62.0
26672.0,Kelli,Sharma,Australia,2,124.0,62.0
26755.0,Brendan,Jai,Australia,2,124.0,62.0
26759.0,Hailey,Allen,Australia,2,124.0,62.0
26772.0,Jamie,Hu,Australia,2,124.0,62.0
26865.0,Tabitha,Martinez,United Kingdom,2,124.0,62.0
27147.0,Melvin,Nara,Australia,2,124.0,62.0
27349.0,Sheila,Diaz,Australia,2,124.0,62.0
27351.0,Jenny,Liang,Australia,2,124.0,62.0
27393.0,Sierra,Hernandez,Canada,2,124.0,62.0
27516.0,Charles,Murphy,Australia,2,124.0,62.0
27518.0,Stefanie,Perez,Australia,2,124.0,62.0
27772.0,Darrell,Goel,France,3,124.0,41.333333333333336
27932.0,Leslie,Diaz,Germany,3,124.0,41.333333333333336
28444.0,Pedro,Sai,France,2,124.0,62.0
28475.0,Bruce,Ramos,France,2,124.0,62.0
28550.0,Wayne,Andersen,France,2,124.0,62.0
11114.0,Leslie,Moreno,Australia,7,123.0,17.571428571428573
11621.0,Leah,She,United States,6,123.0,20.5
12304.0,Alejandro,Zhou,United Kingdom,5,123.0,24.6
13860.0,Olivia,Watson,Canada,8,123.0,15.375
14314.0,Katherine,Cooper,Australia,5,123.0,24.6
14370.0,Meghan,Dominguez,Canada,6,123.0,20.5
14535.0,Dustin,Anand,United Kingdom,3,123.0,41.0
15138.0,Monique,Hernandez,Australia,5,123.0,24.6
15222.0,Cynthia,Patel,Australia,5,123.0,24.6
15239.0,Sergio,Rodriguez,Australia,5,123.0,24.6
15730.0,Philip,Dominguez,Australia,4,123.0,30.75
16296.0,Sydney,White,France,5,123.0,24.6
17072.0,Kaitlin,Kapoor,Australia,4,123.0,30.75
17303.0,Terrence,Tang,Australia,5,123.0,24.6
17708.0,Timothy,Sneath,United Kingdom,5,123.0,24.6
18707.0,Marshall,She,Australia,4,123.0,30.75
27284.0,Danielle,Bailey,United States,4,123.0,30.75
29243.0,Jared,Torres,United States,5,123.0,24.6
11023.0,Seth,Edwards,United States,6,122.0,20.333333333333332
11304.0,Julia,Garcia,United States,5,122.0,24.4
11699.0,Chase,Peterson,United States,5,122.0,24.4
12064.0,John,White,United States,5,122.0,24.4
13338.0,Jada,Carter,United States,5,122.0,24.4
13785.0,Clayton,She,United Kingdom,8,122.0,15.25
14176.0,Mindy,Rai,France,4,122.0,30.5
14274.0,Edward,Williams,Canada,6,122.0,20.333333333333332
14502.0,Katelyn,Wright,Canada,5,122.0,24.4
15124.0,Wendy,Hernandez,Australia,6,122.0,20.333333333333332
17360.0,Kyle,Lal,Canada,7,122.0,17.428571428571427
18637.0,Thomas,Sharma,Canada,5,122.0,24.4
19098.0,Xavier,Evans,Australia,5,122.0,24.4
23475.0,Richard,Martin,United States,5,122.0,24.4
24236.0,Isabella,Nelson,United States,4,122.0,30.5
24508.0,Alex,Phillips,United States,4,122.0,30.5
24964.0,Samantha,Anderson,United States,4,122.0,30.5
25896.0,Marissa,Coleman,United States,4,122.0,30.5
26376.0,Anthony,Martinez,United States,6,122.0,20.333333333333332
11731.0,Tanya,Gill,United States,5,121.0,24.2
12793.0,Jessie,Guo,United States,3,121.0,40.333333333333336
13121.0,Latasha,Jimenez,Australia,5,121.0,24.2
14016.0,Mary,Sandidge,Australia,5,121.0,24.2
19375.0,Omar,Anand,Germany,4,121.0,30.25
20144.0,Roger,Lin,Germany,4,121.0,30.25
21991.0,Teresa,Gill,Australia,5,121.0,24.2
22205.0,Bobby,Saunders,Australia,3,121.0,40.333333333333336
23029.0,Ian,Ross,United States,4,121.0,30.25
23522.0,Sydney,Green,Australia,3,121.0,40.333333333333336
11691.0,Kaitlyn,Wilson,United States,4,120.0,30.0
11791.0,Chase,Morgan,United States,3,120.0,40.0
11792.0,Alexia,Perry,United States,3,120.0,40.0
11981.0,Alexandria,Howard,United States,6,120.0,20.0
12138.0,Colin,Jai,United States,5,120.0,24.0
12204.0,Bradley,Jai,United States,7,120.0,17.142857142857142
12506.0,Preston,Sanchez,United Kingdom,2,120.0,60.0
12525.0,Chelsea,Rodriguez,United Kingdom,2,120.0,60.0
12964.0,Xavier,Russell,Canada,6,120.0,20.0
13568.0,Max,Jimenez,France,2,120.0,60.0
13573.0,Edwin,Pal,France,2,120.0,60.0
13672.0,Benjamin,Davis,France,2,120.0,60.0
14371.0,Jeremiah,Lewis,Canada,6,120.0,20.0
14641.0,Timothy,Turner,Canada,6,120.0,20.0
14724.0,Dylan,Robinson,Canada,10,120.0,12.0
14765.0,Kevin,Nelson,Canada,6,120.0,20.0
15105.0,Tina,Rana,Germany,2,120.0,60.0
15109.0,Meghan,Carlson,France,2,120.0,60.0
15113.0,Robert,Smith,Germany,2,120.0,60.0
15356.0,Dawn,Jai,Germany,2,120.0,60.0
16208.0,Ruth,Chandra,Germany,4,120.0,30.0
16213.0,Kaylee,Turner,Canada,6,120.0,24.0
17495.0,Corey,Sharma,Australia,4,120.0,30.0
17879.0,Seth,Rivera,United Kingdom,5,120.0,24.0
18271.0,Darrell,Yuan,Australia,4,120.0,30.0
18521.0,Meghan,Rowe,United States,2,120.0,60.0
18583.0,Luis,Kumar,United States,2,120.0,60.0
18588.0,Isabella,Rogers,United States,2,120.0,60.0
18590.0,Valerie,Sun,United States,2,120.0,60.0
18591.0,Eduardo,Nelson,United States,2,120.0,60.0
18602.0,Patrick,Ramirez,United States,2,120.0,60.0
18612.0,Alyssa,Flores,United States,2,120.0,60.0
18676.0,Jesse,Young,United States,2,120.0,60.0
18690.0,Carlos,Rivera,United States,2,120.0,60.0
18752.0,Samantha,Walker,United States,2,120.0,60.0
18765.0,Noah,Shan,United States,2,120.0,60.0
18786.0,Dustin,Chande,United States,2,120.0,60.0
18799.0,Jacob,Lewis,United States,2,120.0,60.0
18807.0,Spencer,Bennett,United States,2,120.0,60.0
18809.0,Jason,King,United States,2,120.0,60.0
18822.0,Gregory,Ferrier,United States,2,120.0,60.0
18828.0,Morgan,Wright,United States,2,120.0,60.0
18830.0,Kristine,Ortega,United States,2,120.0,60.0
18834.0,Ana,Foster,United States,2,120.0,60.0
18891.0,Megan,James,United States,2,120.0,60.0
18987.0,Hunter,Adams,United States,2,120.0,60.0
18992.0,David,Perry,United States,2,120.0,60.0
18995.0,Melissa,Gray,United States,2,120.0,60.0
19012.0,Oscar,Bryant,United States,2,120.0,60.0
19025.0,Aaron,Roberts,United States,2,120.0,60.0
19168.0,Nathan,Kumar,United States,2,120.0,60.0
19226.0,Neil,Carlson,United States,2,120.0,60.0
19234.0,Micah,Zheng,United States,2,120.0,60.0
19235.0,Kayla,Bennett,United States,2,120.0,60.0
19236.0,Chloe,Phillips,United States,2,120.0,60.0
19245.0,Isaiah,King,United States,2,120.0,60.0
19383.0,Roger,Nath,Germany,4,120.0,30.0
19660.0,Devin,Hill,United States,2,120.0,60.0
19668.0,Erick,Patel,United States,2,120.0,60.0
19688.0,Timothy,Baker,United States,2,120.0,60.0
19700.0,Gabriel,Hall,United States,2,120.0,60.0
19712.0,Eric,Phillips,United States,2,120.0,60.0
19728.0,Wyatt,Edwards,United States,2,120.0,60.0
19734.0,Natalie,Weisman,United States,2,120.0,60.0
19777.0,Jonathan,Thomas,United States,2,120.0,60.0
19806.0,Nancy,Perez,United States,2,120.0,60.0
19834.0,Johnny,Sharma,United States,2,120.0,60.0
19840.0,Jessica,James,United States,2,120.0,60.0
19850.0,Jeremiah,Hill,United States,2,120.0,60.0
19853.0,Ricky,Ramos,United States,2,120.0,60.0
19868.0,Kyle,Jenkins,United States,2,120.0,60.0
19888.0,Carson,Washington,United States,2,120.0,60.0
19890.0,Lee,Alvarez,United States,2,120.0,60.0
19893.0,Evan,Baker,United States,2,120.0,60.0
20022.0,Arthur,Perry,United States,2,120.0,60.0
20115.0,Megan,Jones,United States,2,120.0,60.0
20116.0,Hannah,Bryant,United States,2,120.0,60.0
20120.0,Fernando,Hughes,United States,2,120.0,60.0
20125.0,Natalie,Clark,United States,2,120.0,60.0
20129.0,Nicole,Stewart,United States,2,120.0,60.0
20138.0,Kendra,Moreno,Germany,4,120.0,30.0
20203.0,Roy,Blanco,United States,2,120.0,60.0
20271.0,Barry,Fernandez,United States,2,120.0,60.0
20292.0,Katherine,Ross,United States,2,120.0,60.0
20294.0,Julia,Davis,United States,2,120.0,60.0
20307.0,Natalie,Blue,United States,2,120.0,60.0
20311.0,Cole,Bell,United States,2,120.0,60.0
20328.0,Sierra,Carter,United States,2,120.0,60.0
20344.0,Ashlee,Anand,United States,2,120.0,60.0
20351.0,Maria,Gonzalez,United States,2,120.0,60.0
20378.0,Nathan,Jai,United States,2,120.0,60.0
20504.0,Rakesh,Tangirala,United States,4,120.0,30.0
20597.0,Carly,Beck,France,4,120.0,30.0
20741.0,Jocelyn,Foster,,2,120.0,60.0
20746.0,Christina,Torres,Canada,5,120.0,24.0
20916.0,Kathleen,Carlson,Germany,4,120.0,30.0
20937.0,Natalie,Williams,Germany,4,120.0,30.0
21233.0,Christopher,Smith,,2,120.0,60.0
21234.0,Brianna,Rivera,,2,120.0,60.0
21240.0,Aaron,Jenkins,,2,120.0,60.0
21513.0,Stacey,Xu,France,4,120.0,30.0
21786.0,Alexis,Bennett,United States,4,120.0,30.0
22305.0,Anne,Carlson,United Kingdom,4,120.0,30.0
22738.0,Haley,Diaz,United States,4,120.0,30.0
22813.0,Jerry,Deng,United Kingdom,4,120.0,30.0
23062.0,Natalie,Reed,United States,4,120.0,30.0
23188.0,Austin,Jai,United States,4,120.0,30.0
23333.0,Steve,Sun,United States,4,120.0,30.0
23693.0,Jacqueline,Jenkins,United States,4,120.0,30.0
26668.0,Toni,Madan,Australia,2,120.0,60.0
27283.0,Jamie,Hernandez,Canada,2,120.0,60.0
27725.0,Samuel,Sharma,Canada,2,120.0,60.0
27734.0,Aaron,McDonald,Canada,2,120.0,60.0
28027.0,Destiny,Hughes,Canada,2,120.0,60.0
28045.0,Zachary,Thomas,Canada,2,120.0,60.0
28121.0,Julia,Robinson,Canada,2,120.0,60.0
28460.0,Nathan,Powell,France,2,120.0,60.0
28466.0,Marco,Chandra,France,2,120.0,60.0
28476.0,Bradley,Xie,France,2,120.0,60.0
28495.0,Catherine,Morgan,France,2,120.0,60.0
28539.0,Barbara,Zhou,France,2,120.0,60.0
28546.0,Alisha,Xu,France,2,120.0,60.0
28581.0,Allison,Collins,Canada,2,120.0,60.0
28600.0,Destiny,Clark,Canada,2,120.0,60.0
28616.0,Sarah,Harris,United States,1,120.0,120.0
28722.0,Carmen,Stone,France,2,120.0,60.0
29351.0,Jason,Hall,Canada,2,120.0,60.0
11369.0,Ashlee,Tang,Australia,4,119.0,29.75
12262.0,Morgan,Sanchez,United Kingdom,5,119.0,23.8
12329.0,Bonnie,Shan,United Kingdom,4,119.0,29.75
12545.0,Marc,Ruiz,United Kingdom,5,119.0,23.8
12563.0,Alejandro,Lin,United Kingdom,4,119.0,29.75
13624.0,Nicole,Long,Australia,4,119.0,29.75
14199.0,Samuel,Anderson,United Kingdom,6,119.0,19.833333333333332
15721.0,Cara,Guo,Australia,4,119.0,29.75
16331.0,Erin,Richardson,Canada,8,119.0,14.875
17347.0,Sara,Stewart,Canada,7,119.0,17.0
19486.0,Melanie,Price,United Kingdom,4,119.0,29.75
19583.0,Jake,Li,Australia,5,119.0,23.8
19618.0,Ross,Johnsen,Australia,5,119.0,23.8
19817.0,Morgan,Flores,Canada,6,119.0,19.833333333333332
20421.0,Victoria,Alexander,United States,3,119.0,39.666666666666664
26059.0,Andrew,Anderson,United States,4,119.0,29.75
26396.0,Terry,Black,Germany,4,119.0,29.75
26809.0,Julia,Morgan,United States,4,119.0,29.75
27059.0,Hunter,Perry,United States,4,119.0,29.75
27480.0,Chloe,Parker,United States,4,119.0,29.75
11720.0,Morgan,Morris,United States,6,118.0,19.666666666666668
11965.0,Katie,She,Australia,6,118.0,19.666666666666668
12140.0,Oscar,Russell,Canada,10,118.0,11.8
12862.0,Melinda,Ortega,France,3,118.0,39.333333333333336
12997.0,Nina,Xie,Australia,8,118.0,14.75
14521.0,Rodney,Romero,Australia,4,118.0,29.5
14557.0,Mathew,Sanz,Australia,4,118.0,29.5
16016.0,Bradley,She,Australia,7,118.0,16.857142857142858
17306.0,Edgar,Prasad,Australia,4,118.0,29.5
18978.0,Isaiah,Morgan,Canada,6,118.0,19.666666666666668
19610.0,Deborah,Andersen,Australia,6,118.0,19.666666666666668
25237.0,Roger,Sun,Australia,4,118.0,29.5
28866.0,Aaron,Adams,United States,4,118.0,29.5
11059.0,Ashlee,Andersen,Australia,7,117.0,16.714285714285715
12357.0,Susan,Lu,Australia,6,117.0,19.5
12603.0,Cole,Reed,United Kingdom,5,117.0,23.4
14208.0,Eugene,Xu,United Kingdom,7,117.0,16.714285714285715
14837.0,Dennis,Li,Germany,4,117.0,29.25
14986.0,Richard,Martinez,United Kingdom,6,117.0,19.5
15635.0,Sheila,Martin,United Kingdom,4,117.0,29.25
19385.0,Alisha,Lin,Germany,4,117.0,29.25
11747.0,Destiny,Davis,United States,4,116.0,29.0
11843.0,Christy,Nara,United States,5,116.0,23.2
12311.0,Stanley,Weber,United Kingdom,7,116.0,16.571428571428573
13389.0,Madison,Thomas,United States,4,116.0,29.0
15426.0,Cristina,Kumar,Australia,7,116.0,16.571428571428573
15593.0,Naomi,Martin,Australia,4,116.0,29.0
15606.0,Marco,Prasad,Australia,7,116.0,16.571428571428573
15735.0,Lori,Blanco,Australia,5,116.0,23.2
16649.0,Makayla,Stewart,Canada,5,116.0,23.2
18257.0,Krista,Jimenez,Australia,4,116.0,29.0
18345.0,Samantha,Bryant,Canada,3,116.0,38.666666666666664
19071.0,Joe,Jimenez,United Kingdom,4,116.0,29.0
19377.0,Dominic,Chandra,Germany,7,116.0,16.571428571428573
19584.0,Terrance,Sanchez,Australia,6,116.0,19.333333333333332
11045.0,Leonard,Nara,Australia,4,115.0,28.75
11361.0,Cindy,Ramos,Australia,4,115.0,28.75
11865.0,Chloe,Rivera,United States,4,115.0,28.75
12244.0,Amy,Huang,Australia,4,115.0,28.75
12249.0,Jessie,Cai,Australia,4,115.0,28.75
13198.0,Cindy,Gray,Canada,6,115.0,19.166666666666668
13815.0,Lacey,Lin,United Kingdom,6,115.0,19.166666666666668
14057.0,Lance,Alonso,Australia,4,115.0,28.75
14067.0,Larry,Sanz,Australia,4,115.0,28.75
14227.0,Alison,Xu,Australia,4,115.0,28.75
14542.0,Alex,Ward,United Kingdom,5,115.0,23.0
14809.0,Max,Suarez,United Kingdom,5,115.0,23.0
14836.0,Peter,Chander,United Kingdom,5,115.0,23.0
15057.0,Regina,Chandra,United Kingdom,5,115.0,23.0
15610.0,Jessica,Gonzales,United Kingdom,5,115.0,23.0
15650.0,Ronnie,Li,France,4,115.0,28.75
15670.0,Sergio,Sánchez,France,4,115.0,28.75
16198.0,Arthur,Navarro,United Kingdom,4,115.0,28.75
17204.0,Evelyn,Martinez,United Kingdom,5,115.0,23.0
18314.0,Eric,Perry,Canada,6,115.0,19.166666666666668
18875.0,Devin,Watson,Canada,4,115.0,28.75
20570.0,George,Martinez,United Kingdom,4,115.0,28.75
21524.0,Faith,Wood,United Kingdom,4,115.0,28.75
25346.0,Ian,Gonzalez,United States,4,115.0,28.75
26104.0,Timothy,Edwards,United States,4,115.0,28.75
26472.0,David,Hughes,United States,4,115.0,28.75
11013.0,Ian,Jenkins,United States,5,114.0,22.8
11115.0,Alvin,Cai,Australia,6,114.0,19.0
11141.0,Nicole,Ramirez,United States,5,114.0,22.8
11192.0,James,Brown,United States,5,114.0,22.8
11236.0,Jeremy,Butler,United States,5,114.0,22.8
11255.0,Colin,Lin,United States,5,114.0,22.8
12740.0,Kathryn,Goel,United Kingdom,5,114.0,22.8
12865.0,Brandy,Martinez,United Kingdom,7,114.0,16.285714285714285
13614.0,Julie,Becker,Australia,5,114.0,22.8
13668.0,Stanley,Martinez,Australia,5,114.0,22.8
13809.0,Lisa,Zhou,United Kingdom,4,114.0,28.5
14717.0,Abigail,Rivera,France,5,114.0,22.8
15153.0,Kristen,Li,Australia,3,114.0,38.0
15274.0,Alexander,Johnson,United States,4,114.0,28.5
15383.0,Charles,Rivera,United States,4,114.0,28.5
15581.0,Toni,Perez,Australia,6,114.0,19.0
15794.0,Tonya,Chander,Australia,3,114.0,38.0
16233.0,Rebecca,King,United States,4,114.0,28.5
17067.0,Adrienne,Alvarez,Australia,4,114.0,28.5
17296.0,Joanna,Johnston,Australia,4,114.0,28.5
17710.0,Natalie,Stewart,United Kingdom,6,114.0,19.0
18530.0,Wyatt,Evans,United States,3,114.0,38.0
18732.0,Zachary,Jai,Australia,4,114.0,28.5
19587.0,Alyssa,Martin,Australia,5,114.0,22.8
21445.0,Madeline,Evans,,4,114.0,28.5
21792.0,Cassidy,Butler,Canada,4,114.0,28.5
25520.0,Candice,Zeng,France,4,114.0,28.5
25810.0,Jimmy,Sanz,Australia,4,114.0,28.5
25812.0,Donna,Lal,Australia,3,114.0,38.0
26852.0,Karen,She,Germany,4,114.0,28.5
27007.0,Joe,Gonzalez,United Kingdom,4,114.0,28.5
27112.0,Caleb,Foster,Canada,4,114.0,28.5
27935.0,Johnny,Chander,France,4,114.0,28.5
11068.0,Tiffany,Liang,Australia,9,113.0,12.555555555555555
11146.0,Karla,Goel,Australia,7,113.0,16.142857142857142
11646.0,Anna,Foster,United States,3,113.0,37.666666666666664
11669.0,Isabella,Simmons,United States,6,113.0,18.833333333333332
11672.0,Chad,Jai,United States,3,113.0,37.666666666666664
11974.0,Randy,Sun,United States,6,113.0,18.833333333333332
14545.0,Faith,Henderson,United Kingdom,4,113.0,28.25
16486.0,Rachael,Madan,Australia,5,113.0,22.6
17657.0,Noah,Martin,Canada,5,113.0,22.6
19026.0,Logan,Hayes,Canada,5,113.0,22.6
20087.0,Seth,Gray,Canada,4,113.0,28.25
20745.0,Mariah,Price,Canada,5,113.0,22.6
29049.0,Kelly,Simmons,United States,4,113.0,28.25
11658.0,Robert,Mitchell,United States,5,112.0,22.4
13290.0,Jordan,Campbell,Canada,8,112.0,14.0
14551.0,Michele,Vance,Germany,4,112.0,28.0
14582.0,Marcus,Reed,Canada,9,112.0,12.444444444444445
15018.0,Felicia,Martin,Australia,4,112.0,28.0
15544.0,Thomas,Brown,United States,4,112.0,28.0
16300.0,Orlando,Martin,United Kingdom,4,112.0,28.0
16314.0,Gabriel,Ross,United Kingdom,4,112.0,28.0
16489.0,Frederick,Garcia,Australia,6,112.0,18.666666666666668
17494.0,Mathew,Alvarez,Australia,3,112.0,37.333333333333336
19569.0,Kellie,Torres,Australia,5,112.0,22.4
19619.0,Eduardo,Morris,Australia,5,112.0,22.4
19624.0,Wesley,Zhu,Australia,5,112.0,22.4
23550.0,Jennifer,Cook,United States,4,112.0,28.0
28272.0,Hunter,Jai,Canada,4,112.0,28.0
11685.0,Jose,Griffin,United States,5,111.0,22.2
12627.0,Leah,Zheng,United Kingdom,6,111.0,18.5
17194.0,Wyatt,Thompson,Germany,4,111.0,27.75
23247.0,Alexander,Garcia,United States,4,111.0,27.75
11071.0,Linda,Serrano,Australia,7,110.0,15.714285714285714
11113.0,Micheal,Blanco,Australia,7,110.0,15.714285714285714
11153.0,Angela,James,United States,5,110.0,22.0
11728.0,Logan,White,United States,4,110.0,27.5
11735.0,Sydney,Gray,United States,4,110.0,27.5
11783.0,Sara,Mitchell,United States,4,110.0,27.5
11787.0,Jerry,Nath,United States,4,110.0,27.5
11884.0,Latoya,Shen,United States,4,110.0,27.5
11891.0,Jamie,Liang,United States,4,110.0,27.5
11950.0,Jordan,Carter,United States,4,110.0,27.5
11970.0,Bailey,Collins,United States,4,110.0,27.5
12502.0,Darren,Sanchez,United Kingdom,4,110.0,27.5
12564.0,Marshall,Yang,United Kingdom,5,110.0,22.0
13781.0,Dominique,Patel,France,5,110.0,22.0
15154.0,Joe,Hernandez,Australia,3,110.0,36.666666666666664
17226.0,Gilbert,McDonald,United Kingdom,4,110.0,27.5
17729.0,Edgar,Garcia,Australia,4,110.0,27.5
18885.0,Cara,Ma,Australia,4,110.0,27.5
21080.0,Ebony,Lopez,France,4,110.0,27.5
22483.0,Lee,Ramos,France,4,110.0,27.5
24665.0,Angela,Morgan,Canada,3,110.0,36.666666666666664
25633.0,Tara,Sutton,Germany,4,110.0,27.5
26781.0,Jan,Cox,United States,4,110.0,27.5
27461.0,Arianna,Coleman,United States,4,110.0,27.5
27815.0,Jamie,Chow,United Kingdom,4,110.0,27.5
28890.0,Jaclyn,Ma,Germany,3,110.0,36.666666666666664
11941.0,Adam,Roberts,United States,5,109.0,21.8
13409.0,Cory,Fernandez,France,5,109.0,21.8
13732.0,Julian,Isla,Canada,5,109.0,21.8
14315.0,Carl,Chander,Australia,5,109.0,21.8
16166.0,April,Goel,Australia,6,109.0,18.166666666666668
16178.0,Alfredo,Carlson,Australia,6,109.0,18.166666666666668
16964.0,Gavin,Wood,Canada,6,109.0,18.166666666666668
18325.0,Colleen,Xu,Australia,6,109.0,18.166666666666668
19200.0,Luke,Henderson,Canada,5,109.0,21.8
19581.0,Todd,Ma,Australia,4,109.0,27.25
19629.0,Theresa,Carlson,Australia,6,109.0,18.166666666666668
21317.0,Lauren,Rivera,,5,109.0,21.8
11187.0,Jennifer,Cooper,United States,4,108.0,27.0
11980.0,Kimberly,Richardson,United States,5,108.0,21.6
12085.0,Tyler,Rodriguez,United States,5,108.0,21.6
12927.0,Savannah,Sanchez,United States,5,108.0,21.6
12940.0,Steven,Rogers,United States,5,108.0,21.6
12956.0,Marshall,Sun,United States,5,108.0,21.6
12963.0,Marcus,Anderson,United States,5,108.0,21.6
13544.0,Joy,Martin,United Kingdom,6,108.0,18.0
13791.0,Audrey,Martin,United Kingdom,6,108.0,18.0
14938.0,Mallory,Sanz,United Kingdom,3,108.0,36.0
15103.0,Jonathan,Lopez,United Kingdom,6,108.0,18.0
15694.0,Stephanie,Diaz,United Kingdom,5,108.0,21.6
25839.0,Connor,Powell,United States,6,108.0,18.0
26907.0,Dana,Torres,France,4,108.0,27.0
28543.0,Roger,Ye,Germany,4,108.0,27.0
11879.0,Edgar,Sai,United States,5,107.0,21.4
12757.0,Sara,Ramirez,United States,3,107.0,35.666666666666664
12897.0,Alyssa,Wilson,United States,3,107.0,35.666666666666664
12966.0,Dennis,Zhu,United States,3,107.0,35.666666666666664
13153.0,Jack,Hill,United States,3,107.0,35.666666666666664
13336.0,Deanna,Gill,United States,3,107.0,35.666666666666664
13388.0,Marshall,Shen,United States,3,107.0,35.666666666666664
13416.0,Richard,Roberts,United States,3,107.0,35.666666666666664
13463.0,Tammy,Sara,United States,3,107.0,35.666666666666664
13833.0,Noah,Lewis,France,3,107.0,35.666666666666664
13913.0,Angela,Rogers,United States,3,107.0,35.666666666666664
14001.0,Hunter,Hill,United States,3,107.0,35.666666666666664
14197.0,Frank,Gill,Germany,3,107.0,35.666666666666664
14361.0,Franklin,Raje,United States,3,107.0,35.666666666666664
14768.0,Ian,Kelly,Germany,3,107.0,35.666666666666664
16353.0,Alejandro,Xu,United States,3,107.0,35.666666666666664
16622.0,Byron,Navarro,Australia,5,107.0,21.4
16634.0,Jenny,Hu,Australia,5,107.0,21.4
16679.0,Amber,Carter,Australia,5,107.0,21.4
17289.0,Mallory,Diaz,Australia,5,107.0,21.4
18054.0,Jake,Zeng,Canada,6,107.0,17.833333333333332
21136.0,Natasha,Carlson,United Kingdom,6,107.0,17.833333333333332
23020.0,Hannah,Jones,United States,6,107.0,17.833333333333332
23024.0,Emma,Davis,United States,4,107.0,26.75
23470.0,Samuel,Young,United States,6,107.0,17.833333333333332
12044.0,Madeline,Lopez,United States,5,106.0,21.2
12920.0,Kelly,Henderson,United States,5,106.0,21.2
12943.0,Caleb,Perez,United States,5,106.0,21.2
13694.0,Savannah,Gray,United Kingdom,5,106.0,21.2
14059.0,Rodney,Ramos,Australia,5,106.0,21.2
14692.0,Nichole,Sharma,United Kingdom,4,106.0,26.5
14992.0,Dale,Andersen,United Kingdom,5,106.0,21.2
15681.0,Emma,Gonzales,United Kingdom,5,106.0,21.2
16189.0,Amanda,Hughes,United Kingdom,5,106.0,21.2
17628.0,Roberto,Munoz,United Kingdom,6,106.0,17.666666666666668
24899.0,Vincent,Zhu,Australia,5,106.0,21.2
11067.0,Caleb,Carter,United States,6,105.0,17.5
11194.0,Jacqueline,Price,United States,6,105.0,17.5
11195.0,Megan,Henderson,United States,6,105.0,17.5
11721.0,Jennifer,Alexander,United States,5,105.0,21.0
11982.0,Alexandra,Foster,United States,5,105.0,21.0
12746.0,Juan,Torres,United Kingdom,6,105.0,17.5
13197.0,Katherine,Smith,Canada,8,105.0,13.125
13199.0,Timothy,Stewart,Canada,8,105.0,13.125
13613.0,Derek,Jai,Australia,4,105.0,26.25
14184.0,Caleb,Jenkins,United Kingdom,6,105.0,17.5
14663.0,Arturo,Hu,United States,5,105.0,21.0
15572.0,Anna,Garcia,Canada,5,105.0,21.0
16680.0,Carlos,Edwards,Australia,5,105.0,21.0
16771.0,Ian,Walker,Canada,5,105.0,21.0
17066.0,Lori,Serrano,Australia,5,105.0,21.0
19567.0,Barbara,Hu,Australia,3,105.0,35.0
25277.0,Jermaine,Fernandez,United States,4,105.0,26.25
11081.0,Savannah,Baker,United States,5,104.0,20.8
12043.0,Carson,Patterson,United States,4,104.0,26.0
12055.0,Arianna,Richardson,Canada,8,104.0,13.0
12310.0,Stacy,Munoz,United Kingdom,4,104.0,26.0
12718.0,Tammy,Sai,France,4,104.0,26.0
14034.0,Dennis,Liang,Australia,5,104.0,20.8
14552.0,Daisy,Ramos,United Kingdom,3,104.0,34.666666666666664
14621.0,Chloe,Morris,United States,3,104.0,34.666666666666664
14955.0,Jorge,Xu,United Kingdom,3,104.0,34.666666666666664
15273.0,Brandon,Alexander,United States,3,104.0,34.666666666666664
15382.0,Kimberly,Blue,United States,3,104.0,34.666666666666664
15864.0,Lauren,Bailey,Canada,5,104.0,20.8
15946.0,Wyatt,Wilson,United States,3,104.0,34.666666666666664
16071.0,Taylor,Rodriguez,Canada,5,104.0,20.8
16097.0,Jessica,Stewart,Canada,5,104.0,20.8
16171.0,Bruce,Ruiz,Australia,5,104.0,20.8
16597.0,Kelli,Xu,Germany,3,104.0,34.666666666666664
17686.0,Jack,Griffin,Canada,6,104.0,17.333333333333332
18384.0,Nicole,Williams,United States,3,104.0,34.666666666666664
18507.0,Edward,Baker,United States,3,104.0,34.666666666666664
19101.0,Susan,Cai,Australia,7,104.0,14.857142857142858
20103.0,William,Robinson,Canada,3,104.0,34.666666666666664
20218.0,Drew,Xie,Australia,7,104.0,14.857142857142858
20530.0,Mariah,Jenkins,,4,104.0,26.0
21135.0,Raul,Raji,United Kingdom,5,104.0,20.8
21456.0,Dalton,Gonzales,,4,104.0,26.0
21964.0,Devon,Nara,Australia,3,104.0,34.666666666666664
23552.0,Caleb,Russell,Canada,3,104.0,34.666666666666664
25054.0,Sheila,Alonso,Australia,3,104.0,34.666666666666664
27413.0,Kaitlyn,Reed,Canada,3,104.0,34.666666666666664
28287.0,Lauren,Bennett,United States,3,104.0,34.666666666666664
29315.0,Jill,Gomez,Australia,4,104.0,26.0
11102.0,Julia,Nelson,Australia,5,103.0,20.6
11165.0,Jocelyn,Alexander,United States,3,103.0,34.333333333333336
11173.0,Sarah,Thomas,United States,3,103.0,34.333333333333336
11962.0,Alexandra,Roberts,United States,4,103.0,25.75
12139.0,Franklin,Yang,United States,4,103.0,25.75
12643.0,Kristina,Perez,Germany,4,103.0,25.75
15034.0,Hector,Suarez,Australia,5,103.0,20.6
15806.0,Devin,Allen,Australia,6,103.0,17.166666666666668
16167.0,Devin,Moore,Australia,4,103.0,25.75
16640.0,Colin,Lal,Australia,4,103.0,25.75
17076.0,Neil,Serrano,Australia,4,103.0,25.75
19379.0,Crystal,Guo,United Kingdom,4,103.0,25.75
24911.0,Martin,Madan,Australia,4,103.0,25.75
25223.0,Armando,Ortega,Australia,4,103.0,25.75
27999.0,Nathan,Shan,United States,4,103.0,25.75
28855.0,Alexandra,Perez,United States,4,103.0,25.75
28879.0,Edwin,Xie,United Kingdom,4,103.0,25.75
29079.0,Brian,Rogers,United States,3,103.0,34.333333333333336
29100.0,Vanessa,Diaz,Australia,4,103.0,25.75
11793.0,Xavier,Rogers,United States,4,102.0,25.5
12610.0,Wendy,Gutierrez,United Kingdom,5,102.0,20.4
14332.0,Jade,Rogers,Canada,6,102.0,17.0
15571.0,Angel,Allen,Canada,5,102.0,20.4
16401.0,Margaret,Gao,United Kingdom,5,102.0,20.4
16506.0,Catherine,Murphy,Canada,6,102.0,17.0
16608.0,Ricky,Martin,Australia,4,102.0,25.5
16633.0,Kelli,Becker,Australia,4,102.0,25.5
18506.0,Evan,Bradley,Canada,5,102.0,20.4
20927.0,Tammy,Martinez,Germany,5,102.0,20.4
26178.0,Paige,Price,United States,4,102.0,25.5
11517.0,Katherine,Bryant,United States,5,101.0,20.2
11814.0,Dalton,Morgan,United States,5,101.0,20.2
12309.0,Omar,Raje,United Kingdom,4,101.0,25.25
12983.0,Gabriella,Carter,United States,4,101.0,25.25
13164.0,Olivia,Ward,United States,4,101.0,25.25
13498.0,Joel,Mehta,France,3,101.0,33.666666666666664
13503.0,Theodore,Gomez,United Kingdom,5,101.0,20.2
13759.0,Jackson,Scott,United States,4,101.0,25.25
14445.0,Benjamin,Henderson,United States,4,101.0,25.25
14805.0,Kari,Garcia,Germany,3,101.0,33.666666666666664
15216.0,Desiree,Gutierrez,Australia,6,101.0,16.833333333333332
16192.0,Marie,Lopez,United Kingdom,4,101.0,25.25
16593.0,Suzanne,He,United Kingdom,4,101.0,25.25
18391.0,Jacqueline,Russell,Canada,3,101.0,33.666666666666664
18449.0,Derrick,Ramos,Canada,5,101.0,20.2
18811.0,Samuel,Perry,Canada,3,101.0,33.666666666666664
19648.0,Lauren,Hall,Canada,6,101.0,16.833333333333332
22176.0,Alejandro,Yang,Australia,4,101.0,25.25
22882.0,Charles,Jones,Canada,4,101.0,25.25
24287.0,John,Martinez,United States,3,101.0,33.666666666666664
24629.0,Seth,Perry,United States,3,101.0,33.666666666666664
24657.0,Alyssa,Brooks,United States,3,101.0,33.666666666666664
24678.0,Nathan,Long,United States,3,101.0,33.666666666666664
24974.0,Eduardo,Carter,United States,3,101.0,33.666666666666664
25200.0,Nathan,Williams,United States,3,101.0,33.666666666666664
25329.0,Jacquelyn,Moreno,United States,3,101.0,33.666666666666664
25330.0,Madison,Gonzales,United States,3,101.0,33.666666666666664
25333.0,Robert,Coleman,United States,3,101.0,33.666666666666664
28406.0,Gerald,Srini,France,3,101.0,33.666666666666664
11643.0,Naomi,Munoz,United States,5,100.0,20.0
11662.0,Ethan,Kumar,United States,4,100.0,25.0
11670.0,Jacqueline,Perry,United States,4,100.0,25.0
11703.0,Kaylee,Baker,United States,4,100.0,25.0
11718.0,Sarah,Jones,United States,4,100.0,25.0
12625.0,Carly,Andersen,France,4,100.0,25.0
13390.0,Julia,Collins,United States,5,100.0,20.0
14842.0,Meagan,Kim,Germany,5,100.0,20.0
15174.0,Trinity,Rogers,United States,5,100.0,20.0
17063.0,Jaclyn,Wang,Australia,5,100.0,20.0
17282.0,Alyssa,Alexander,Australia,5,100.0,20.0
17297.0,Tommy,Kumar,Australia,5,100.0,20.0
17327.0,Jamie,Zhou,Australia,5,100.0,20.0
18199.0,Brandy,Lopez,Australia,5,100.0,20.0
19104.0,Mariah,James,Australia,5,100.0,20.0
20212.0,Krista,Alonso,Australia,6,100.0,16.666666666666668
21296.0,Luis,Hall,,4,100.0,25.0
21320.0,Hannah,Coleman,,4,100.0,25.0
21421.0,Ashley,Ross,,4,100.0,25.0
21499.0,Bailey,Ramirez,United States,4,100.0,25.0
21706.0,Haley,Murphy,United States,4,100.0,25.0
21719.0,Morgan,Torres,United States,4,100.0,25.0
21936.0,Emma,Reed,United States,4,100.0,25.0
24732.0,Wyatt,Davis,United States,4,100.0,25.0
24765.0,Morgan,Alexander,United States,4,100.0,25.0
11842.0,Justin,Wilson,United States,4,99.0,24.75
12424.0,Rebecca,Mitchell,United States,4,99.0,24.75
12426.0,Cody,Cox,United States,4,99.0,24.75
12726.0,Kurt,Goel,Germany,4,99.0,24.75
13609.0,Ramon,Yang,United Kingdom,4,99.0,24.75
13623.0,Mitchell,Carson,Australia,6,99.0,16.5
14060.0,Cedric,Sharma,Australia,3,99.0,33.0
14309.0,Orlando,Sanz,Australia,3,99.0,33.0
14683.0,Molly,Sai,Australia,5,99.0,19.8
14749.0,Jose,Jenkins,United States,4,99.0,24.75
14932.0,Pedro,Fernandez,France,4,99.0,24.75
15160.0,Candace,Van,United States,4,99.0,24.75
15190.0,Katherine,Watson,United States,4,99.0,24.75
15206.0,Maurice,Andersen,Australia,4,99.0,24.75
15238.0,Jonathon,Alonso,Australia,4,99.0,24.75
15758.0,Arturo,Andersen,Australia,4,99.0,24.75
15783.0,David,Alexander,Australia,4,99.0,24.75
15798.0,Anne,Munoz,Australia,4,99.0,24.75
15804.0,Brittney,Liu,Australia,4,99.0,24.75
16236.0,Nicholas,Martinez,United States,4,99.0,24.75
16368.0,Lauren,Williams,United States,4,99.0,24.75
16922.0,Emma,Jackson,United States,4,99.0,24.75
17016.0,Hailey,Hughes,United States,4,99.0,24.75
17130.0,Janet,Turner,United States,4,99.0,24.75
17503.0,Molly,Suri,Australia,4,99.0,24.75
18256.0,Gilbert,Cai,Australia,4,99.0,24.75
19208.0,Angelica,Diaz,United States,4,99.0,24.75
19862.0,Emily,Harris,Canada,3,99.0,33.0
21082.0,Jason,Edwards,Germany,4,99.0,24.75
21395.0,Alexia,Hughes,,3,99.0,33.0
21549.0,Jerome,Ruiz,Germany,4,99.0,24.75
21675.0,Adriana,Rana,France,4,99.0,24.75
21952.0,Latasha,Vazquez,Australia,4,99.0,24.75
21965.0,Bethany,Raheem,Australia,4,99.0,24.75
21990.0,Alejandro,Rai,Australia,4,99.0,24.75
22475.0,Heidi,Rana,United Kingdom,4,99.0,24.75
22539.0,Randall,Sanz,United Kingdom,4,99.0,24.75
23357.0,Micah,Yang,United States,3,99.0,33.0
23971.0,Lindsey,Jai,United Kingdom,4,99.0,24.75
24574.0,Alison,Yuan,United Kingdom,4,99.0,24.75
25209.0,Emma,Walker,Canada,4,99.0,24.75
29341.0,Lucas,Stewart,Canada,3,99.0,33.0
11198.0,Brooke,Sanders,United States,4,98.0,24.5
11268.0,Katelyn,Carter,United States,5,98.0,19.6
11687.0,Cody,Torres,United States,3,98.0,32.666666666666664
11710.0,Zoe,Ramirez,United States,3,98.0,32.666666666666664
12372.0,Darren,Prasad,Australia,7,98.0,14.0
13586.0,Larry,Alonso,United Kingdom,4,98.0,24.5
16579.0,Zachary,Davis,United Kingdom,5,98.0,19.6
16619.0,Whitney,Perez,Australia,3,98.0,32.666666666666664
16705.0,Jacqueline,Wood,Australia,4,98.0,24.5
17250.0,Alicia,She,Australia,4,98.0,24.5
17509.0,Makayla,Ramirez,Canada,7,98.0,14.0
17631.0,Cara,He,Germany,4,98.0,24.5
18326.0,Jay,Srini,Australia,4,98.0,24.5
18466.0,Joy,Gutierrez,Australia,4,98.0,24.5
19796.0,Marshall,Xie,Australia,6,98.0,16.333333333333332
19961.0,Kristin,She,Australia,4,98.0,24.5
19969.0,Jake,Guo,Australia,5,98.0,19.6
23091.0,Richard,Peterson,United States,4,98.0,24.5
29260.0,Ricky,Carlson,United States,4,98.0,24.5
29370.0,Mason,Kelly,Germany,4,98.0,24.5
11458.0,Bianca,Liu,Australia,7,97.0,13.857142857142858
12134.0,Hector,Alonso,United Kingdom,5,97.0,19.4
15102.0,Allen,Malhotra,United Kingdom,6,97.0,16.166666666666668
15147.0,Clarence,Chen,Australia,5,97.0,19.4
16188.0,Teresa,Torres,United Kingdom,4,97.0,24.25
16200.0,Julia,Edwards,United Kingdom,4,97.0,24.25
16321.0,Ruth,Malhotra,United Kingdom,5,97.0,19.4
17052.0,Rafael,Nara,Australia,4,97.0,24.25
17316.0,Marvin,Serrano,Australia,5,97.0,19.4
19220.0,Mariah,Sanchez,Canada,8,97.0,12.125
26689.0,Arthur,Gill,United States,4,97.0,24.25
27202.0,James,Hall,United States,4,97.0,24.25
11674.0,Morgan,Rogers,United States,4,96.0,24.0
11702.0,Jenny,Zhou,United States,4,96.0,24.0
11716.0,Evan,Kelly,United States,4,96.0,24.0
11806.0,Jennifer,Stewart,United States,4,96.0,24.0
11819.0,Jose,Lal,United States,4,96.0,24.0
12888.0,Melissa,Barnes,United States,3,96.0,32.0
12899.0,Ana,Ross,United States,3,96.0,32.0
12993.0,Xavier,Henderson,Australia,5,96.0,19.2
13216.0,Mary,Mitchell,United States,3,96.0,32.0
14249.0,Eduardo,Thomas,United States,3,96.0,32.0
14252.0,Destiny,Cook,United States,3,96.0,32.0
14395.0,Devin,Reed,United States,3,96.0,32.0
14460.0,Jose,Long,United States,3,96.0,32.0
14704.0,Kara,Andersen,France,5,96.0,19.2
14936.0,Bryan,Sanchez,France,5,96.0,19.2
15076.0,Sheila,Ramos,Germany,3,96.0,32.0
15277.0,Hailey,Griffin,United States,5,96.0,19.2
15641.0,Marco,Sara,Australia,5,96.0,19.2
16247.0,Anna,Brown,Canada,8,96.0,12.0
16615.0,Kaitlin,Patel,Australia,6,96.0,16.0
17100.0,Vincent,Wang,Germany,5,96.0,19.2
18129.0,Elizabeth,Rodriguez,France,3,96.0,32.0
19574.0,Michele,Ramos,Australia,6,96.0,16.0
20280.0,Joshua,Harris,Canada,5,96.0,19.2
20478.0,Jonathan,Moore,Canada,3,96.0,32.0
24265.0,Seth,McDonald,United States,4,96.0,24.0
24408.0,Jordan,Diaz,United States,4,96.0,24.0
24416.0,Oscar,Jenkins,United States,4,96.0,24.0
24438.0,Xavier,Robinson,United States,4,96.0,24.0
24622.0,Blake,Hall,United States,4,96.0,24.0
24740.0,Shelby,Cooper,United States,4,96.0,24.0
24823.0,Vincent,Zhao,United States,4,96.0,24.0
24826.0,Richard,Powell,United States,4,96.0,24.0
24830.0,Alexandra,Cox,United States,4,96.0,24.0
24985.0,Jenna,Phillips,United States,4,96.0,24.0
25153.0,Ryan,Coleman,United States,4,96.0,24.0
25172.0,Evan,Gray,United States,4,96.0,24.0
25201.0,Hunter,Gonzalez,United States,4,96.0,24.0
25438.0,Lauren,Murphy,United States,4,96.0,24.0
12359.0,Veronica,Raman,Australia,6,95.0,15.833333333333334
13040.0,Roy,Gonzalez,Australia,3,95.0,31.666666666666668
13330.0,Maria,Patterson,Canada,6,95.0,15.833333333333334
15709.0,Chelsea,Prasad,France,3,95.0,31.666666666666668
16387.0,Douglas,Vance,United Kingdom,4,95.0,23.75
16933.0,Donald,Arun,United Kingdom,4,95.0,23.75
16935.0,Bruce,Perez,United Kingdom,4,95.0,23.75
17287.0,Billy,Suarez,Australia,4,95.0,23.75
17322.0,Derek,Beck,Australia,3,95.0,31.666666666666668
18191.0,Julie,Sharma,Australia,3,95.0,31.666666666666668
18195.0,Walter,Sanz,Australia,3,95.0,31.666666666666668
18270.0,Rachael,Rana,Australia,3,95.0,31.666666666666668
18289.0,Jaclyn,Raji,Australia,3,95.0,31.666666666666668
19252.0,Jasmine,Brooks,France,3,95.0,31.666666666666668
19589.0,Jake,Huang,Australia,4,95.0,23.75
21312.0,Connor,Scott,,3,95.0,31.666666666666668
21736.0,Thomas,Thompson,United States,3,95.0,31.666666666666668
25662.0,Andre,Kapoor,France,3,95.0,31.666666666666668
25663.0,Masato,Kawai,France,3,95.0,31.666666666666668
11074.0,Levi,Arun,Australia,7,94.0,13.428571428571429
11161.0,Emily,Wood,United States,6,94.0,15.666666666666666
11308.0,Ian,Gonzales,United States,4,94.0,23.5
11680.0,Kaylee,Nelson,United States,3,94.0,31.333333333333332
11684.0,Devin,Parker,United States,3,94.0,31.333333333333332
11692.0,Caleb,Gonzales,United States,3,94.0,31.333333333333332
11704.0,Evan,Hernandez,United States,3,94.0,31.333333333333332
11714.0,Alexandria,Long,United States,3,94.0,31.333333333333332
11771.0,Isaac,Rivera,United States,3,94.0,31.333333333333332
11828.0,Katherine,Martinez,United States,3,94.0,31.333333333333332
12068.0,Maria,Jenkins,United States,3,94.0,31.333333333333332
12334.0,Roy,Jimenez,United Kingdom,5,94.0,18.8
12369.0,Terrence,Lal,Australia,6,94.0,15.666666666666666
13034.0,Kelsey,Yuan,Australia,5,94.0,18.8
13510.0,Jon,Shen,France,2,94.0,47.0
13549.0,Richard,King,France,2,94.0,47.0
13673.0,Sandra,He,France,2,94.0,47.0
14384.0,Rachel,Miller,United States,3,94.0,31.333333333333332
15053.0,Kurt,Andersen,France,3,94.0,31.333333333333332
15112.0,Alicia,Luo,France,2,94.0,47.0
15115.0,Christian,Patterson,France,2,94.0,47.0
15310.0,Amanda,Stewart,Canada,8,94.0,11.75
15442.0,Alejandro,Shen,France,3,94.0,31.333333333333332
15814.0,Monica,Subram,United States,3,94.0,31.333333333333332
15835.0,Marcus,Smith,United States,3,94.0,31.333333333333332
15912.0,Mya,Simmons,United States,3,94.0,31.333333333333332
16012.0,Grace,Cooper,Canada,3,94.0,31.333333333333332
17018.0,Mandy,Guo,United States,3,94.0,31.333333333333332
17292.0,Kellie,Gill,Australia,4,94.0,23.5
17300.0,Ivan,Sai,Australia,4,94.0,23.5
17751.0,Isaiah,Bailey,France,2,94.0,47.0
17843.0,Kelli,Shan,France,2,94.0,47.0
18014.0,Wayne,Xu,France,2,94.0,47.0
18541.0,Kayla,Jones,Canada,3,94.0,31.333333333333332
18687.0,Olivia,Smith,United States,2,94.0,47.0
18770.0,Aaron,Hernandez,United States,2,94.0,47.0
18823.0,Russell,Xu,United States,2,94.0,47.0
18837.0,Amanda,Hernandez,United States,2,94.0,47.0
18915.0,Sydney,Gonzalez,United States,2,94.0,47.0
18921.0,Rachel,Bailey,United States,2,94.0,47.0
18983.0,Destiny,Price,United States,2,94.0,47.0
18984.0,Shelby,Rivera,United States,2,94.0,47.0
18985.0,Paige,Bailey,United States,2,94.0,47.0
19005.0,Lauren,Peterson,United States,2,94.0,47.0
19600.0,Lacey,Andersen,Australia,4,94.0,23.5
19635.0,Dawn,Shan,United States,2,94.0,47.0
19692.0,Aaron,Edwards,United States,2,94.0,47.0
19695.0,Angel,Gonzalez,United States,2,94.0,47.0
19742.0,Alexia,Russell,United States,2,94.0,47.0
19767.0,Ross,Serrano,United States,2,94.0,47.0
19776.0,Judith,Murphy,United States,2,94.0,47.0
19858.0,Jenna,Collins,United States,2,94.0,47.0
19980.0,Alexandra,Carter,United States,2,94.0,47.0
20025.0,Bryce,Bell,United States,2,94.0,47.0
20272.0,Seth,James,United States,2,94.0,47.0
20288.0,Jeremiah,Edwards,United States,2,94.0,47.0
20313.0,Oscar,Bennett,United States,2,94.0,47.0
20383.0,Richard,Hernandez,United States,2,94.0,47.0
20604.0,Harold,Martinez,Australia,2,94.0,47.0
21252.0,Luis,Chen,Canada,5,94.0,18.8
21360.0,Orlando,Gill,Australia,3,94.0,31.333333333333332
21362.0,Angel,Evans,Australia,3,94.0,31.333333333333332
21690.0,Samantha,Thomas,Canada,3,94.0,31.333333333333332
21735.0,Grace,Diaz,United States,4,94.0,23.5
22087.0,Joan,Coleman,United States,4,94.0,23.5
22122.0,Rachel,Butler,United States,4,94.0,23.5
22191.0,Jack,Adams,United States,4,94.0,23.5
22222.0,Angel,Hill,United States,4,94.0,23.5
22269.0,Caleb,Yang,United States,4,94.0,23.5
22310.0,Christina,Sanders,Germany,3,94.0,31.333333333333332
22560.0,Casey,Jai,United Kingdom,3,94.0,31.333333333333332
22757.0,Savannah,Peterson,United States,4,94.0,23.5
22762.0,Melissa,Diaz,United States,4,94.0,23.5
23000.0,Victoria,Henderson,United States,4,94.0,23.5
23387.0,Xavier,Perry,United States,4,94.0,23.5
23549.0,George,Sai,United States,2,94.0,47.0
23577.0,Julia,Bennett,United States,4,94.0,23.5
23686.0,Rachel,Murphy,United States,4,94.0,23.5
23702.0,Eduardo,James,United States,2,94.0,47.0
23705.0,Jeremy,Bryant,United States,4,94.0,23.5
24041.0,Chad,Tang,Germany,3,94.0,31.333333333333332
24128.0,Kimberly,Ramirez,Germany,3,94.0,31.333333333333332
24225.0,Jeffery,Yang,United States,2,94.0,47.0
26046.0,Kara,Kumar,United States,3,94.0,31.333333333333332
26158.0,Lisa,Wu,Australia,2,94.0,47.0
26550.0,Alex,Morris,United States,3,94.0,31.333333333333332
27428.0,Paige,Foster,Canada,2,94.0,47.0
27436.0,Carmen,Mehta,Canada,2,94.0,47.0
27562.0,Haley,Bailey,Canada,2,94.0,47.0
28000.0,Rebecca,Roberts,Canada,2,94.0,47.0
28141.0,Joseph,Robinson,Canada,2,94.0,47.0
28332.0,Ryan,Washington,Canada,2,94.0,47.0
28346.0,Eduardo,Russell,Canada,2,94.0,47.0
28932.0,Marshall,Ashe,Australia,3,94.0,31.333333333333332
28976.0,Christina,Peterson,Canada,2,94.0,47.0
12565.0,Kendra,Gutierrez,France,4,93.0,23.25
14658.0,Chloe,Green,Canada,6,93.0,15.5
14684.0,James,Zhang,Australia,6,93.0,15.5
16195.0,Abby,Perez,France,3,93.0,31.0
16700.0,Billy,Gill,Australia,3,93.0,31.0
16706.0,Jenny,Shan,Australia,3,93.0,31.0
17068.0,Thomas,Smith,Australia,3,93.0,31.0
17245.0,Regina,Mehta,Australia,3,93.0,31.0
17252.0,Colleen,Zhu,Australia,3,93.0,31.0
17290.0,Jenny,Becker,Australia,3,93.0,31.0
19457.0,Jennifer,Williams,United Kingdom,3,93.0,31.0
20532.0,Joan,Watson,,4,93.0,23.25
20542.0,Hailey,Green,,4,93.0,23.25
21298.0,Noah,Collins,,4,93.0,23.25
21839.0,Billy,Diaz,United Kingdom,3,93.0,31.0
23260.0,Edwin,Goel,United States,4,93.0,23.25
23949.0,Kelvin,Deng,France,4,93.0,23.25
26216.0,Ebony,Subram,United Kingdom,3,93.0,31.0
26256.0,Ronald,Rana,United States,4,93.0,23.25
26260.0,Ryan,Jackson,United States,4,93.0,23.25
26266.0,Brent,Gao,United States,4,93.0,23.25
26733.0,Benjamin,Smith,United States,4,93.0,23.25
27229.0,Zachary,Zhang,United States,4,93.0,23.25
27603.0,Mya,Barnes,United States,4,93.0,23.25
27635.0,Grace,Perry,United States,4,93.0,23.25
27939.0,Lawrence,Navarro,United Kingdom,3,93.0,31.0
28381.0,Cedric,Tang,Germany,4,93.0,23.25
29216.0,Antonio,Wood,United States,3,93.0,31.0
11848.0,Joshua,Lewis,United States,4,92.0,23.0
12065.0,Isaiah,Collins,United States,4,92.0,23.0
12087.0,Sean,Cook,United States,4,92.0,23.0
12101.0,Logan,Patterson,United States,4,92.0,23.0
12137.0,Jack,Green,United States,4,92.0,23.0
12432.0,Nathan,Clark,United States,3,92.0,30.666666666666668
13124.0,Marco,Vance,Australia,4,92.0,23.0
13151.0,Ethan,Moore,United States,4,92.0,23.0
14028.0,Patricia,Srini,United States,4,92.0,23.0
14329.0,Holly,Sanchez,United States,4,92.0,23.0
16243.0,Maria,James,Canada,2,92.0,46.0
17338.0,Jordyn,Long,Canada,9,92.0,10.222222222222221
17760.0,Diana,Romero,United Kingdom,5,92.0,18.4
17881.0,Tamara,Wang,United Kingdom,5,92.0,18.4
18686.0,Logan,Coleman,Canada,4,92.0,23.0
18821.0,Juan,Morgan,Canada,2,92.0,46.0
19001.0,Fernando,Brown,Canada,4,92.0,23.0
19920.0,Meredith,Sanchez,France,4,92.0,23.0
20232.0,Franklin,Chande,Australia,4,92.0,23.0
21023.0,Cara,Wang,United Kingdom,4,92.0,23.0
21702.0,Paige,Gonzales,Canada,5,92.0,18.4
22920.0,Calvin,Andersen,Australia,4,92.0,23.0
22981.0,Amanda,Flores,United States,4,92.0,23.0
23200.0,Grace,Rodriguez,United States,4,92.0,23.0
24652.0,Luke,Butler,United States,3,92.0,30.666666666666668
24687.0,Joan,Ross,United States,3,92.0,30.666666666666668
24776.0,Samantha,Perry,United States,3,92.0,30.666666666666668
25165.0,Ashley,Brown,United States,3,92.0,30.666666666666668
25174.0,Monica,Smith,United States,3,92.0,30.666666666666668
28304.0,Colleen,Zeng,Australia,3,92.0,30.666666666666668
11649.0,Ian,White,United States,3,91.0,30.333333333333332
11667.0,Blake,Moore,United States,3,91.0,30.333333333333332
11676.0,Alan,Hu,United States,3,91.0,30.333333333333332
11957.0,Courtney,Hernandez,United States,6,91.0,15.166666666666666
12038.0,George,Vance,Australia,5,91.0,18.2
12924.0,Devon,Chande,United States,4,91.0,22.75
14466.0,Logan,Adams,United States,3,91.0,30.333333333333332
14829.0,Gina,Vazquez,France,3,91.0,30.333333333333332
15099.0,Alvin,Ma,France,3,91.0,30.333333333333332
15779.0,Jackson,Hayes,United States,3,91.0,30.333333333333332
16032.0,Colin,Chavez,Australia,4,91.0,22.75
16193.0,Victor,Rubio,United Kingdom,3,91.0,30.333333333333332
16704.0,Karla,Chavez,Australia,4,91.0,22.75
16710.0,Carla,Arthur,Australia,4,91.0,22.75
17062.0,Christy,Lu,Australia,4,91.0,22.75
17234.0,Anna,Jenkins,Australia,4,91.0,22.75
19571.0,Sydney,Johnson,Australia,4,91.0,22.75
19578.0,Max,Rubio,Australia,4,91.0,22.75
22100.0,Fernando,Hall,Canada,4,91.0,22.75
22924.0,Marie,Sanchez,Australia,4,91.0,22.75
25103.0,Shelby,Brooks,United States,3,91.0,30.333333333333332
26882.0,Mayra,Sanchez,France,4,91.0,22.75
11466.0,Grant,Tang,Australia,7,90.0,12.857142857142858
11853.0,Grace,Jones,United States,3,90.0,30.0
11855.0,Christian,Walker,United States,3,90.0,30.0
11985.0,Melanie,Hughes,United States,3,90.0,30.0
12051.0,Isaiah,Scott,United States,3,90.0,30.0
12115.0,Chloe,Richardson,United States,3,90.0,30.0
12425.0,Brandon,White,United States,3,90.0,30.0
13683.0,Sheila,Torres,Germany,3,90.0,30.0
13837.0,Alyssa,Lee,Germany,3,90.0,30.0
13962.0,Dawn,Li,Australia,5,90.0,18.0
14237.0,Kate,Andersen,Australia,5,90.0,18.0
14482.0,Noah,Perez,United States,3,90.0,30.0
14511.0,Danielle,Rogers,United States,3,90.0,30.0
14571.0,Rachel,Richardson,United States,3,90.0,30.0
14669.0,Erika,Blanco,Australia,5,90.0,18.0
14691.0,Derrick,Torres,France,3,90.0,30.0
15011.0,Amber,Mitchell,United States,3,90.0,30.0
15148.0,James,West,Australia,5,90.0,18.0
15231.0,Alexia,Barnes,Australia,5,90.0,18.0
15306.0,Victoria,Sanchez,United States,3,90.0,30.0
15415.0,Rachel,Gray,United States,3,90.0,30.0
15487.0,Jesse,Ramirez,United States,3,90.0,30.0
15672.0,Kelvin,Nara,Germany,3,90.0,30.0
15683.0,Jessie,Carlson,Germany,3,90.0,30.0
15741.0,Isabella,Allen,United States,3,90.0,30.0
15745.0,Julian,Hayes,United States,3,90.0,30.0
15759.0,Erin,Brooks,United States,3,90.0,30.0
15883.0,Tristan,Coleman,United States,4,90.0,22.5
15894.0,Joanna,Gutierrez,United States,3,90.0,30.0
15963.0,Madison,Smith,United States,3,90.0,30.0
15988.0,Edward,Moore,United States,4,90.0,22.5
16013.0,Xavier,Williams,United States,3,90.0,30.0
16018.0,Emma,Henderson,United States,3,90.0,30.0
16099.0,Julian,Jenkins,United States,3,90.0,30.0
16355.0,Sam,Foster,United States,3,90.0,30.0
16843.0,Jimmy,Ramos,United States,3,90.0,30.0
16982.0,Jillian,Lopez,United States,3,90.0,30.0
17074.0,Ruben,Malhotra,Australia,5,90.0,18.0
17284.0,Gerald,Martin,Australia,5,90.0,18.0
17486.0,Marissa,Foster,United States,3,90.0,30.0
18083.0,Osarumwense,Agbonile,United States,3,90.0,30.0
18184.0,Leonard,Chande,France,3,90.0,30.0
18975.0,Samuel,Bryant,United States,3,90.0,30.0
19373.0,Rebekah,Suri,Germany,3,90.0,30.0
21254.0,Tonya,Black,Australia,3,90.0,30.0
21853.0,Stacy,Gutierrez,Germany,3,90.0,30.0
22127.0,Marcus,Thompson,United States,3,90.0,30.0
22144.0,Zachary,Wang,Canada,3,90.0,30.0
22264.0,Stephanie,Coleman,Canada,3,90.0,30.0
22285.0,Meredith,Moreno,Canada,3,90.0,30.0
22827.0,Clayton,Gao,France,3,90.0,30.0
23485.0,Isabella,Lee,Canada,3,90.0,30.0
23487.0,Gabriel,Evans,Canada,3,90.0,30.0
23494.0,Nicole,Foster,Canada,3,90.0,30.0
24576.0,Jake,Hu,United Kingdom,3,90.0,30.0
24721.0,Mandy,Zheng,United Kingdom,3,90.0,30.0
25328.0,Rachel,Price,Canada,3,90.0,30.0
25569.0,Jésus,Alvarez,France,3,90.0,30.0
25621.0,Brandon,Flores,Canada,3,90.0,30.0
26348.0,Logan,Moore,Canada,3,90.0,30.0
27184.0,Donald,Subram,Germany,3,90.0,30.0
27844.0,Arturo,Li,France,3,90.0,30.0
29045.0,Anna,Jones,United States,3,90.0,30.0
11098.0,Mallory,Rubio,Australia,4,89.0,22.25
11544.0,Joel,Garcia,Germany,2,89.0,44.5
11594.0,Corey,Goel,France,2,89.0,44.5
11648.0,Kevin,Scott,United States,2,89.0,44.5
11689.0,Ian,Diaz,United States,2,89.0,44.5
11706.0,Blake,Perez,United States,2,89.0,44.5
11973.0,Caroline,Barnes,United States,5,89.0,17.8
12366.0,Stephanie,Cox,United States,5,89.0,17.8
13023.0,Dominique,Raman,Australia,4,89.0,22.25
13150.0,Lacey,Yang,Australia,5,89.0,17.8
15461.0,Alberto,Gutierrez,United Kingdom,5,89.0,17.8
17786.0,Kathleen,Gutierrez,United Kingdom,4,89.0,22.25
18330.0,Kellie,Diaz,Australia,3,89.0,29.666666666666668
18719.0,Alberto,Suarez,Australia,3,89.0,29.666666666666668
18927.0,Arianna,Cox,Canada,4,89.0,22.25
19585.0,Kristi,Fernandez,Australia,4,89.0,22.25
20796.0,Claudia,Guo,France,3,89.0,29.666666666666668
20897.0,Mayra,Sai,France,3,89.0,29.666666666666668
21497.0,Patrick,Cox,,4,89.0,22.25
22708.0,Anne,Ruiz,France,3,89.0,29.666666666666668
23441.0,Rafael,Zhang,France,3,89.0,29.666666666666668
23773.0,Jon,Cai,France,3,89.0,29.666666666666668
23950.0,Roger,Zhou,France,3,89.0,29.666666666666668
24013.0,Jay,Ruiz,France,3,89.0,29.666666666666668
24215.0,Lisa,Xu,Germany,3,89.0,29.666666666666668
24843.0,Bryant,Subram,Germany,3,89.0,29.666666666666668
25317.0,Erick,Garcia,Germany,3,89.0,29.666666666666668
25668.0,Carolyn,Lopez,United Kingdom,3,89.0,29.666666666666668
25807.0,Kaitlin,Lopez,France,3,89.0,29.666666666666668
25904.0,Ian,Collins,United States,4,89.0,22.25
25957.0,Stephanie,Washington,United States,4,89.0,22.25
26017.0,Derrick,Alonso,United States,4,89.0,22.25
26035.0,Shannon,Vazquez,Australia,3,89.0,29.666666666666668
26036.0,Haley,Wright,Australia,3,89.0,29.666666666666668
26071.0,Brittany,Henderson,United States,4,89.0,22.25
26175.0,Jose,Hughes,United States,3,89.0,29.666666666666668
26314.0,Angel,Murphy,United States,3,89.0,29.666666666666668
26335.0,April,Pal,United States,4,89.0,22.25
26416.0,Amy,Zhao,United Kingdom,3,89.0,29.666666666666668
26457.0,Sydney,Moore,United States,4,89.0,22.25
26473.0,Anna,Wood,United States,4,89.0,22.25
26498.0,Ethan,Hayes,United States,4,89.0,22.25
26515.0,Zoe,Watson,United States,4,89.0,22.25
26732.0,Martin,Rienstra,United States,3,89.0,29.666666666666668
26775.0,Riley,Bryant,United States,3,89.0,29.666666666666668
26783.0,Juan,Torres,United States,3,89.0,29.666666666666668
26784.0,Walter,Torres,Australia,3,89.0,29.666666666666668
26793.0,Jesse,Nelson,United States,3,89.0,29.666666666666668
26803.0,Xavier,Bennett,United States,3,89.0,29.666666666666668
26871.0,Justin,Chen,France,3,89.0,29.666666666666668
27109.0,Mandy,Cai,United States,3,89.0,29.666666666666668
27293.0,Kaitlyn,Jackson,United States,3,89.0,29.666666666666668
27396.0,Adrian,Cook,United States,3,89.0,29.666666666666668
27435.0,Alexandra,Johnson,United States,3,89.0,29.666666666666668
27528.0,Jade,Stewart,United States,3,89.0,29.666666666666668
27620.0,Nicole,Hughes,United States,3,89.0,29.666666666666668
28454.0,Shawna,Simpson,Germany,3,89.0,29.666666666666668
29133.0,Sydney,King,United States,3,89.0,29.666666666666668
29443.0,Gabriel,Phillips,United Kingdom,3,89.0,29.666666666666668
29472.0,Lacey,Sharma,France,3,89.0,29.666666666666668
11166.0,Ashley,Martinez,United States,5,88.0,17.6
12554.0,Barry,Rodriguez,United Kingdom,3,88.0,29.333333333333332
14679.0,Natasha,Suarez,Australia,4,88.0,22.0
14723.0,Andrew,Smith,Canada,5,88.0,17.6
14857.0,Diane,Serrano,Australia,3,88.0,29.333333333333332
15607.0,Ricky,Gill,Australia,4,88.0,22.0
16341.0,Lacey,Raji,Australia,4,88.0,22.0
16358.0,Samuel,Jai,Canada,6,88.0,14.666666666666666
17810.0,Frederick,Prasad,United Kingdom,6,88.0,14.666666666666666
18306.0,Margaret,Lin,Australia,3,88.0,29.333333333333332
19520.0,Kari,Muñoz,United Kingdom,3,88.0,29.333333333333332
28075.0,Edward,Jones,United States,4,88.0,22.0
28622.0,Julia,Cooper,United States,4,88.0,22.0
29246.0,Thomas,Williams,United States,4,88.0,22.0
11801.0,Aaron,Sharma,United States,3,87.0,29.0
11822.0,Rohinton,Wadia,United States,3,87.0,29.0
11840.0,Julian,Patterson,United States,3,87.0,29.0
12057.0,Madeline,Collins,United States,3,87.0,29.0
12062.0,Edward,Long,United States,3,87.0,29.0
12182.0,Erin,Torres,Canada,6,87.0,14.5
12491.0,Alvin,Huang,United Kingdom,3,87.0,29.0
12527.0,José,Rodriguez,United States,3,87.0,29.0
13262.0,Jaime,Nara,United Kingdom,5,87.0,17.4
13294.0,Cassidy,Hughes,United States,4,87.0,21.75
13757.0,Jordyn,Griffin,United States,3,87.0,29.0
14135.0,Clayton,Xie,France,3,87.0,29.0
14178.0,Katie,Raje,France,3,87.0,29.0
14887.0,Lauren,Wilson,United States,4,87.0,21.75
16556.0,Angelica,Butler,Germany,4,87.0,21.75
16697.0,Wyatt,Henderson,Australia,3,87.0,29.0
16934.0,Michele,Vazquez,United Kingdom,4,87.0,21.75
17802.0,Erick,Arun,Germany,4,87.0,21.75
17852.0,Lindsey,Shan,Germany,4,87.0,21.75
18717.0,Cassandra,Suri,Australia,4,87.0,21.75
18755.0,Christopher,Lewis,Canada,3,87.0,29.0
18871.0,Ruben,Rubio,Canada,3,87.0,29.0
18883.0,Jonathan,Garcia,Canada,3,87.0,29.0
19554.0,Emmanuel,Raman,Canada,4,87.0,21.75
19946.0,Tamara,Raje,United Kingdom,4,87.0,21.75
24298.0,Robert,Yang,United States,3,87.0,29.0
24517.0,Brandon,Harris,United States,3,87.0,29.0
24767.0,Lauren,Jackson,United States,3,87.0,29.0
25207.0,Destiny,Moore,United States,4,87.0,21.75
26044.0,Gavin,Hughes,United States,4,87.0,21.75
11367.0,Calvin,Nara,Australia,4,86.0,21.5
12259.0,Cindy,Madan,United Kingdom,5,86.0,17.2
12293.0,Tammy,Garcia,United Kingdom,4,86.0,21.5
12529.0,Isaiah,Allen,United States,2,86.0,43.0
12550.0,Austin,Diaz,United Kingdom,5,86.0,17.2
12633.0,Shannon,Suarez,United Kingdom,4,86.0,21.5
12776.0,Blake,Campbell,United States,5,86.0,17.2
12864.0,Michelle,Townsend,United Kingdom,6,86.0,14.333333333333334
12908.0,Tyler,Clark,United States,2,86.0,43.0
13127.0,Shane,Fernandez,Australia,4,86.0,21.5
13162.0,Nina,Nath,United States,2,86.0,43.0
13207.0,Kenneth,Rai,United States,2,86.0,43.0
13218.0,Melissa,Bryant,United States,2,86.0,43.0
13322.0,Elizabeth,Patterson,United States,2,86.0,43.0
13534.0,Beth,Navarro,United Kingdom,6,86.0,14.333333333333334
13891.0,Aaron,Simmons,United States,2,86.0,43.0
13919.0,Grace,Smith,United States,2,86.0,43.0
13928.0,Nathaniel,Morris,United States,2,86.0,43.0
13937.0,Victoria,Ware,United States,2,86.0,43.0
13940.0,Emma,Simmons,United States,2,86.0,43.0
13991.0,Jack,Hayes,United States,2,86.0,43.0
14002.0,Jacqueline,Reed,United States,2,86.0,43.0
14052.0,Jorge,Ma,Australia,4,86.0,21.5
14053.0,Tamara,Huang,Australia,4,86.0,21.5
14090.0,Jennifer,Lewis,United States,2,86.0,43.0
14114.0,Chloe,Martin,United States,2,86.0,43.0
14151.0,Marie,Martin,France,2,86.0,43.0
14213.0,Autumn,Guo,Australia,4,86.0,21.5
14257.0,James,Carter,United States,2,86.0,43.0
14269.0,Tony,She,United States,2,86.0,43.0
14352.0,Melissa,Butler,United States,2,86.0,43.0
14360.0,Samantha,Patterson,United States,2,86.0,43.0
14368.0,Richard,Thompson,United States,2,86.0,43.0
14409.0,Eric,Wang,United States,2,86.0,43.0
14736.0,Jack,Roberts,United States,2,86.0,43.0
14841.0,Franklin,Pal,Germany,2,86.0,43.0
14844.0,Blake,Miller,Germany,2,86.0,43.0
14870.0,Brandi,Ortega,United States,4,86.0,21.5
15074.0,Elizabeth,Perry,Germany,2,86.0,43.0
15126.0,Manuel,Sanchez,Australia,4,86.0,21.5
15186.0,Leah,Yang,Australia,4,86.0,21.5
15479.0,Andrea,Wright,United States,4,86.0,21.5
16117.0,Brad,Lal,United States,4,86.0,21.5
16601.0,Tabitha,Rana,United Kingdom,4,86.0,21.5
17057.0,Tasha,Raji,Australia,3,86.0,28.666666666666668
17061.0,Brandi,Alonso,Australia,3,86.0,28.666666666666668
17236.0,Harold,Chandra,Australia,3,86.0,28.666666666666668
17239.0,Desiree,Romero,Australia,3,86.0,28.666666666666668
17244.0,Kellie,Dominguez,Australia,3,86.0,28.666666666666668
17291.0,Jorge,Huang,Australia,3,86.0,28.666666666666668
18128.0,Roberto,Suarez,France,2,86.0,43.0
18194.0,Yolanda,Kumar,Australia,3,86.0,28.666666666666668
18261.0,Stacy,Ramos,Australia,3,86.0,28.666666666666668
18711.0,Emma,Diaz,Australia,4,86.0,21.5
18720.0,Taylor,Miller,Australia,3,86.0,28.666666666666668
18727.0,Hailey,Hernandez,Australia,3,86.0,28.666666666666668
19059.0,George,Rodriguez,United Kingdom,2,86.0,43.0
19512.0,Marco,Kapoor,United Kingdom,4,86.0,21.5
20479.0,Andrew,Jackson,Canada,2,86.0,43.0
21975.0,Alfredo,Ruiz,Australia,2,86.0,43.0
22715.0,Marcus,Watson,Canada,2,86.0,43.0
22842.0,Michele,Nara,Australia,4,86.0,21.5
23103.0,Dwayne,Moreno,Australia,2,86.0,43.0
25811.0,Miguel,Wright,Australia,4,86.0,21.5
11119.0,Evan,James,Australia,4,85.0,21.25
11293.0,Luke,Long,United States,5,85.0,17.0
11430.0,Casey,Yuan,Germany,2,85.0,42.5
11562.0,Jarrod,Gonzalez,Germany,2,85.0,42.5
11846.0,Savannah,Reed,United States,2,85.0,42.5
11851.0,Jada,Mitchell,United States,2,85.0,42.5
11858.0,Jordan,Coleman,United States,2,85.0,42.5
12063.0,Xavier,Martinez,United States,2,85.0,42.5
12066.0,Wyatt,Powell,United States,2,85.0,42.5
12070.0,Luke,Ross,United States,2,85.0,42.5
12135.0,Fernando,Taylor,United States,2,85.0,42.5
12224.0,Tristan,Henderson,United Kingdom,2,85.0,42.5
13386.0,Samuel,Patterson,United States,3,85.0,28.333333333333332
13753.0,Rebecca,Nicholls,United States,3,85.0,28.333333333333332
14000.0,Terry,Sharma,United States,3,85.0,28.333333333333332
14241.0,Grace,Wood,United States,3,85.0,28.333333333333332
16334.0,Natalie,Bailey,United States,3,85.0,28.333333333333332
17323.0,Rafael,Jai,Australia,3,85.0,28.333333333333332
17953.0,Latoya,Raje,France,3,85.0,28.333333333333332
18247.0,Donna,Beck,Australia,3,85.0,28.333333333333332
18290.0,Audrey,Hernandez,Australia,3,85.0,28.333333333333332
19066.0,Dylan,Sharma,United Kingdom,3,85.0,28.333333333333332
20938.0,Carolyn,Rowe,United Kingdom,3,85.0,28.333333333333332
22038.0,Isabella,Jackson,United States,5,85.0,17.0
22102.0,Eduardo,Cox,United States,3,85.0,28.333333333333332
22108.0,Eduardo,Powell,United States,3,85.0,28.333333333333332
22192.0,Henry,Zimmerman,United States,3,85.0,28.333333333333332
23067.0,Kelli,Pal,United States,3,85.0,28.333333333333332
23864.0,Chloe,Jackson,United States,3,85.0,28.333333333333332
11139.0,Tanya,Moreno,Australia,3,84.0,28.0
11377.0,David,Robinett,Germany,3,84.0,28.0
12024.0,Samuel,Edwards,United States,4,84.0,21.0
12091.0,Eddie,Munoz,United States,4,84.0,21.0
12098.0,Grace,Clark,United States,4,84.0,21.0
12303.0,Kristi,Alvarez,United Kingdom,3,84.0,28.0
12471.0,Lacey,Zeng,Germany,4,84.0,21.0
12503.0,Casey,Shen,United Kingdom,4,84.0,21.0
12582.0,Carmen,Sara,Australia,3,84.0,28.0
12708.0,Bonnie,Pal,United States,4,84.0,21.0
12751.0,Priscilla,Xu,Germany,4,84.0,21.0
12955.0,Theresa,Hernandez,United States,4,84.0,21.0
12961.0,Kimberly,Murphy,United States,4,84.0,21.0
12962.0,Jennifer,Edwards,United States,4,84.0,21.0
12973.0,Adrian,Howard,United States,4,84.0,21.0
13042.0,Alison,Pal,Australia,3,84.0,28.0
13138.0,Teresa,Alonso,Australia,3,84.0,28.0
13547.0,Michele,Jimenez,United Kingdom,5,84.0,16.8
13612.0,Hailey,Ross,United Kingdom,5,84.0,16.8
13665.0,Kristi,Randall,United Kingdom,5,84.0,16.8
14231.0,Kari,Sai,Australia,3,84.0,28.0
15714.0,Bethany,Pal,France,4,84.0,21.0
15919.0,Rebekah,Prasad,United Kingdom,3,84.0,28.0
15930.0,Tiffany,He,France,4,84.0,21.0
16038.0,Roy,Sai,United Kingdom,4,84.0,21.0
16182.0,Louis,Sun,Australia,3,84.0,28.0
16423.0,Sergio,Madan,France,3,84.0,28.0
16508.0,Brent,Zhu,France,3,84.0,28.0
16539.0,Christy,Li,Germany,3,84.0,28.0
17054.0,Shawn,Raje,Australia,2,84.0,42.0
17058.0,Destiny,Lee,Australia,2,84.0,42.0
17227.0,Erika,Gutierrez,Australia,3,84.0,28.0
17230.0,Lance,Suarez,Australia,2,84.0,42.0
17231.0,Tina,Garcia,Australia,2,84.0,42.0
17235.0,Joshua,Jackson,Australia,2,84.0,42.0
17243.0,Miranda,Flores,Australia,2,84.0,42.0
17253.0,Roy,Suri,Australia,2,84.0,42.0
17281.0,Francis,Vazquez,Australia,3,84.0,28.0
17492.0,Amanda,Price,United States,3,84.0,28.0
17723.0,Johnathan,Malhotra,United Kingdom,6,84.0,14.0
18317.0,Samantha,Jones,Canada,5,84.0,16.8
19223.0,Jacqueline,Cook,Canada,6,84.0,14.0
19304.0,Sara,Nelson,Germany,3,84.0,28.0
19579.0,Dawn,Zheng,Australia,2,84.0,42.0
19606.0,Gabriel,Parker,Australia,4,84.0,21.0
19925.0,Madison,Jenkins,Germany,3,84.0,28.0
20605.0,Kevin,Yang,Australia,4,84.0,21.0
21732.0,Ian,Johnson,Canada,4,84.0,21.0
22314.0,Brandy,Patel,France,3,84.0,28.0
22697.0,Harold,Sara,France,3,84.0,28.0
23929.0,Kristin,Xie,France,3,84.0,28.0
26972.0,Kristopher,Sara,France,3,84.0,28.0
27323.0,Michele,Shan,France,3,84.0,28.0
27326.0,Ashlee,Goel,France,3,84.0,28.0
27388.0,Xavier,Cox,United States,3,84.0,28.0
27399.0,Thomas,Parker,United States,4,84.0,21.0
27538.0,José,Jackson,United States,3,84.0,28.0
27561.0,Kimberly,Brooks,United States,4,84.0,21.0
27563.0,Devin,Bennett,United States,4,84.0,21.0
27657.0,Frederick,Chandra,United States,4,84.0,21.0
27677.0,Marissa,Powell,United States,3,84.0,28.0
27735.0,Shelby,Sanders,United States,4,84.0,21.0
27747.0,Edward,Henderson,United States,4,84.0,21.0
28048.0,Samuel,Powell,United States,3,84.0,28.0
28641.0,Brittany,Butler,United States,3,84.0,28.0
28917.0,Sandra,Zhou,France,3,84.0,28.0
29418.0,Lindsey,Sharma,Germany,3,84.0,28.0
11867.0,Nathaniel,James,United States,4,83.0,20.75
11876.0,Madison,White,United States,4,83.0,20.75
11878.0,Christine,Nara,United States,4,83.0,20.75
11887.0,Joseph,White,United States,4,83.0,20.75
12148.0,Gabrielle,Morris,United States,4,83.0,20.75
12149.0,Bailey,Scott,United States,4,83.0,20.75
12194.0,Destiny,Foster,United States,4,83.0,20.75
12465.0,Cassandra,Patel,United Kingdom,4,83.0,20.75
12509.0,Marc,Ferrier,France,6,83.0,13.833333333333334
14517.0,Ebony,Rodriguez,Australia,3,83.0,27.666666666666668
17105.0,Madison,Walker,United Kingdom,6,83.0,13.833333333333334
18029.0,Carmen,Malhotra,Germany,3,83.0,27.666666666666668
18262.0,Evelyn,Rana,Australia,5,83.0,27.666666666666668
18573.0,Andrea,Phillips,Canada,5,83.0,16.6
19261.0,Heather,Wu,United Kingdom,3,83.0,27.666666666666668
19332.0,Kelvin,Alan,Germany,3,83.0,27.666666666666668
19935.0,Clinton,Navarro,Germany,3,83.0,27.666666666666668
19973.0,Colin,Zhu,Australia,6,83.0,13.833333333333334
20055.0,Ruben,Ruiz,United Kingdom,3,83.0,27.666666666666668
21816.0,Jackson,Roberts,Germany,3,83.0,27.666666666666668
23771.0,Julio,Gomez,France,5,83.0,16.6
23801.0,Taylor,Wood,United States,2,83.0,41.5
24442.0,Briana,Gutierrez,United States,2,83.0,41.5
24812.0,Johnathan,Sai,United States,2,83.0,41.5
25183.0,Michael,Thomas,United States,2,83.0,41.5
26257.0,Hector,Jimenez,United States,5,83.0,16.6
27975.0,Jay,Gill,Australia,3,83.0,27.666666666666668
28059.0,Bradley,Shen,United States,4,83.0,20.75
11518.0,Edward,Washington,United States,6,82.0,13.666666666666666
11948.0,Tasha,Xu,Australia,4,82.0,20.5
13952.0,Franklin,Ye,Australia,4,82.0,20.5
13956.0,Dawn,Ma,Australia,4,82.0,20.5
14061.0,Naomi,Torres,Australia,4,82.0,20.5
14212.0,Erick,Madan,Australia,4,82.0,20.5
14221.0,Glenn,Zhao,Australia,4,82.0,20.5
14222.0,Dawn,Zhang,Australia,4,82.0,20.5
14479.0,Samantha,Smith,United States,3,82.0,27.333333333333332
16165.0,Jenny,Liu,Australia,6,82.0,13.666666666666666
16256.0,Richard,Collins,United Kingdom,3,82.0,27.333333333333332
16625.0,Grant,Deng,Australia,6,82.0,13.666666666666666
16665.0,Linda,Suarez,Australia,6,82.0,13.666666666666666
18156.0,Trisha,Zhang,United Kingdom,5,82.0,16.4
18165.0,Randall,Gill,United Kingdom,5,82.0,16.4
18925.0,Haley,Griffin,Canada,7,82.0,11.714285714285714
11012.0,Lauren,Walker,United States,5,81.0,16.2
11049.0,Carol,Rai,United States,5,81.0,16.2
11066.0,Grace,Butler,United States,5,81.0,16.2
11169.0,Bryce,Richardson,United States,5,81.0,16.2
11182.0,Stephanie,Torres,United States,5,81.0,16.2
11188.0,Catherine,Morris,United States,5,81.0,16.2
11229.0,Adrian,Stewart,United States,5,81.0,16.2
11256.0,Katelyn,Hernandez,United States,5,81.0,16.2
11260.0,Katelyn,Kelly,United States,5,81.0,16.2
11436.0,Taylor,Cox,United Kingdom,4,81.0,20.25
12035.0,Gerald,Prasad,Australia,6,81.0,13.5
12126.0,Tammy,Raman,United Kingdom,4,81.0,20.25
12875.0,Brianna,Ross,United States,5,81.0,16.2
12938.0,Edward,Parker,United States,3,81.0,27.0
12946.0,Seth,Allen,United States,3,81.0,27.0
12953.0,Catherine,Cooper,United States,3,81.0,27.0
13244.0,Jose,Sharma,United States,3,81.0,27.0
13272.0,Jordan,Gonzalez,United States,3,81.0,27.0
13291.0,Nina,Xu,United States,3,81.0,27.0
13307.0,Michelle,Stone,United States,3,81.0,27.0
13312.0,Natalie,Jenkins,United States,3,81.0,27.0
13344.0,Caitlin,Reed,United States,3,81.0,27.0
13422.0,Jacqueline,Washington,United States,3,81.0,27.0
13437.0,Ethan,Flores,United States,3,81.0,27.0
13480.0,Anna,Rodriguez,United States,3,81.0,27.0
13727.0,Paula,Rubio,United States,3,81.0,27.0
14247.0,Hunter,Allen,United States,3,81.0,27.0
14254.0,Tabitha,Gill,United States,3,81.0,27.0
14258.0,Haley,Foster,United States,3,81.0,27.0
14294.0,Steven,Gray,United States,3,81.0,27.0
14317.0,Steve,Liang,Australia,4,81.0,20.25
14333.0,Bobby,Suri,United States,3,81.0,27.0
14388.0,Kaylee,Rogers,United States,3,81.0,27.0
14435.0,Jennifer,Wilson,United States,3,81.0,27.0
14519.0,Denise,Rana,United States,3,81.0,27.0
14665.0,Jesse,King,Australia,4,81.0,20.25
14677.0,Ross,Hernandez,Australia,4,81.0,20.25
14687.0,Olivia,Price,France,3,81.0,27.0
14835.0,Melody,Saunders,Germany,3,81.0,27.0
15010.0,Cory,Suri,United States,3,81.0,27.0
15068.0,Jessica,Barnes,Germany,5,81.0,16.2
15123.0,Sergio,Lopez,Australia,4,81.0,20.25
15125.0,Cory,Martinez,Australia,4,81.0,20.25
15131.0,Lacey,Sun,Australia,4,81.0,20.25
15599.0,Darryl,Ma,Australia,6,81.0,13.5
15812.0,Logan,Allen,Australia,5,81.0,16.2
16227.0,Eric,Lopez,United States,3,81.0,27.0
16739.0,Cory,Weber,Australia,4,81.0,20.25
17217.0,Raquel,Gill,Germany,3,81.0,27.0
17324.0,Tonya,Xu,Australia,5,81.0,16.2
17333.0,Misty,Chander,Australia,5,81.0,16.2
17346.0,Edgar,Lopez,Australia,3,81.0,27.0
17807.0,Philip,Sanz,United Kingdom,6,81.0,13.5
19572.0,Melissa,Bailey,Australia,5,81.0,16.2
20021.0,Alexander,Jones,Canada,3,81.0,27.0
21068.0,Lawrence,Jimenez,United Kingdom,4,81.0,20.25
21308.0,Kayla,Garcia,Canada,3,81.0,27.0
22978.0,Devon,Jai,Australia,3,81.0,27.0
22985.0,Hailey,Phillips,United States,4,81.0,20.25
25230.0,Sophia,Carter,Australia,3,81.0,27.0
25264.0,Wyatt,Bryant,United States,4,81.0,20.25
11370.0,Alicia,Xu,Australia,3,80.0,26.666666666666668
13642.0,Cassie,Nara,Australia,3,80.0,26.666666666666668
15612.0,Damien,Ma,United Kingdom,4,80.0,20.0
16168.0,Kathryn,Ashe,Australia,6,80.0,13.333333333333334
17757.0,Seth,Hayes,United Kingdom,3,80.0,26.666666666666668
19062.0,Erica,Zhou,France,5,80.0,16.0
19525.0,Hannah,Flores,Canada,5,80.0,16.0
20601.0,Carrie,Munoz,Australia,3,80.0,26.666666666666668
20602.0,Casey,Moreno,Australia,3,80.0,26.666666666666668
22014.0,Jose,Gonzales,Canada,6,80.0,13.333333333333334
22511.0,Wendy,Suarez,France,3,80.0,26.666666666666668
24886.0,Joy,Romero,Australia,3,80.0,26.666666666666668
25869.0,Lucas,Parker,United States,3,80.0,26.666666666666668
25877.0,Alyssa,Price,United States,3,80.0,26.666666666666668
26832.0,Kate,Xie,Germany,3,80.0,26.666666666666668
11125.0,Dana,Navarro,Australia,7,79.0,11.285714285714286
11138.0,Lauren,Davis,United States,4,79.0,19.75
12008.0,Sharon,Yuan,Australia,5,79.0,15.8
12319.0,Shannon,Ye,Germany,3,79.0,26.333333333333332
12336.0,Wyatt,Price,United Kingdom,2,79.0,39.5
12716.0,Dale,Shen,France,3,79.0,26.333333333333332
13539.0,Roger,Guo,United Kingdom,4,79.0,19.75
13587.0,Kristina,Subram,Germany,3,79.0,26.333333333333332
13589.0,Cameron,Smith,France,3,79.0,26.333333333333332
13802.0,Tina,Subram,France,5,79.0,15.8
14233.0,Ricardo,She,Australia,3,79.0,26.333333333333332
14516.0,Tommy,Lal,Australia,2,79.0,39.5
14699.0,Gerald,Munoz,Germany,2,79.0,39.5
15024.0,Nathan,Jones,Australia,4,79.0,19.75
15039.0,Michele,Xie,Australia,4,79.0,19.75
15111.0,Leah,Huang,France,2,79.0,39.5
15253.0,Barry,Suri,Australia,4,79.0,19.75
15263.0,Paige,Coleman,Australia,4,79.0,19.75
15636.0,David,White,Germany,4,79.0,19.75
15701.0,Jillian,Kapoor,United Kingdom,5,79.0,15.8
16190.0,Lance,Alvarez,United Kingdom,4,79.0,19.75
17073.0,Jonathon,Carlson,Australia,3,79.0,26.333333333333332
17311.0,Kimberly,Reed,Australia,4,79.0,19.75
17314.0,Lisa,Guo,Australia,4,79.0,19.75
17530.0,Devin,Wood,United States,3,79.0,26.333333333333332
17703.0,Pamela,Fernandez,France,4,79.0,19.75
17709.0,Martin,Raman,United Kingdom,5,79.0,15.8
17850.0,Alvin,Shen,France,4,79.0,19.75
17883.0,Lori,Rubio,France,4,79.0,19.75
17993.0,Richard,Williams,Germany,2,79.0,39.5
18472.0,Hannah,Ross,United States,3,79.0,26.333333333333332
18517.0,Tristan,Diaz,United States,2,79.0,39.5
18520.0,Rafael,Huang,United States,2,79.0,39.5
18575.0,Erin,Stewart,United States,2,79.0,39.5
18576.0,Emily,Coleman,United States,2,79.0,39.5
18585.0,Katherine,Blue,United States,2,79.0,39.5
18599.0,Kyle,Simmons,United States,2,79.0,39.5
18659.0,Jasmine,Thompson,United States,2,79.0,39.5
18678.0,Sean,Watson,United States,2,79.0,39.5
18683.0,Robert,Walker,United States,2,79.0,39.5
18688.0,Antonio,Barnes,United States,2,79.0,39.5
18689.0,Miguel,Miller,United States,2,79.0,39.5
18757.0,Frederick,Srini,United States,2,79.0,39.5
18772.0,Julia,Hill,United States,2,79.0,39.5
18773.0,Cassidy,Price,United States,2,79.0,39.5
18787.0,Mya,Wood,United States,2,79.0,39.5
18797.0,Evan,Murphy,United States,2,79.0,39.5
18820.0,Alexandria,Cook,United States,2,79.0,39.5
18825.0,Brandon,Smith,United States,2,79.0,39.5
18833.0,Morgan,Baker,United States,2,79.0,39.5
18835.0,Isabelle,Coleman,United States,2,79.0,39.5
18872.0,Miguel,Severino,United States,2,79.0,39.5
18889.0,Katelyn,Murphy,United States,2,79.0,39.5
18890.0,Lauren,Blue,United States,2,79.0,39.5
18913.0,Jesse,Stewart,United States,2,79.0,39.5
18918.0,Jacqueline,Ross,United States,2,79.0,39.5
18940.0,Seth,Bell,United States,2,79.0,39.5
18945.0,Marcus,Cox,United States,2,79.0,39.5
18952.0,Chloe,Hernandez,United States,2,79.0,39.5
18966.0,Carly,Rai,United States,2,79.0,39.5
18981.0,Savannah,Watson,United States,2,79.0,39.5
19009.0,Arianna,Watson,United States,2,79.0,39.5
19010.0,Naomi,Ortega,United States,2,79.0,39.5
19011.0,Maria,Cook,United States,2,79.0,39.5
19019.0,Jackson,Gonzales,United States,2,79.0,39.5
19100.0,Bradley,Rai,Australia,3,79.0,26.333333333333332
19136.0,Richard,Cook,United States,2,79.0,39.5
19152.0,Jonathan,Walker,United States,2,79.0,39.5
19155.0,Caroline,Flores,United States,2,79.0,39.5
19219.0,Mary,Peterson,United States,2,79.0,39.5
19230.0,Joy,Moreno,United States,2,79.0,39.5
19239.0,Jeremy,Alexander,United States,2,79.0,39.5
19356.0,Francis,Ortega,Germany,4,79.0,19.75
19397.0,Terry,Shen,United States,2,79.0,39.5
19514.0,Kari,Rodriguez,Germany,4,79.0,19.75
19528.0,Bailey,Hall,United States,2,79.0,39.5
19637.0,Eduardo,Long,United States,2,79.0,39.5
19649.0,Elizabeth,Martin,United States,2,79.0,39.5
19654.0,Richard,Alexander,United States,2,79.0,39.5
19664.0,Ethan,Alexander,United States,2,79.0,39.5
19669.0,Hailey,Hill,United States,2,79.0,39.5
19684.0,Alexandra,Lee,United States,2,79.0,39.5
19685.0,Brandy,Perez,United States,2,79.0,39.5
19707.0,Cole,Cooper,United States,2,79.0,39.5
19711.0,Devin,Cooper,United States,2,79.0,39.5
19713.0,Morgan,Stewart,United States,2,79.0,39.5
19720.0,Kaitlyn,Phillips,United States,2,79.0,39.5
19731.0,Jonathan,Allen,United States,2,79.0,39.5
19732.0,Kyle,Hill,United States,2,79.0,39.5
19741.0,María,Rivera,United States,2,79.0,39.5
19754.0,Francisco,Rana,United States,2,79.0,39.5
19756.0,Nicolas,Yuan,United States,2,79.0,39.5
19758.0,Alex,Wright,United States,2,79.0,39.5
19759.0,Sydney,Barnes,United States,2,79.0,39.5
19799.0,Austin,Taylor,United States,2,79.0,39.5
19810.0,Oscar,Long,United States,2,79.0,39.5
19818.0,Brianna,Anderson,United States,2,79.0,39.5
19835.0,Jordan,Allen,United States,2,79.0,39.5
19836.0,Kevin,Jai,Canada,4,79.0,19.75
19861.0,Caroline,Perry,United States,2,79.0,39.5
19876.0,Nathan,Edwards,United States,2,79.0,39.5
19881.0,Aidan,Long,United States,2,79.0,39.5
19886.0,Marcus,Butler,United States,2,79.0,39.5
19887.0,Olivia,Walker,United States,2,79.0,39.5
19915.0,Claudia,McDonald,Germany,3,79.0,26.333333333333332
20014.0,Anne,Blanco,United States,2,79.0,39.5
20017.0,Anna,Sanders,United States,2,79.0,39.5
20020.0,Jacqueline,Foster,United States,2,79.0,39.5
20027.0,Danielle,Murphy,United States,2,79.0,39.5
20071.0,Sean,Campbell,United States,2,79.0,39.5
20112.0,Shelby,James,United States,2,79.0,39.5
20114.0,Joseph,Thompson,United States,2,79.0,39.5
20117.0,Brandon,Jenkins,United States,2,79.0,39.5
20128.0,Ian,Miller,United States,2,79.0,39.5
20137.0,Jarrod,Fernandez,Germany,4,79.0,19.75
20169.0,Garrett,Gray,Germany,4,79.0,19.75
20270.0,Kevin,Phillips,United States,2,79.0,39.5
20286.0,Stacey,Wu,United States,2,79.0,39.5
20325.0,Charles,Williams,United States,2,79.0,39.5
20332.0,Danny,Navarro,United States,2,79.0,39.5
20342.0,Aimee,Lu,United States,2,79.0,39.5
20352.0,Melissa,Foster,United States,2,79.0,39.5
20353.0,Allison,Phillips,United States,2,79.0,39.5
20355.0,Melanie,Gray,United States,2,79.0,39.5
20356.0,Louis,Lu,United States,2,79.0,39.5
20359.0,Rachel,Blue,United States,2,79.0,39.5
20360.0,Brianna,Russell,United States,2,79.0,39.5
20364.0,Anna,Jackson,United States,2,79.0,39.5
20397.0,Isaiah,Gray,United States,3,79.0,26.333333333333332
20414.0,Amanda,Bailey,United States,3,79.0,26.333333333333332
20572.0,Caroline,Diaz,Germany,4,79.0,19.75
20689.0,Connor,Green,,3,79.0,26.333333333333332
20739.0,Kaitlyn,Carter,,2,79.0,39.5
20743.0,Arianna,Howard,,2,79.0,39.5
20754.0,Ian,Davis,,2,79.0,39.5
20871.0,Adriana,Arthur,Germany,4,79.0,19.75
20881.0,Wendy,Navarro,United Kingdom,4,79.0,19.75
20900.0,Natalie,Russell,United Kingdom,4,79.0,19.75
20908.0,Wyatt,Foster,Germany,4,79.0,19.75
21116.0,Carson,Russell,United Kingdom,4,79.0,19.75
21241.0,Carson,Griffin,,2,79.0,39.5
21242.0,Morgan,Patterson,,2,79.0,39.5
21270.0,Daniel,Jackson,,3,79.0,26.333333333333332
21299.0,Hannah,Gonzales,,3,79.0,26.333333333333332
21378.0,Rebekah,Diaz,Australia,2,79.0,39.5
21420.0,Isabella,Carter,,3,79.0,26.333333333333332
21473.0,Stacy,Rubio,,3,79.0,26.333333333333332
21536.0,Billy,Rubio,Germany,4,79.0,19.75
21753.0,Morgan,Robinson,United States,3,79.0,26.333333333333332
21762.0,Andrea,Hernandez,United States,4,79.0,19.75
21765.0,Nathaniel,Kelly,United States,3,79.0,26.333333333333332
22002.0,Kristen,Chen,Australia,2,79.0,39.5
22023.0,Rafael,Chen,United States,4,79.0,19.75
22063.0,Joanna,Suarez,Australia,2,79.0,39.5
22169.0,Jenny,Li,Australia,2,79.0,39.5
22215.0,Samuel,Lal,United States,4,79.0,19.75
22825.0,Kelli,Zeng,United Kingdom,4,79.0,19.75
22970.0,Mary,Phillips,United States,4,79.0,19.75
22979.0,Theodore,Hernandez,United States,4,79.0,19.75
23517.0,Ronald,Martinez,United States,4,79.0,19.75
23620.0,Roy,Arun,United Kingdom,4,79.0,19.75
23625.0,Micheal,Navarro,United Kingdom,4,79.0,19.75
23877.0,Katherine,Morris,United States,4,79.0,19.75
24279.0,Angel,Nelson,Australia,3,79.0,26.333333333333332
25211.0,Diane,Torres,Australia,3,79.0,26.333333333333332
25216.0,Rachael,Raman,Australia,3,79.0,26.333333333333332
25326.0,Hunter,Scott,France,3,79.0,26.333333333333332
26141.0,Jorge,Zhu,Australia,2,79.0,39.5
26145.0,Calvin,Shen,Australia,2,79.0,39.5
26147.0,Ivan,Subram,Australia,2,79.0,39.5
26149.0,Casey,Chande,Australia,2,79.0,39.5
26156.0,Shannon,Cai,Australia,2,79.0,39.5
26424.0,Kayla,White,Australia,3,79.0,26.333333333333332
26441.0,Randy,Lu,Australia,2,79.0,39.5
26446.0,Jamie,Muñoz,Australia,2,79.0,39.5
26592.0,Brenda,Lopez,Australia,2,79.0,39.5
26665.0,Jésus,Vazquez,Australia,2,79.0,39.5
26756.0,Brooke,Gray,Australia,2,79.0,39.5
26765.0,Dominique,Chandra,Australia,2,79.0,39.5
26766.0,Jodi,Andersen,Australia,2,79.0,39.5
26780.0,Julia,Butler,United States,3,79.0,26.333333333333332
26968.0,Henry,Sanchez,Australia,2,79.0,39.5
27148.0,Edwin,Zhu,Australia,2,79.0,39.5
27347.0,Jeffery,Lin,Australia,2,79.0,39.5
27358.0,Devon,Shen,Australia,2,79.0,39.5
27364.0,Cedric,Li,Australia,2,79.0,39.5
27369.0,Pamela,Raman,Australia,2,79.0,39.5
27378.0,Samantha,Lee,Canada,2,79.0,39.5
27384.0,Eric,Patterson,Canada,2,79.0,39.5
27437.0,Gabriella,Reed,Canada,2,79.0,39.5
27441.0,Jose,Ross,Canada,2,79.0,39.5
27519.0,Alejandro,Li,Australia,2,79.0,39.5
27520.0,Francis,Navarro,Australia,2,79.0,39.5
27738.0,Kaylee,Parker,Canada,2,79.0,39.5
28021.0,Katherine,Nelson,Canada,2,79.0,39.5
28101.0,Timothy,Bell,Canada,2,79.0,39.5
28302.0,Caroline,Hughes,Canada,2,79.0,39.5
28359.0,Madison,Anderson,Canada,2,79.0,39.5
28498.0,Tabitha,Ruiz,France,2,79.0,39.5
28514.0,Lisa,Chen,France,2,79.0,39.5
28542.0,Martha,Zhao,France,2,79.0,39.5
28608.0,Brian,Richardson,Canada,2,79.0,39.5
28636.0,Victoria,Bryant,United States,3,79.0,26.333333333333332
28668.0,Jeremy,Parker,Canada,2,79.0,39.5
28725.0,Edward,Jenkins,France,2,79.0,39.5
28743.0,Kelly,Wood,France,2,79.0,39.5
28810.0,Kaylee,Blue,United States,2,79.0,39.5
28986.0,Caleb,King,Canada,2,79.0,39.5
28992.0,Darren,Fernandez,Canada,2,79.0,39.5
28996.0,Rachel,Rivera,Canada,2,79.0,39.5
29012.0,Jeremiah,Taylor,Canada,2,79.0,39.5
29104.0,Nathan,Zhang,Canada,2,79.0,39.5
29197.0,Morgan,Brown,Canada,2,79.0,39.5
29323.0,Andrea,Cooper,Canada,2,79.0,39.5
11376.0,Lance,Vazquez,United Kingdom,2,78.0,39.0
11440.0,Sergio,Weber,France,2,78.0,39.0
12320.0,Cheryl,Alvarez,United Kingdom,4,78.0,19.5
12596.0,Armando,Romero,United Kingdom,4,78.0,19.5
12626.0,Cassie,Lal,United Kingdom,4,78.0,19.5
12664.0,Krista,Gill,United Kingdom,4,78.0,19.5
13582.0,Martha,Gao,United Kingdom,4,78.0,19.5
16184.0,Christine,She,Australia,6,78.0,13.0
16694.0,Mandy,Sun,Australia,6,78.0,13.0
17706.0,Gabriel,Coleman,United Kingdom,5,78.0,15.6
18294.0,Denise,Prasad,Australia,3,78.0,26.0
18745.0,Brooke,James,Australia,3,78.0,26.0
19085.0,Shawna,Kumar,Australia,3,78.0,26.0
19086.0,Tommy,Chander,Australia,3,78.0,26.0
19092.0,Eric,Gonzalez,Australia,3,78.0,26.0
20697.0,Stefanie,Schmidt,,4,78.0,19.5
20704.0,Shane,Rodriguez,,4,78.0,19.5
20729.0,Aimee,Zhou,Germany,4,78.0,19.5
20759.0,Teresa,Serrano,,4,78.0,19.5
21142.0,Mason,Brooks,,4,78.0,19.5
21236.0,Adrian,Peterson,,4,78.0,19.5
21628.0,Kelli,Xu,United States,4,78.0,19.5
21701.0,Abigail,Sanders,United States,4,78.0,19.5
21780.0,Pedro,Gonzalez,United States,4,78.0,19.5
21802.0,Lucas,Roberts,United States,4,78.0,19.5
22625.0,Meagan,Patel,France,4,78.0,19.5
23261.0,Jada,Peterson,United States,4,78.0,19.5
23749.0,Brandi,Ashe,France,4,78.0,19.5
24076.0,Casey,Hernandez,France,4,78.0,19.5
25808.0,Janet,Carlson,France,4,78.0,19.5
26367.0,Omar,Shan,France,2,78.0,39.0
26839.0,Jeremy,Nelson,France,4,78.0,19.5
26841.0,Roberto,Jiménez,France,4,78.0,19.5
26909.0,Christine,Nath,France,4,78.0,19.5
27113.0,Ashley,Diaz,United States,4,78.0,19.5
27194.0,Chase,Cooper,United States,4,78.0,19.5
27408.0,Tabitha,Sanchez,United States,4,78.0,19.5
29421.0,Blake,Williams,France,2,78.0,39.0
29434.0,Donna,Yuan,Germany,4,78.0,19.5
11204.0,Destiny,Rivera,United States,4,77.0,19.25
11206.0,Blake,Flores,United States,4,77.0,19.25
11207.0,Danielle,Cox,United States,4,77.0,19.25
11213.0,Stephanie,Murphy,United States,4,77.0,19.25
11228.0,Ashley,Jones,United States,4,77.0,19.25
11280.0,Robert,Collins,United States,4,77.0,19.25
11288.0,Cindy,Sanchez,United States,4,77.0,19.25
11305.0,Sean,Evans,United States,4,77.0,19.25
11310.0,Erin,Sanders,United States,4,77.0,19.25
11311.0,Gabrielle,Lopez,United States,4,77.0,19.25
11362.0,Damien,Shan,Australia,3,77.0,25.666666666666668
11366.0,Virginia,Patel,Australia,3,77.0,25.666666666666668
11508.0,Elizabeth,Wilson,United States,4,77.0,19.25
11633.0,Thomas,Anderson,United States,4,77.0,19.25
11636.0,Kimberly,Cox,United States,4,77.0,19.25
11638.0,Antonio,Powell,United States,4,77.0,19.25
11656.0,Katelyn,Perez,United States,4,77.0,19.25
11737.0,Megan,Martin,United States,4,77.0,19.25
11746.0,Seth,Brooks,United States,4,77.0,19.25
11770.0,Peter,Nara,United States,4,77.0,19.25
11794.0,Lauren,Ross,United States,4,77.0,19.25
11800.0,Jennifer,Baker,United States,4,77.0,19.25
11883.0,Hannah,Anderson,United States,4,77.0,19.25
12247.0,Brandy,Raman,Australia,3,77.0,25.666666666666668
12587.0,Danny,Travers,Australia,3,77.0,25.666666666666668
12792.0,Blake,White,United States,2,77.0,38.5
12948.0,Adam,Kumar,United States,2,77.0,38.5
13030.0,Sophia,Lopez,United States,2,77.0,38.5
13053.0,Vincent,Lu,United States,2,77.0,38.5
13313.0,Megan,Stone,United States,2,77.0,38.5
13372.0,Isaac,Edwards,United States,2,77.0,38.5
13874.0,Alyssa,Bryant,United States,2,77.0,38.5
13929.0,Robert,Hayes,United States,2,77.0,38.5
13969.0,Roy,Martinez,Australia,3,77.0,25.666666666666668
13972.0,Eugene,Liang,Australia,3,77.0,25.666666666666668
14068.0,Brent,McDonald,Australia,3,77.0,25.666666666666668
14111.0,Michael,Anderson,United States,2,77.0,38.5
14232.0,Omar,Huang,Australia,3,77.0,25.666666666666668
14321.0,Jackson,Evans,Australia,3,77.0,25.666666666666668
14396.0,Zoe,Sanchez,United States,3,77.0,25.666666666666668
15128.0,Angelica,Barnes,Australia,3,77.0,25.666666666666668
15441.0,Christy,Zeng,United Kingdom,4,77.0,19.25
15470.0,Hailey,Lopez,United States,3,77.0,25.666666666666668
15690.0,Clifford,Perez,United Kingdom,4,77.0,19.25
15736.0,Sheena,Raje,United States,5,77.0,15.4
16050.0,Reginald,Moreno,United Kingdom,5,77.0,15.4
16285.0,Mindy,Xie,France,5,77.0,15.4
16602.0,Jill,Travers,United Kingdom,3,77.0,25.666666666666668
17075.0,Aimee,Guo,Australia,3,77.0,25.666666666666668
17186.0,Isaac,Evans,United Kingdom,4,77.0,19.25
17228.0,Krystal,Zimmerman,Australia,3,77.0,25.666666666666668
17485.0,Blake,Davis,United States,3,77.0,25.666666666666668
18150.0,Mitchell,Deng,France,2,77.0,38.5
18151.0,Brendan,She,France,2,77.0,38.5
18152.0,Bryant,Suri,France,2,77.0,38.5
18172.0,Willie,Black,United Kingdom,4,77.0,19.25
19750.0,Miguel,Flores,Canada,5,77.0,15.4
19870.0,James,Martin,Canada,5,77.0,15.4
20085.0,Jessica,Moore,Canada,6,77.0,12.833333333333334
20517.0,Amber,Edwards,Canada,2,77.0,38.5
21464.0,Miguel,Griffin,Canada,2,77.0,38.5
22018.0,Todd,Sun,Australia,2,77.0,38.5
22771.0,Mason,King,Canada,3,77.0,25.666666666666668
25733.0,Joanna,Blanco,France,4,77.0,19.25
26076.0,Kelly,Ross,Canada,3,77.0,25.666666666666668
11234.0,Anna,Griffin,United States,4,76.0,19.0
11763.0,Ross,Fernandez,Australia,7,76.0,10.857142857142858
12822.0,Alexandra,James,Germany,2,76.0,38.0
12845.0,Angela,Torres,Germany,2,76.0,38.0
12937.0,Megan,Wilson,United States,2,76.0,38.0
13054.0,Bryce,Ward,United States,2,76.0,38.0
13445.0,Logan,Davis,United States,2,76.0,38.0
13465.0,Sydney,Campbell,United States,2,76.0,38.0
13476.0,Timothy,Hall,United States,2,76.0,38.0
13479.0,Katelyn,Rogers,United States,2,76.0,38.0
13699.0,Rachel,Alexander,United States,2,76.0,38.0
14373.0,Ricardo,Jai,United States,2,76.0,38.0
14828.0,Hector,Muñoz,Germany,2,76.0,38.0
15824.0,Lindsay,Kumar,United States,2,76.0,38.0
16611.0,Dylan,Rodriguez,Australia,4,76.0,19.0
16618.0,Cassandra,Subram,Australia,6,76.0,12.666666666666666
16674.0,Ricardo,Yuan,Australia,6,76.0,12.666666666666666
16695.0,Dwayne,Serrano,Australia,6,76.0,12.666666666666666
16800.0,Jordan,Roberts,Canada,6,76.0,12.666666666666666
18138.0,Walter,Alonso,France,2,76.0,38.0
19662.0,Lauren,Powell,Canada,2,76.0,38.0
21904.0,Chase,Sandberg,Canada,2,76.0,38.0
21981.0,Isabella,Henderson,Australia,2,76.0,38.0
22947.0,Danielle,Torres,Australia,2,76.0,38.0
23528.0,Jaime,Ferrier,Australia,2,76.0,38.0
11371.0,Lacey,Jai,Australia,2,75.0,37.5
11785.0,Theodore,Diaz,United States,3,75.0,25.0
11795.0,Nicole,Thomas,United States,3,75.0,25.0
11960.0,Ana,Griffin,United States,3,75.0,25.0
11978.0,Jackson,Washington,United States,3,75.0,25.0
12019.0,Gabrielle,Cox,United States,3,75.0,25.0
12294.0,Shane,Kovar,United Kingdom,2,75.0,37.5
12306.0,Logan,Parker,Germany,3,75.0,25.0
12376.0,Holly,Perez,United Kingdom,3,75.0,25.0
12392.0,Nichole,Nath,United Kingdom,3,75.0,25.0
12407.0,Shawn,Raji,Germany,3,75.0,25.0
12415.0,Brianna,Richardson,United States,3,75.0,25.0
12421.0,Cameron,Hughes,United States,3,75.0,25.0
12428.0,Sean,Morris,United States,3,75.0,25.0
12433.0,Antonio,Price,United States,3,75.0,25.0
12434.0,Thomas,Kumar,United States,3,75.0,25.0
12540.0,Levi,Sara,United Kingdom,3,75.0,25.0
12551.0,Julio,Ramos,United Kingdom,3,75.0,25.0
12569.0,Kristin,Rai,United Kingdom,3,75.0,25.0
12758.0,Stephanie,Ramirez,United States,3,75.0,25.0
13147.0,Cedric,Lin,United States,3,75.0,25.0
13168.0,Hannah,Price,United States,3,75.0,25.0
13681.0,Adam,Hall,France,3,75.0,25.0
13703.0,Mackenzie,Sanders,United States,3,75.0,25.0
13717.0,Audrey,Gill,United States,3,75.0,25.0
13723.0,Leonard,Raje,United States,3,75.0,25.0
13764.0,Stephanie,Parker,France,3,75.0,25.0
13813.0,Kristen,Sun,France,3,75.0,25.0
14072.0,Allen,Smith,Australia,2,75.0,37.5
14172.0,Carla,Garcia,United Kingdom,6,75.0,12.5
14228.0,Arturo,Raje,Australia,2,75.0,37.5
14229.0,Allen,Perez,Australia,2,75.0,37.5
14549.0,Arturo,Goel,Germany,3,75.0,25.0
14688.0,Tabitha,Carlson,Germany,3,75.0,25.0
15075.0,Alexa,Kelly,United Kingdom,3,75.0,25.0
15703.0,Alison,Chande,Germany,3,75.0,25.0
15708.0,Nina,Jai,Germany,3,75.0,25.0
16577.0,Leah,Chen,France,3,75.0,25.0
16578.0,Stefanie,Weber,Germany,3,75.0,25.0
16592.0,Jacquelyn,Gomez,France,3,75.0,25.0
17081.0,Jennifer,Murphy,France,2,75.0,37.5
17087.0,Jésus,Dominguez,United Kingdom,5,75.0,15.0
17205.0,Lisa,Wang,United Kingdom,3,75.0,25.0
17301.0,Nicolas,Raji,Australia,2,75.0,37.5
17522.0,Reginald,Sanz,Australia,4,75.0,18.75
18451.0,Dale,Pal,Australia,3,75.0,25.0
18896.0,Jonathan,Russell,Australia,3,75.0,25.0
18898.0,Monica,Chandra,Australia,3,75.0,25.0
19191.0,Keith,Chande,Germany,2,75.0,37.5
19470.0,Kelli,Ye,United Kingdom,2,75.0,37.5
19570.0,Kristy,Navarro,Australia,5,75.0,15.0
19672.0,Rosa,Zhao,Australia,3,75.0,25.0
20255.0,Stephanie,Russell,Australia,2,75.0,37.5
20559.0,Isabella,Diaz,France,2,75.0,37.5
20619.0,Maurice,Raji,Australia,3,75.0,25.0
20630.0,Diane,Alonso,Australia,3,75.0,25.0
20801.0,Ronald,Chandra,United Kingdom,2,75.0,37.5
21170.0,Edwin,Sun,Australia,3,75.0,25.0
21184.0,Harold,Rodriguez,Australia,3,75.0,25.0
21204.0,Candice,Lu,Australia,3,75.0,25.0
21212.0,Nicolas,Lal,Australia,3,75.0,25.0
21220.0,Meghan,Moyer,Australia,3,75.0,25.0
21372.0,Wayne,Raje,Australia,4,75.0,18.75
21405.0,Bonnie,Shen,Australia,3,75.0,25.0
21406.0,Troy,Chandra,Australia,3,75.0,25.0
21554.0,Molly,Rana,Australia,3,75.0,25.0
21564.0,Erica,Liu,Australia,3,75.0,25.0
21884.0,Tabitha,Gutierrez,Australia,3,75.0,25.0
21896.0,Roy,Subram,Australia,3,75.0,25.0
21898.0,Devon,Raji,Australia,3,75.0,25.0
21977.0,Phillip,Malhotra,Australia,3,75.0,25.0
21993.0,Craig,Sanz,Australia,3,75.0,25.0
22001.0,Gregory,Chander,Australia,3,75.0,25.0
22209.0,Cedric,Shen,Australia,3,75.0,25.0
22424.0,Edwin,Rai,France,2,75.0,37.5
22527.0,Rachel,Flores,France,2,75.0,37.5
22846.0,Frank,Gutierrez,Australia,3,75.0,25.0
24455.0,Alejandro,Chander,Australia,3,75.0,25.0
24861.0,Evelyn,Vance,France,2,75.0,37.5
24862.0,Tamara,Zhou,France,2,75.0,37.5
25300.0,Jamie,Ashe,Germany,2,75.0,37.5
25768.0,Tyrone,Ruiz,Germany,3,75.0,25.0
25772.0,Harold,Kapoor,Germany,2,75.0,37.5
25792.0,Alyssa,Gonzales,Germany,2,75.0,37.5
26785.0,Raul,Raje,Australia,3,75.0,25.0
26879.0,Shannon,Lin,Germany,2,75.0,37.5
26998.0,Fernando,Perry,Germany,3,75.0,25.0
27146.0,Danny,Hernandez,Australia,3,75.0,25.0
27395.0,Jenny,Lu,United States,3,75.0,25.0
27652.0,Miguel,Foster,United States,3,75.0,25.0
27659.0,Jesse,Lopez,United States,2,75.0,37.5
27685.0,Alfredo,Torres,Australia,3,75.0,25.0
27686.0,Vincent,Zhang,Australia,3,75.0,25.0
27751.0,Zoe,Cooper,United States,2,75.0,37.5
27858.0,Anders,Skjønaa,Germany,3,75.0,25.0
28032.0,Grace,Coleman,United States,3,75.0,25.0
28055.0,Brooke,Peterson,United States,2,75.0,37.5
28303.0,Justin,Lewis,Australia,3,75.0,25.0
28632.0,Kathryn,Nath,United States,2,75.0,37.5
28977.0,Carlos,Nelson,United States,2,75.0,37.5
29036.0,Rebecca,Baker,United States,2,75.0,37.5
11202.0,Alexia,Price,United States,3,74.0,24.666666666666668
12012.0,Monica,Schmidt,Australia,4,74.0,18.5
12034.0,Julian,Long,Australia,6,74.0,12.333333333333334
12393.0,Brenda,Sai,France,2,74.0,37.0
12659.0,Damien,Chande,France,3,74.0,24.666666666666668
12665.0,Joy,Suarez,Australia,6,74.0,12.333333333333334
12715.0,Eddie,Gill,Australia,6,74.0,12.333333333333334
12848.0,Brittney,Lu,United Kingdom,4,74.0,18.5
15240.0,Monique,Navarro,Australia,4,74.0,18.5
15859.0,Abigail,Ramirez,Canada,6,74.0,12.333333333333334
16621.0,Birgit,Seidel,Australia,5,74.0,14.8
17636.0,Ross,Srini,Germany,4,74.0,18.5
17804.0,Melody,Torres,Germany,4,74.0,18.5
17837.0,Mayra,Garcia,Germany,4,74.0,18.5
17961.0,Meghan,Blanco,United Kingdom,4,74.0,18.5
17991.0,Richard,Kelly,United Kingdom,4,74.0,18.5
18293.0,Austin,Butler,Australia,5,74.0,14.8
19630.0,Jodi,Raje,Australia,5,74.0,14.8
19954.0,Jose,Carlson,Australia,5,74.0,14.8
20222.0,Melissa,Morgan,Australia,5,74.0,14.8
20433.0,Chloe,Taylor,United States,4,74.0,18.5
20457.0,Alexandra,Morris,United States,4,74.0,18.5
20471.0,Carlos,Gonzalez,United States,3,74.0,24.666666666666668
20513.0,Joseph,Smith,United States,4,74.0,18.5
20515.0,Jenna,Edwards,United States,4,74.0,18.5
20696.0,Ethan,Gonzales,,4,74.0,18.5
20778.0,Seth,Ramirez,,4,74.0,18.5
21154.0,Michael,Clark,,4,74.0,18.5
21159.0,Kaitlyn,Rodriguez,,4,74.0,18.5
21430.0,Savannah,Morgan,,4,74.0,18.5
21635.0,Christian,Lewis,United States,4,74.0,18.5
21757.0,Elijah,Wang,United States,4,74.0,18.5
21790.0,James,Diaz,United States,4,74.0,18.5
22071.0,Gabriel,Carter,United States,4,74.0,18.5
22073.0,Timothy,Sanders,United States,4,74.0,18.5
22341.0,Tristan,Washington,United States,4,74.0,18.5
22345.0,Amanda,James,United States,3,74.0,24.666666666666668
22734.0,Maria,Adams,United States,4,74.0,18.5
23256.0,Mario,Chande,United States,4,74.0,18.5
23327.0,Madison,Moore,United States,4,74.0,18.5
23732.0,Xavier,Wood,United States,5,74.0,14.8
25012.0,Craig,Martin,Australia,4,74.0,18.5
25253.0,Ryan,Miller,United States,4,74.0,18.5
28347.0,Latoya,Anand,United States,4,74.0,18.5
29118.0,Noah,Griffin,Australia,4,74.0,18.5
29339.0,Brandon,Li,Canada,4,74.0,18.5
11225.0,Madison,Lee,United States,5,73.0,14.6
12168.0,Hunter,Jackson,United States,4,73.0,18.25
12476.0,Rodney,Jimenez,United Kingdom,3,73.0,24.333333333333332
13201.0,Nicholas,Davis,Canada,7,73.0,10.428571428571429
14530.0,Ethan,Smith,United Kingdom,5,73.0,14.6
14854.0,Nancy,Fernandez,Australia,4,73.0,18.25
15019.0,Mary,Ramos,Australia,4,73.0,18.25
15686.0,Pedro,Vazquez,United Kingdom,3,73.0,24.333333333333332
16030.0,Max,Martin,Australia,6,73.0,12.166666666666666
16257.0,Michele,Chandra,France,4,73.0,18.25
16301.0,Omar,Cai,France,4,73.0,18.25
16487.0,Brianna,Griffin,Australia,5,73.0,14.6
17106.0,Gina,Jiménez,France,4,73.0,18.25
19937.0,Jimmy,Gomez,Germany,4,73.0,18.25
20510.0,Caitlin,Cox,United States,3,73.0,24.333333333333332
20772.0,Samantha,Garcia,,3,73.0,24.333333333333332
21163.0,William,Williams,,3,73.0,24.333333333333332
21547.0,Brad,Raje,United Kingdom,4,73.0,18.25
21870.0,Jenny,Raji,United Kingdom,4,73.0,18.25
27850.0,Jason,Green,France,4,73.0,18.25
11133.0,Angela,Griffin,United States,4,72.0,18.0
11320.0,Morgan,Hill,United States,5,72.0,14.4
11744.0,Stephanie,Campbell,United States,3,72.0,24.0
11789.0,Bailey,Phillips,United States,3,72.0,24.0
11859.0,Blake,Garcia,United States,3,72.0,24.0
11874.0,Adrian,Bell,United States,5,72.0,14.4
11961.0,Anne,Alvarez,United States,3,72.0,24.0
12454.0,Samuel,Griffin,United States,4,72.0,18.0
12528.0,Devin,Wilson,United States,2,72.0,36.0
12744.0,Anna,Moore,United Kingdom,2,72.0,36.0
12796.0,Jason,Zhang,United States,2,72.0,36.0
12818.0,Curtis,She,France,3,72.0,24.0
12851.0,Brandy,Sai,France,3,72.0,24.0
12890.0,Steven,Thorpe,United States,2,72.0,36.0
12905.0,Alexandra,Sanchez,United States,2,72.0,36.0
12909.0,Kelsey,Shan,United States,2,72.0,36.0
12977.0,Destiny,Johnson,United States,2,72.0,36.0
13098.0,Miguel,Russell,United States,2,72.0,36.0
13166.0,Kyle,Chen,United States,2,72.0,36.0
13193.0,Kevin,Evans,United States,2,72.0,36.0
13195.0,Aaron,Perry,United States,2,72.0,36.0
13215.0,Colleen,Sharma,United States,4,72.0,18.0
13227.0,Alexander,Wilson,United States,2,72.0,36.0
13295.0,Jasmine,Jackson,United States,2,72.0,36.0
13305.0,Oscar,Alexander,United States,2,72.0,36.0
13306.0,Kaitlyn,Cox,United States,2,72.0,36.0
13321.0,Arianna,Barnes,United States,4,72.0,18.0
13334.0,Melanie,Rivera,United States,4,72.0,18.0
13335.0,Alyssa,Barnes,United States,2,72.0,36.0
13347.0,Rachel,Hall,United States,2,72.0,36.0
13363.0,Sydney,Allen,United States,2,72.0,36.0
13368.0,Kyle,Henderson,United States,2,72.0,36.0
13371.0,Sydney,Gonzales,United States,2,72.0,36.0
13373.0,Michelle,Murphy,United States,4,72.0,18.0
13375.0,Jason,Kumar,United States,2,72.0,36.0
13381.0,Vanessa,Jenkins,United States,2,72.0,36.0
13469.0,Bryce,Bailey,United States,2,72.0,36.0
13608.0,Karla,Kumar,Germany,3,72.0,24.0
13739.0,Jason,Coleman,United States,2,72.0,36.0
13748.0,José,Martinez,United States,2,72.0,36.0
13750.0,Raymond,Sai,United States,2,72.0,36.0
13858.0,Melanie,Richardson,United States,4,72.0,18.0
13863.0,Kevin,Long,United States,2,72.0,36.0
13880.0,Marshall,Kumar,United States,2,72.0,36.0
13881.0,Jasmine,Wood,United States,2,72.0,36.0
13914.0,Abigail,Bell,United States,2,72.0,36.0
14076.0,Justin,Ross,United States,2,72.0,36.0
14136.0,Louis,She,France,4,72.0,18.0
14152.0,Luke,Turner,France,2,72.0,36.0
14166.0,Elizabeth,Jenkins,France,2,72.0,36.0
14168.0,Edwin,Guo,France,4,72.0,18.0
14179.0,Claudia,Xu,Germany,3,72.0,24.0
14204.0,Chelsea,Sara,France,3,72.0,24.0
14243.0,Gregory,Winston,United States,2,72.0,36.0
14246.0,Devin,Garcia,United States,2,72.0,36.0
14251.0,Alex,Brooks,United States,2,72.0,36.0
14273.0,Angel,Parker,United States,2,72.0,36.0
14339.0,Brandy,Suri,United States,4,72.0,18.0
14350.0,Emily,Moore,United States,4,72.0,18.0
14376.0,Faith,Torres,United States,2,72.0,36.0
14711.0,Deborah,Xu,Germany,2,72.0,36.0
14872.0,Fernando,Clark,United States,2,72.0,36.0
15049.0,Frank,Dominguez,Germany,2,72.0,36.0
15069.0,Noah,Lal,Germany,4,72.0,18.0
15224.0,Pedro,Gutierrez,Australia,4,72.0,18.0
15820.0,Chase,Ward,United States,2,72.0,36.0
16179.0,Jamie,Zhao,Australia,5,72.0,14.4
16626.0,Nathaniel,Morgan,Australia,4,72.0,18.0
17210.0,Karl,Deng,Germany,4,72.0,18.0
17776.0,Diana,Jimenez,United Kingdom,5,72.0,14.4
18145.0,David,So,Germany,2,72.0,36.0
18266.0,Mandy,Huang,Australia,4,72.0,18.0
18287.0,Heather,Zeng,Australia,5,72.0,14.4
19047.0,Sydney,Walker,United Kingdom,4,72.0,18.0
19693.0,Kayla,Foster,Canada,4,72.0,18.0
19826.0,Clarence,Zhao,Canada,2,72.0,36.0
20300.0,Xavier,Garcia,Canada,2,72.0,36.0
20330.0,Nathan,Thomas,Canada,4,72.0,18.0
20492.0,Madison,Martin,Canada,2,72.0,36.0
20631.0,Gerald,Dominguez,Australia,4,72.0,18.0
21745.0,Isabel,Foster,Canada,4,72.0,18.0
22107.0,Michael,Jones,Canada,2,72.0,36.0
22142.0,Nelson,Alonso,United States,5,72.0,14.4
22161.0,Rachel,Clark,United States,5,72.0,14.4
22714.0,Angelica,Alexander,Canada,4,72.0,18.0
22742.0,Nathan,Nelson,United States,5,72.0,14.4
22807.0,Cindy,Garcia,United Kingdom,5,72.0,14.4
22949.0,Gavin,Butler,Australia,2,72.0,36.0
23729.0,Marcus,Allen,United States,3,72.0,24.0
23787.0,Adrian,Ward,United States,3,72.0,24.0
23791.0,Aaron,Griffin,United States,3,72.0,24.0
23795.0,Lauren,Moore,United States,3,72.0,24.0
23800.0,Kaylee,Cox,United States,3,72.0,24.0
23804.0,Kristen,Ma,United States,3,72.0,24.0
24237.0,Chloe,Henderson,United States,3,72.0,24.0
24261.0,Emma,Jones,United States,3,72.0,24.0
24264.0,Richard,Long,United States,3,72.0,24.0
24288.0,Pedro,Gomez,United States,3,72.0,24.0
24318.0,Luis,Long,United States,3,72.0,24.0
24350.0,Eduardo,Simmons,United States,3,72.0,24.0
24407.0,Makayla,Peterson,United States,3,72.0,24.0
24409.0,Jackson,Hernandez,United States,3,72.0,24.0
24411.0,Johnathan,Sanchez,United States,3,72.0,24.0
24419.0,Kaylee,Rivera,United States,3,72.0,24.0
24426.0,Jordan,Russell,United States,3,72.0,24.0
24439.0,Xavier,Watson,United States,3,72.0,24.0
24448.0,Amanda,Lopez,United States,3,72.0,24.0
24497.0,Abigail,James,United States,3,72.0,24.0
24500.0,Seth,Johnson,United States,3,72.0,24.0
24515.0,Ian,Jones,United States,3,72.0,24.0
24616.0,Zoe,Cook,United States,3,72.0,24.0
24635.0,Gabrielle,Rogers,United States,3,72.0,24.0
24651.0,Dakota,Alexander,United States,3,72.0,24.0
24672.0,Jeremy,Cook,United States,3,72.0,24.0
24679.0,Wyatt,Hernandez,United States,3,72.0,24.0
24726.0,Marissa,Hughes,United States,3,72.0,24.0
24727.0,Mallory,Jimenez,United States,3,72.0,24.0
24736.0,Savannah,Ramirez,United States,3,72.0,24.0
24766.0,Christian,White,United States,3,72.0,24.0
24777.0,Eric,Adams,United States,3,72.0,24.0
24813.0,Armando,Schmidt,United States,3,72.0,24.0
24932.0,Richard,Jones,United States,3,72.0,24.0
24943.0,Darrell,Chander,United States,3,72.0,24.0
24952.0,Amanda,Long,United States,3,72.0,24.0
24954.0,Jonathan,Long,United States,3,72.0,24.0
24961.0,Alexandra,Bennett,United States,3,72.0,24.0
24965.0,Justin,Hayes,United States,3,72.0,24.0
24973.0,Arianna,Rivera,United States,3,72.0,24.0
25065.0,Thomas,Henderson,United States,3,72.0,24.0
25067.0,Melanie,Butler,United States,3,72.0,24.0
25069.0,Lori,Ortega,United States,3,72.0,24.0
25102.0,Stephanie,Kelly,United States,3,72.0,24.0
25158.0,Stephanie,Long,United States,3,72.0,24.0
25159.0,Katelyn,Cooper,United States,3,72.0,24.0
25167.0,Elijah,Hughes,United States,3,72.0,24.0
25179.0,Miguel,Thompson,United States,3,72.0,24.0
25187.0,Sydney,Scott,United States,3,72.0,24.0
25261.0,Eduardo,Phillips,United States,3,72.0,24.0
25274.0,Samantha,Henderson,United States,3,72.0,24.0
25373.0,Nichole,Chande,United States,3,72.0,24.0
25374.0,Ana,Powell,United States,3,72.0,24.0
25422.0,Elijah,King,United States,3,72.0,24.0
25424.0,Ian,Roberts,United States,3,72.0,24.0
25431.0,Ann,Sanchez,United States,3,72.0,24.0
25439.0,Janelle,Arthur,United States,3,72.0,24.0
25441.0,Isabella,Torres,United States,3,72.0,24.0
25764.0,Alexandria,Price,United States,3,72.0,24.0
25899.0,Caitlin,Rogers,United States,3,72.0,24.0
27889.0,Jodi,Xie,France,3,72.0,24.0
28385.0,Cassie,Deng,France,3,72.0,24.0
28398.0,Shawn,Lal,France,3,72.0,24.0
28402.0,Kristin,Kumar,France,3,72.0,24.0
12519.0,Casey,Gutierrez,United Kingdom,2,71.0,35.5
13640.0,Rachael,Patel,Australia,5,71.0,14.2
13776.0,Miguel,Carter,United Kingdom,4,71.0,17.75
14954.0,Denise,Perez,France,4,71.0,17.75
14981.0,April,Raji,United Kingdom,4,71.0,17.75
14983.0,Juan,Sanz,United Kingdom,4,71.0,17.75
14988.0,Mandy,Lu,United Kingdom,4,71.0,17.75
15807.0,Scot,Schulte,Australia,4,71.0,17.75
15811.0,Barbara,Schultz,Australia,5,71.0,14.2
16614.0,Alison,Shen,Australia,5,71.0,14.2
16919.0,Kaitlin,Sullivan,Australia,4,71.0,17.75
20096.0,Jonathan,Lal,Canada,3,71.0,23.666666666666668
22855.0,Summer,Sai,Australia,4,71.0,17.75
11210.0,Edward,Wood,United States,5,70.0,14.0
11434.0,Andre,Lopez,United Kingdom,4,70.0,17.5
11836.0,Garrett,Travers,United States,2,70.0,35.0
11860.0,Nicole,Walker,United States,2,70.0,35.0
11871.0,Dalton,Bennett,United States,2,70.0,35.0
11940.0,Tyler,Miller,United States,2,70.0,35.0
11949.0,Julia,Brooks,United States,2,70.0,35.0
12493.0,Dwayne,Vazquez,Germany,2,70.0,35.0
12743.0,Carl,Kumar,United Kingdom,2,70.0,35.0
13512.0,Ken,Sánchez,France,1,70.0,70.0
13531.0,Tyrone,Gutierrez,France,1,70.0,70.0
13550.0,Joe,Malhotra,France,1,70.0,70.0
14864.0,Desiree,Carlson,United Kingdom,3,70.0,23.333333333333332
15096.0,Gary,Schare,Germany,1,70.0,70.0
15104.0,Ashley,Thompson,France,1,70.0,70.0
15107.0,Roy,Saunders,France,1,70.0,70.0
15110.0,Janelle,Prasad,Germany,1,70.0,70.0
15261.0,Carolyn,Torres,Australia,6,70.0,11.666666666666666
15352.0,Raymond,Martinez,Germany,1,70.0,70.0
15615.0,Erika,Alvarez,United Kingdom,7,70.0,10.0
15682.0,Heidi,Garcia,Germany,1,70.0,70.0
15705.0,Gabriel,Simmons,Germany,2,70.0,35.0
15720.0,Jaime,Ramos,Australia,4,70.0,17.5
16175.0,Tony,Shan,Australia,5,70.0,14.0
16434.0,Taylor,Bailey,Germany,3,70.0,23.333333333333332
16568.0,Caroline,Coleman,Germany,3,70.0,23.333333333333332
16586.0,Leonard,Chander,France,2,70.0,35.0
16683.0,Christy,Rai,Australia,4,70.0,17.5
17638.0,Clarence,Zheng,France,3,70.0,23.333333333333332
17643.0,Wesley,Cai,France,3,70.0,23.333333333333332
17711.0,Kristin,Luo,France,3,70.0,23.333333333333332
17713.0,David,Johnson,France,3,70.0,23.333333333333332
17721.0,Cheryl,Alan,France,3,70.0,23.333333333333332
17749.0,Leah,Wu,France,3,70.0,23.333333333333332
17771.0,Holly,Chandra,France,3,70.0,23.333333333333332
17835.0,Francisco,Perez,United Kingdom,4,70.0,17.5
17846.0,Alejandro,Chavez,France,3,70.0,23.333333333333332
17878.0,Gabrielle,Sanders,France,3,70.0,23.333333333333332
17930.0,Chelsea,Srini,France,3,70.0,23.333333333333332
17997.0,April,Sharma,France,3,70.0,23.333333333333332
18264.0,Jeffery,Ma,Australia,3,70.0,23.333333333333332
18522.0,Jeremiah,Smith,United States,1,70.0,70.0
18577.0,Isabelle,Winston,United States,1,70.0,70.0
18579.0,William,Brown,United States,1,70.0,70.0
18587.0,Monica,Arun,United States,1,70.0,70.0
18593.0,Sydney,Martinez,United States,1,70.0,70.0
18601.0,Cynthia,Garcia,United States,1,70.0,70.0
18660.0,Cristina,Anand,United States,1,70.0,70.0
18669.0,Adam,Griffin,United States,1,70.0,70.0
18671.0,Melanie,Kelly,United States,1,70.0,70.0
18681.0,Jacqueline,Griffin,United States,1,70.0,70.0
18682.0,Emily,Bennett,United States,1,70.0,70.0
18754.0,Isabella,Mitchell,United States,1,70.0,70.0
18764.0,Natalie,Scott,United States,1,70.0,70.0
18771.0,Robert,Green,United States,1,70.0,70.0
18775.0,Andrea,Bell,United States,1,70.0,70.0
18791.0,Megan,Blue,United States,1,70.0,70.0
18814.0,Evan,Adams,United States,1,70.0,70.0
18815.0,Abigail,Rogers,United States,1,70.0,70.0
18843.0,Luis,Perez,United States,1,70.0,70.0
18845.0,Katherine,Hughes,United States,1,70.0,70.0
18847.0,Ariana,Richardson,United States,1,70.0,70.0
18851.0,Dalton,Cook,United States,1,70.0,70.0
18853.0,Jacqueline,Gray,United States,1,70.0,70.0
18870.0,Ana,Barnes,United States,1,70.0,70.0
18874.0,Julia,Green,United States,1,70.0,70.0
18877.0,Evan,Hall,United States,1,70.0,70.0
18879.0,Garrett,Morgan,United States,1,70.0,70.0
18880.0,Jarrod,Sanchez,United States,1,70.0,70.0
18886.0,Donald,McDonald,United States,1,70.0,70.0
18892.0,Chase,Howard,United States,1,70.0,70.0
18893.0,Devin,White,United States,1,70.0,70.0
18912.0,Tyler,Williams,United States,1,70.0,70.0
18935.0,Jasmine,Jenkins,United States,1,70.0,70.0
18937.0,Ian,Reed,United States,1,70.0,70.0
18938.0,Lucas,Lopez,United States,1,70.0,70.0
18939.0,Hunter,McDonald,United States,1,70.0,70.0
18946.0,Brandon,Simmons,United States,1,70.0,70.0
18964.0,Thomas,Gonzalez,United States,1,70.0,70.0
18969.0,Anna,Cox,United States,1,70.0,70.0
18988.0,Courtney,Baker,United States,1,70.0,70.0
18991.0,Evan,Cook,United States,1,70.0,70.0
18996.0,Katherine,Turner,United States,1,70.0,70.0
18997.0,Eric,King,United States,1,70.0,70.0
19006.0,Leslie,Martin,United States,1,70.0,70.0
19007.0,Mackenzie,Sanchez,United States,1,70.0,70.0
19017.0,Zoe,Brooks,United States,1,70.0,70.0
19022.0,Samantha,Wood,United States,1,70.0,70.0
19107.0,Franklin,Liu,United States,1,70.0,70.0
19126.0,Kristopher,Kapoor,United States,1,70.0,70.0
19132.0,Benjamin,Washington,United States,1,70.0,70.0
19134.0,Sierra,Allen,United States,1,70.0,70.0
19135.0,Logan,Brown,United States,1,70.0,70.0
19138.0,Eric,Coleman,United States,1,70.0,70.0
19139.0,Oscar,Simmons,United States,1,70.0,70.0
19151.0,Ian,Cooper,United States,1,70.0,70.0
19153.0,Dylan,Griffin,United States,1,70.0,70.0
19154.0,William,Sotelo,United States,1,70.0,70.0
19166.0,Olivia,Jenkins,United States,1,70.0,70.0
19227.0,Logan,Nelson,United States,1,70.0,70.0
19231.0,Meghan,Gill,United States,1,70.0,70.0
19233.0,Omar,Andersen,United States,1,70.0,70.0
19237.0,Kristy,Gomez,United States,1,70.0,70.0
19238.0,Isabella,West,United States,1,70.0,70.0
19242.0,Devin,Baker,United States,1,70.0,70.0
19243.0,James,Thomas,United States,1,70.0,70.0
19246.0,Carlos,Campbell,United States,1,70.0,70.0
19345.0,Kaitlin,Prasad,Germany,3,70.0,23.333333333333332
19349.0,Warren,Anand,Germany,3,70.0,23.333333333333332
19398.0,Dylan,Gonzales,United States,1,70.0,70.0
19411.0,Sarah,Alexander,Canada,3,70.0,23.333333333333332
19540.0,Jade,Richardson,United States,1,70.0,70.0
19551.0,Samuel,Alexander,United States,1,70.0,70.0
19552.0,Margaret,Zhu,United States,1,70.0,70.0
19634.0,Gregory,Nath,United States,1,70.0,70.0
19663.0,Alex,Allen,United States,1,70.0,70.0
19665.0,Eduardo,Gonzales,United States,1,70.0,70.0
19686.0,Charles,Hernandez,United States,1,70.0,70.0
19694.0,Stephanie,Perez,United States,1,70.0,70.0
19702.0,Edward,Diaz,United States,1,70.0,70.0
19703.0,Katelyn,Baker,United States,1,70.0,70.0
19727.0,Natasha,Vazquez,United States,1,70.0,70.0
19733.0,Caitlin,Watson,United States,1,70.0,70.0
19755.0,Lauren,Foster,United States,1,70.0,70.0
19778.0,Isabella,Jones,United States,1,70.0,70.0
19779.0,Emily,Foster,United States,1,70.0,70.0
19800.0,Lauren,White,United States,1,70.0,70.0
19805.0,Mariah,Butler,United States,1,70.0,70.0
19809.0,Eric,Sharma,United States,1,70.0,70.0
19811.0,Evan,Allen,United States,1,70.0,70.0
19825.0,Gilbert,Ferrier,United States,1,70.0,70.0
19832.0,Sheila,Hernandez,United States,1,70.0,70.0
19833.0,Michelle,Kelly,United States,1,70.0,70.0
19846.0,Seth,Patterson,United States,1,70.0,70.0
19852.0,Eric,Carter,United States,1,70.0,70.0
19857.0,Megan,Rogers,United States,1,70.0,70.0
19859.0,Lisa,Zhao,United States,1,70.0,70.0
19863.0,Paige,Powell,United States,1,70.0,70.0
19864.0,Isaiah,Brooks,United States,1,70.0,70.0
19866.0,Martin,Patel,United States,1,70.0,70.0
19871.0,Bryce,Rivera,United States,1,70.0,70.0
19877.0,Steve,Zheng,United States,1,70.0,70.0
19878.0,Morgan,Jackson,United States,1,70.0,70.0
19879.0,Ian,Green,United States,1,70.0,70.0
19880.0,Emma,Bennett,United States,1,70.0,70.0
19894.0,Elijah,Sharma,United States,1,70.0,70.0
19896.0,Kaitlyn,Thomas,United States,1,70.0,70.0
19996.0,Grant,She,United States,1,70.0,70.0
20008.0,Jack,Foster,United States,1,70.0,70.0
20010.0,Jackson,Carter,United States,1,70.0,70.0
20018.0,Lauren,Gray,United States,1,70.0,70.0
20107.0,Danielle,Morris,United States,1,70.0,70.0
20113.0,Christina,Murphy,United States,1,70.0,70.0
20119.0,Carlos,Hernandez,United States,1,70.0,70.0
20121.0,Dylan,Butler,United States,1,70.0,70.0
20124.0,Natalie,Coleman,United States,1,70.0,70.0
20126.0,Seth,Carter,United States,1,70.0,70.0
20127.0,Carlos,Sanders,United States,1,70.0,70.0
20132.0,Jenny,Shen,Germany,3,70.0,23.333333333333332
20135.0,Grace,Price,Germany,3,70.0,23.333333333333332
20139.0,Connor,Wright,United States,1,70.0,70.0
20185.0,Xavier,Cooper,United States,1,70.0,70.0
20229.0,Austin,Walker,Australia,3,70.0,23.333333333333332
20233.0,Jenny,Raje,Australia,3,70.0,23.333333333333332
20248.0,Gina,Suarez,Australia,3,70.0,23.333333333333332
20252.0,Darrell,Raje,Australia,3,70.0,23.333333333333332
20274.0,Brent,Wang,United States,1,70.0,70.0
20278.0,Alisha,Oliver,United States,1,70.0,70.0
20285.0,Aaron,Alexander,United States,1,70.0,70.0
20289.0,Jada,Richardson,United States,1,70.0,70.0
20293.0,Rachel,Jackson,United States,1,70.0,70.0
20298.0,Edgar,Arun,United States,1,70.0,70.0
20301.0,Gloria,Bradley,United States,1,70.0,70.0
20305.0,Caleb,Ross,United States,1,70.0,70.0
20306.0,Mary,Baker,United States,1,70.0,70.0
20308.0,Pieter,Uittenbogaard,United States,1,70.0,70.0
20322.0,Rachel,Wood,United States,1,70.0,70.0
20327.0,Sophia,Perez,United States,1,70.0,70.0
20329.0,Jose,Yang,United States,1,70.0,70.0
20333.0,Abigail,Gonzales,United States,1,70.0,70.0
20334.0,Jeremiah,Mitchell,United States,1,70.0,70.0
20335.0,Adam,Gonzales,United States,1,70.0,70.0
20336.0,Ian,Young,United States,1,70.0,70.0
20343.0,Sierra,Hill,United States,1,70.0,70.0
20349.0,Nicole,Harris,United States,1,70.0,70.0
20357.0,Julian,Price,United States,1,70.0,70.0
20361.0,Jonathon,Moreno,United States,1,70.0,70.0
20362.0,Seth,Gonzalez,United States,1,70.0,70.0
20365.0,Isaac,Scott,United States,1,70.0,70.0
20366.0,Marcus,Powell,United States,1,70.0,70.0
20368.0,Thomas,Jackson,United States,1,70.0,70.0
20381.0,Blake,Bennett,United States,1,70.0,70.0
20396.0,Jason,Simmons,United States,1,70.0,70.0
20408.0,Isaac,Morgan,United States,3,70.0,23.333333333333332
20438.0,Robert,Scott,United States,3,70.0,23.333333333333332
20497.0,Francisco,Javier Castrejón,United States,1,70.0,70.0
20583.0,Kristen,Wang,Germany,3,70.0,23.333333333333332
20591.0,Kara,Tang,Germany,3,70.0,23.333333333333332
20595.0,Karla,Andersen,France,3,70.0,23.333333333333332
20747.0,Melody,Vazquez,,1,70.0,70.0
20752.0,Christian,Simmons,,1,70.0,70.0
20757.0,Alexia,Powell,,1,70.0,70.0
20849.0,Faith,Washington,United Kingdom,3,70.0,23.333333333333332
20889.0,Manuel,Patel,United Kingdom,3,70.0,23.333333333333332
20903.0,Robyn,Diaz,Germany,3,70.0,23.333333333333332
20904.0,Ebony,Gomez,United Kingdom,3,70.0,23.333333333333332
20909.0,Kelly,Weadock,United Kingdom,3,70.0,23.333333333333332
20924.0,Alberto,Sanz,Germany,3,70.0,23.333333333333332
20972.0,Francisco,Vance,United Kingdom,3,70.0,23.333333333333332
21025.0,Cedric,Wu,United Kingdom,3,70.0,23.333333333333332
21069.0,Colin,Lu,United Kingdom,3,70.0,23.333333333333332
21134.0,Bob,Chapman,United Kingdom,3,70.0,23.333333333333332
21145.0,Mindy,Lal,,3,70.0,23.333333333333332
21198.0,Madison,Williams,Australia,3,70.0,23.333333333333332
21237.0,Luke,Washington,,1,70.0,70.0
21249.0,Alvin,Xu,,3,70.0,23.333333333333332
21261.0,Jessica,Kelly,,3,70.0,23.333333333333332
21302.0,Logan,Foster,,3,70.0,23.333333333333332
21325.0,Angela,Hayes,,3,70.0,23.333333333333332
21350.0,Mindy,Sharma,,3,70.0,23.333333333333332
21377.0,Allison,Bailey,Australia,1,70.0,70.0
21381.0,Francis,Ruiz,Australia,1,70.0,70.0
21382.0,Brad,Chander,Australia,1,70.0,70.0
21383.0,Ricardo,Anand,Australia,1,70.0,70.0
21457.0,Jamie,Serrano,,3,70.0,23.333333333333332
21514.0,Krystal,Zhu,Germany,3,70.0,23.333333333333332
21519.0,Franklin,Becker,Germany,3,70.0,23.333333333333332
21535.0,Alfredo,Sandberg,France,3,70.0,23.333333333333332
21591.0,Clayton,Goel,United States,3,70.0,23.333333333333332
21738.0,Francis,Alonso,United Kingdom,3,70.0,23.333333333333332
21775.0,Sean,Ramirez,United States,3,70.0,23.333333333333332
21900.0,Robert,Jones,United States,3,70.0,23.333333333333332
21917.0,Dalton,Johnson,United States,3,70.0,23.333333333333332
22017.0,Sharon,She,Australia,1,70.0,70.0
22028.0,Jodi,Shen,Australia,1,70.0,70.0
22035.0,Ryan,Wilson,United States,3,70.0,23.333333333333332
22057.0,Kyle,Ross,United States,3,70.0,23.333333333333332
22064.0,Lawrence,Carlson,Australia,1,70.0,70.0
22065.0,Roy,Martin,Australia,1,70.0,70.0
22084.0,Francis,Gomez,United States,3,70.0,23.333333333333332
22098.0,Katherine,Brooks,United States,3,70.0,23.333333333333332
22103.0,Alexandra,Hernandez,United States,3,70.0,23.333333333333332
22147.0,Brett,Kapoor,Australia,1,70.0,70.0
22148.0,Candace,Prasad,Australia,1,70.0,70.0
22150.0,Damien,Liang,Australia,1,70.0,70.0
22155.0,Steve,Cai,Australia,1,70.0,70.0
22156.0,Jamie,Zheng,Australia,1,70.0,70.0
22162.0,Brad,Yuan,United States,3,70.0,23.333333333333332
22166.0,Katherine,Gray,United States,3,70.0,23.333333333333332
22333.0,Gabriella,Watson,United States,3,70.0,23.333333333333332
22351.0,Sarah,Davis,United States,3,70.0,23.333333333333332
22367.0,Jasmine,Griffin,United States,3,70.0,23.333333333333332
22369.0,Louis,Deng,United States,3,70.0,23.333333333333332
22403.0,Cedric,Beck,Australia,1,70.0,70.0
22574.0,Randy,Zheng,Australia,1,70.0,70.0
22723.0,Alexander,Anderson,United States,3,70.0,23.333333333333332
22724.0,Noah,Evans,United States,3,70.0,23.333333333333332
22729.0,Seth,Nelson,United States,3,70.0,23.333333333333332
22731.0,Brandon,Henderson,United States,3,70.0,23.333333333333332
22756.0,Jon,Nath,United States,3,70.0,23.333333333333332
22761.0,Eduardo,Price,United States,3,70.0,23.333333333333332
22763.0,Rebecca,Gonzalez,United States,3,70.0,23.333333333333332
22767.0,Luis,Hernandez,United States,3,70.0,23.333333333333332
22776.0,Julia,Perry,United States,3,70.0,23.333333333333332
22783.0,Isaac,Green,United States,3,70.0,23.333333333333332
22792.0,Thomas,Carter,United States,3,70.0,23.333333333333332
22793.0,Antonio,Jenkins,United States,3,70.0,23.333333333333332
22819.0,Daisy,Alvarez,United Kingdom,3,70.0,23.333333333333332
22837.0,Sergio,Chandra,United Kingdom,3,70.0,23.333333333333332
22861.0,Devin,Hughes,United States,3,70.0,23.333333333333332
22890.0,Alexis,Hall,United States,3,70.0,23.333333333333332
22891.0,Andrea,Gonzalez,United States,3,70.0,23.333333333333332
22967.0,Rachel,Smith,United States,3,70.0,23.333333333333332
22977.0,Ian,Patterson,United States,3,70.0,23.333333333333332
22982.0,Madison,Miller,United States,3,70.0,23.333333333333332
22989.0,Megan,Butler,United States,3,70.0,23.333333333333332
23031.0,Brooke,Morgan,United States,3,70.0,23.333333333333332
23050.0,Jack,Hall,United States,3,70.0,23.333333333333332
23053.0,Anna,Bailey,United States,3,70.0,23.333333333333332
23055.0,Seth,Diaz,United States,3,70.0,23.333333333333332
23065.0,Derek,Nath,United States,3,70.0,23.333333333333332
23069.0,Anna,Gray,United States,3,70.0,23.333333333333332
23093.0,Nathan,Parker,United States,3,70.0,23.333333333333332
23133.0,Alexis,White,United States,3,70.0,23.333333333333332
23157.0,Valerie,Gao,United States,3,70.0,23.333333333333332
23194.0,Shelby,Cook,United States,3,70.0,23.333333333333332
23203.0,Dalton,Jenkins,United States,3,70.0,23.333333333333332
23205.0,Katherine,Sanders,United States,3,70.0,23.333333333333332
23206.0,Jackson,Lal,United States,3,70.0,23.333333333333332
23240.0,Phillip,Chapman,United States,3,70.0,23.333333333333332
23241.0,Armando,Torres,United States,3,70.0,23.333333333333332
23285.0,Latoya,Luo,United States,3,70.0,23.333333333333332
23298.0,Robert,Martinez,United States,3,70.0,23.333333333333332
23354.0,Eddie,Gomez,United States,3,70.0,23.333333333333332
23367.0,Haley,Ramirez,United States,3,70.0,23.333333333333332
23380.0,Gabriel,Campbell,United States,3,70.0,23.333333333333332
23388.0,Ana,Henderson,United States,3,70.0,23.333333333333332
23405.0,Kari,Madan,United States,3,70.0,23.333333333333332
23457.0,Nicole,Rivera,United States,3,70.0,23.333333333333332
23468.0,Sean,Roberts,United States,3,70.0,23.333333333333332
23477.0,Marcus,Phillips,United States,3,70.0,23.333333333333332
23495.0,James,Shan,United States,3,70.0,23.333333333333332
23496.0,Nicholas,Harris,United States,3,70.0,23.333333333333332
23514.0,Chloe,Bell,United States,3,70.0,23.333333333333332
23580.0,Ryan,Jones,United States,3,70.0,23.333333333333332
23581.0,Jan,Hill,United States,3,70.0,23.333333333333332
23590.0,Austin,Brown,United States,3,70.0,23.333333333333332
23628.0,Kara,Shen,United Kingdom,3,70.0,23.333333333333332
23639.0,Christy,Guo,United Kingdom,3,70.0,23.333333333333332
23674.0,Jeremiah,Walker,United States,3,70.0,23.333333333333332
23694.0,Brian,Brooks,United States,3,70.0,23.333333333333332
23697.0,Cody,Kelly,United States,3,70.0,23.333333333333332
23728.0,Paige,Kelly,United States,3,70.0,23.333333333333332
23734.0,Melanie,Wood,United States,3,70.0,23.333333333333332
23782.0,Edward,Bryant,United States,3,70.0,23.333333333333332
23812.0,Cameron,Butler,United States,3,70.0,23.333333333333332
23824.0,Edward,Carter,United States,3,70.0,23.333333333333332
23831.0,Colleen,Jai,United States,3,70.0,23.333333333333332
23862.0,Rebekah,Kapoor,United States,3,70.0,23.333333333333332
23863.0,Christian,Williams,United States,3,70.0,23.333333333333332
23889.0,Sean,Carter,United States,3,70.0,23.333333333333332
23894.0,Bryan,Ramirez,United States,3,70.0,23.333333333333332
24226.0,Brian,Morris,United States,3,70.0,23.333333333333332
24540.0,Janet,Martin,United Kingdom,3,70.0,23.333333333333332
24545.0,Douglas,Raman,United Kingdom,3,70.0,23.333333333333332
24554.0,Deanna,Fernandez,United Kingdom,3,70.0,23.333333333333332
24557.0,Franklin,Lin,United Kingdom,3,70.0,23.333333333333332
25013.0,Mitchell,Stone,Australia,3,70.0,23.333333333333332
26137.0,Joshua,Clark,Australia,1,70.0,70.0
26146.0,Laura,Wang,Australia,1,70.0,70.0
26151.0,Austin,Lee,Australia,1,70.0,70.0
26157.0,Brad,Xu,Australia,1,70.0,70.0
26159.0,Virginia,Raman,Australia,1,70.0,70.0
26164.0,Krista,Vazquez,Australia,1,70.0,70.0
26425.0,Janelle,Malhotra,Australia,1,70.0,70.0
26426.0,Heidi,Malhotra,Australia,1,70.0,70.0
26428.0,Colin,Ma,Australia,1,70.0,70.0
26430.0,Paula,Sanz,Australia,1,70.0,70.0
26434.0,Mallory,Romero,Australia,1,70.0,70.0
26590.0,Jorge,Guo,Australia,1,70.0,70.0
26659.0,Katrina,Yuan,Australia,1,70.0,70.0
26670.0,Jerry,Johnsen,Australia,1,70.0,70.0
26671.0,Arthur,Patel,Australia,1,70.0,70.0
26741.0,Nichole,Pal,Australia,1,70.0,70.0
26742.0,James,Collins,Australia,1,70.0,70.0
26770.0,Katie,Ashe,Australia,1,70.0,70.0
26771.0,Eric,Shan,Australia,1,70.0,70.0
26773.0,Meghan,Martin,Australia,1,70.0,70.0
27282.0,Barry,Perez,Canada,1,70.0,70.0
27344.0,Hector,Sanz,Australia,1,70.0,70.0
27345.0,Darrell,Shan,Australia,1,70.0,70.0
27350.0,Arthur,Subram,Australia,1,70.0,70.0
27357.0,Victor,Gutierrez,Australia,1,70.0,70.0
27360.0,Kurt,Kumar,Australia,1,70.0,70.0
27361.0,Valerie,Yang,Australia,1,70.0,70.0
27367.0,Sydney,Adams,Australia,1,70.0,70.0
27380.0,Eric,Green,Canada,1,70.0,70.0
27400.0,Miguel,Coleman,Canada,1,70.0,70.0
27401.0,Micah,He,Canada,1,70.0,70.0
27415.0,Trevor,Butler,Canada,1,70.0,70.0
27419.0,Rebekah,Mehta,Canada,1,70.0,70.0
27420.0,Samuel,Turner,Canada,1,70.0,70.0
27502.0,Tyler,Thompson,Canada,1,70.0,70.0
27522.0,Madeline,Carter,Canada,1,70.0,70.0
27656.0,Gabriel,Bryant,Canada,1,70.0,70.0
27724.0,Tyler,Martin,Canada,1,70.0,70.0
27731.0,Gabriel,Shan,Canada,1,70.0,70.0
27739.0,Marie,Moreno,Canada,1,70.0,70.0
27756.0,Angela,Ward,Canada,1,70.0,70.0
27758.0,Sara,Cox,Canada,1,70.0,70.0
28025.0,Mya,Russell,Canada,1,70.0,70.0
28034.0,Gabriella,Stewart,Canada,1,70.0,70.0
28035.0,Gabriella,Green,Canada,1,70.0,70.0
28046.0,Michelle,Reed,Canada,1,70.0,70.0
28342.0,Brianna,Murphy,Canada,1,70.0,70.0
28442.0,Phillip,Prasad,France,1,70.0,70.0
28447.0,Dalton,Walker,France,1,70.0,70.0
28452.0,Alexandra,Young,France,1,70.0,70.0
28456.0,Todd,Xu,France,1,70.0,70.0
28457.0,Bruce,Gonzalez,France,1,70.0,70.0
28462.0,Kendra,Serrano,France,1,70.0,70.0
28464.0,Eddie,Hernandez,France,1,70.0,70.0
28496.0,Adam,Shan,France,1,70.0,70.0
28551.0,Warren,Xu,France,1,70.0,70.0
28567.0,Ann,Kapoor,France,1,70.0,70.0
28575.0,Linda,Gutierrez,Canada,1,70.0,70.0
28589.0,John,Walker,Canada,1,70.0,70.0
28640.0,Bryce,Cook,Canada,1,70.0,70.0
28737.0,Eugene,Lin,France,1,70.0,70.0
28759.0,Melissa,Rivera,United Kingdom,3,70.0,23.333333333333332
28767.0,Gilbert,Hu,Canada,1,70.0,70.0
28771.0,Katherine,Russell,Canada,1,70.0,70.0
28817.0,James,Lee,Canada,1,70.0,70.0
28941.0,Deanna,Moreno,Australia,3,70.0,23.333333333333332
28964.0,Trevor,Foster,Canada,1,70.0,70.0
29005.0,Cameron,Gonzales,Canada,1,70.0,70.0
29021.0,William,Clark,Canada,1,70.0,70.0
29037.0,Brandon,Lewis,Canada,1,70.0,70.0
29071.0,Megan,Thomas,Canada,1,70.0,70.0
29119.0,Lee,Oliver,Australia,3,70.0,23.333333333333332
29121.0,Julie,Luo,Australia,3,70.0,23.333333333333332
29124.0,Angel,Edwards,Canada,1,70.0,70.0
29188.0,Colin,Kumar,Australia,3,70.0,23.333333333333332
29312.0,Colleen,She,Australia,3,70.0,23.333333333333332
11374.0,Jimmy,Ortega,Germany,3,69.0,23.0
11386.0,Jaclyn,Cai,Germany,3,69.0,23.0
11389.0,Karl,Shan,Germany,3,69.0,23.0
11475.0,Cesar,Subram,United Kingdom,4,69.0,17.25
12036.0,Summer,Lopez,Australia,5,69.0,13.8
12400.0,Andy,Martin,Germany,3,69.0,23.0
12555.0,Edgar,Malhotra,France,3,69.0,23.0
12663.0,Morgan,Adams,France,3,69.0,23.0
12723.0,Kurt,Jai,France,3,69.0,23.0
13676.0,George,Kapoor,United Kingdom,4,69.0,17.25
13775.0,Patricia,Subram,Germany,3,69.0,23.0
14536.0,Krystal,Wu,France,2,69.0,34.5
15119.0,Johnny,Tang,United Kingdom,4,69.0,17.25
15212.0,Marcus,Henderson,Australia,4,69.0,17.25
15286.0,Thomas,Nelson,United States,2,69.0,34.5
15633.0,Ashlee,Shan,Germany,2,69.0,34.5
15958.0,Nicole,Ross,United States,2,69.0,34.5
16044.0,Connie,Rai,Germany,2,69.0,34.5
16632.0,Ruben,Romero,Australia,4,69.0,17.25
16681.0,Louis,Chande,Australia,4,69.0,17.25
16986.0,Sara,Adams,United States,2,69.0,34.5
17084.0,Byron,Serrano,France,3,69.0,23.0
17172.0,Jesse,Adams,United States,2,69.0,34.5
17180.0,Timothy,Rogers,United States,3,69.0,23.0
17367.0,Trinity,Cooper,United States,2,69.0,34.5
17394.0,Veronica,Mehta,United States,2,69.0,34.5
17466.0,Thomas,Perez,United States,2,69.0,34.5
17507.0,Alexis,Robinson,United States,3,69.0,23.0
17570.0,Carlos,Sanchez,United States,3,69.0,23.0
17682.0,Anna,Ramirez,United States,2,69.0,34.5
17698.0,Xavier,Butler,United States,3,69.0,23.0
18071.0,Katelyn,Campbell,United States,2,69.0,34.5
18094.0,Roy,Alonso,United States,2,69.0,34.5
18359.0,Alexandria,Bryant,United States,2,69.0,34.5
18454.0,George,Perez,United States,2,69.0,34.5
19641.0,Richard,Evans,United States,2,69.0,34.5
20098.0,Alexis,Lewis,United States,2,69.0,34.5
20105.0,Alexis,Taylor,United States,3,69.0,23.0
20309.0,Cristina,Sharma,Australia,2,69.0,34.5
20398.0,Jordan,Collins,United States,3,69.0,23.0
20411.0,Cole,James,United States,3,69.0,23.0
20477.0,Brandon,Washington,United States,3,69.0,23.0
20500.0,Morgan,Butler,Canada,2,69.0,34.5
20506.0,Paige,Bradley,United States,3,69.0,23.0
20524.0,Angelica,Jenkins,United States,3,69.0,23.0
20538.0,Hailey,Bennett,,3,69.0,23.0
20633.0,Luke,Collins,,3,69.0,23.0
20688.0,Steven,Ramirez,,3,69.0,23.0
20705.0,Kevin,Roberts,,3,69.0,23.0
20730.0,Aaron,Shan,United Kingdom,3,69.0,23.0
20958.0,Gerald,Alonso,Germany,2,69.0,34.5
20981.0,Craig,Romero,Germany,2,69.0,34.5
21058.0,Meredith,Suri,France,4,69.0,17.25
21098.0,Steve,Ma,France,4,69.0,17.25
21164.0,Troy,Raman,,3,69.0,23.0
21262.0,Sara,Edwards,,3,69.0,23.0
21286.0,Luke,Roy,,3,69.0,23.0
21303.0,Sydney,Jenkins,,3,69.0,23.0
21316.0,John,Thompson,,3,69.0,23.0
21324.0,Chloe,Baker,,3,69.0,23.0
21433.0,Gerald,Martinez,,3,69.0,23.0
21493.0,Carson,Coleman,,3,69.0,23.0
21616.0,Carson,Wood,United States,3,69.0,23.0
21625.0,Jennifer,Hall,United States,3,69.0,23.0
21696.0,Gabrielle,Watson,United States,3,69.0,23.0
21712.0,Megan,Ross,United States,3,69.0,23.0
21750.0,Carlos,Reed,United States,3,69.0,23.0
21837.0,Megan,Alexander,Germany,2,69.0,34.5
21918.0,Carol,Serrano,United States,3,69.0,23.0
22011.0,Richard,Patterson,United States,3,69.0,23.0
22338.0,Thomas,Russell,United States,3,69.0,23.0
22342.0,Jon,Lal,United States,3,69.0,23.0
22388.0,Bradley,Beck,United Kingdom,2,69.0,34.5
22661.0,Tracy,Shan,France,3,69.0,23.0
22696.0,Kari,Vazquez,France,3,69.0,23.0
22698.0,Bradley,Andersen,France,3,69.0,23.0
22703.0,Melvin,Raji,France,3,69.0,23.0
22870.0,Barbara,Chen,France,3,69.0,23.0
22922.0,Heidi,Martinez,Australia,3,69.0,23.0
23237.0,Caleb,Young,Germany,3,69.0,23.0
23275.0,Miguel,Jackson,United States,3,69.0,23.0
23439.0,Ramon,Hu,Australia,3,69.0,23.0
23754.0,Cassie,Goel,France,3,69.0,23.0
23761.0,Tonya,Pal,France,3,69.0,23.0
23766.0,Cassandra,Martinez,Germany,3,69.0,23.0
23803.0,Bernard,Thames,Canada,2,69.0,34.5
23918.0,Kendra,Navarro,France,3,69.0,23.0
23931.0,Reginald,Ruiz,France,3,69.0,23.0
23948.0,Katelyn,Rivera,United Kingdom,2,69.0,34.5
23963.0,Gerald,Jimenez,France,3,69.0,23.0
23972.0,Clarence,Liang,France,3,69.0,23.0
23980.0,Sergio,Garcia,France,3,69.0,23.0
24012.0,James,Lewis,France,3,69.0,23.0
24073.0,Grace,Taylor,United Kingdom,2,69.0,34.5
24075.0,Peter,Saddow,France,3,69.0,23.0
24322.0,Alexandra,Evans,Canada,2,69.0,34.5
24589.0,Laura,Zhao,Australia,3,69.0,23.0
24627.0,Eric,Edwards,Canada,2,69.0,34.5
24719.0,Susan,Zheng,Germany,3,69.0,23.0
24845.0,Tyrone,Jimenez,France,4,69.0,17.25
25070.0,Melody,Alvarez,Canada,2,69.0,34.5
25101.0,Wyatt,Baker,Canada,2,69.0,34.5
25125.0,Randy,Wang,Australia,2,69.0,34.5
25302.0,Manuel,Mehta,Germany,4,69.0,17.25
25688.0,Patrick,Morris,France,3,69.0,23.0
25697.0,Miguel,Harris,France,3,69.0,23.0
25698.0,Ariana,Murphy,France,3,69.0,23.0
25790.0,Cameron,Patterson,France,4,69.0,17.25
26128.0,Samuel,Phillips,United States,3,69.0,23.0
26248.0,Thomas,Lewis,United States,3,69.0,23.0
26251.0,Cedric,Huang,United States,3,69.0,23.0
26259.0,Hunter,Bryant,United States,3,69.0,23.0
26262.0,Hannah,Thompson,United States,3,69.0,23.0
26391.0,Dominique,Arun,France,3,69.0,23.0
26415.0,Latoya,Lal,Germany,3,69.0,23.0
26553.0,Kayla,Powell,United States,3,69.0,23.0
26554.0,Michael,Garcia,United States,3,69.0,23.0
26573.0,Samantha,Clark,United States,3,69.0,23.0
26577.0,Cindy,Edwards,United States,3,69.0,23.0
26580.0,Paige,Ramirez,United States,3,69.0,23.0
26597.0,Madison,Lewis,United States,3,69.0,23.0
26674.0,Ashley,Jackson,United States,3,69.0,23.0
26675.0,Natalie,King,United States,3,69.0,23.0
26696.0,Robyn,Suarez,United States,3,69.0,23.0
26702.0,Cynthia,Arun,United States,3,69.0,23.0
26709.0,Mary,King,United States,3,69.0,23.0
26715.0,Gabriella,Bell,United States,3,69.0,23.0
26716.0,Megan,Smith,Canada,3,69.0,23.0
26720.0,Seth,Watson,United States,3,69.0,23.0
26737.0,Katherine,Young,United States,3,69.0,23.0
26777.0,Andrew,Clark,United States,3,69.0,23.0
26800.0,Lauren,Lewis,United States,3,69.0,23.0
26807.0,Angel,Hall,United States,3,69.0,23.0
26819.0,Devin,Mitchell,Germany,4,69.0,17.25
26835.0,Kyle,Turner,France,3,69.0,23.0
26883.0,Shelby,Bradley,France,3,69.0,23.0
26943.0,Ashlee,Xie,France,3,69.0,23.0
27015.0,Jessica,Torres,United States,3,69.0,23.0
27042.0,Noah,Roberts,Canada,2,69.0,34.5
27065.0,Jordan,Wright,United States,3,69.0,23.0
27070.0,Nathan,Davis,United States,3,69.0,23.0
27098.0,Sarah,Wilson,United States,3,69.0,23.0
27155.0,Eric,Hall,France,3,69.0,23.0
27196.0,Lauren,Robinson,Canada,2,69.0,34.5
27238.0,Jesse,Hernandez,United States,3,69.0,23.0
27247.0,Blake,Hughes,United States,3,69.0,23.0
27301.0,Clarence,Zhou,United States,3,69.0,23.0
27307.0,Andre,Prasad,Germany,3,69.0,23.0
27310.0,Isabella,Hill,Germany,3,69.0,23.0
27314.0,Jarrod,Arthur,Germany,3,69.0,23.0
27315.0,James,Mitchell,Germany,3,69.0,23.0
27328.0,Edgar,Srini,France,3,69.0,23.0
27381.0,Miguel,Sanz,United States,3,69.0,23.0
27383.0,Jay,Hernandez,United States,3,69.0,23.0
27385.0,Jonathon,Ramos,United States,3,69.0,23.0
27412.0,Miguel,Price,United States,3,69.0,23.0
27458.0,Roger,Liang,United States,3,69.0,23.0
27579.0,Bruce,Suarez,United States,3,69.0,23.0
27618.0,Melanie,Diaz,United States,3,69.0,23.0
27637.0,Gabrielle,Cook,United States,3,69.0,23.0
27787.0,Gerald,Ramos,Germany,4,69.0,17.25
28053.0,Jared,Howard,United States,3,69.0,23.0
28348.0,Nichole,Jai,Australia,2,69.0,34.5
28374.0,Ruben,Vance,Germany,3,69.0,23.0
28450.0,Nelson,Martin,Germany,3,69.0,23.0
28465.0,Wendy,Serrano,Germany,3,69.0,23.0
28558.0,Dawn,Stone,Germany,3,69.0,23.0
28754.0,Chad,Nara,Germany,3,69.0,23.0
28898.0,Melanie,Patterson,United Kingdom,4,69.0,17.25
28945.0,Rafael,Lal,Australia,3,69.0,23.0
29213.0,Jodi,Luo,Canada,2,69.0,34.5
29240.0,Madeline,Allen,Canada,3,69.0,23.0
29406.0,Melissa,Ward,Germany,3,69.0,23.0
29435.0,Stanley,Rodriguez,Germany,3,69.0,23.0
29441.0,Adriana,Patel,Germany,3,69.0,23.0
11184.0,Meghan,Hernandez,United States,5,68.0,13.6
11348.0,Shawn,Rai,Germany,3,68.0,22.666666666666668
11349.0,Mindy,Luo,Germany,3,68.0,22.666666666666668
12344.0,Dominique,Perez,Australia,6,68.0,11.333333333333334
12345.0,Alison,Raje,Australia,6,68.0,11.333333333333334
12836.0,Rodney,Munoz,United Kingdom,4,68.0,17.0
14463.0,Julia,Patterson,United States,3,68.0,22.666666666666668
14488.0,Connor,Hughes,United States,3,68.0,22.666666666666668
15375.0,Alisha,Chande,United States,3,68.0,22.666666666666668
15823.0,Sharon,Tang,Australia,4,68.0,17.0
16610.0,Sydney,Clark,Australia,3,68.0,22.666666666666668
16699.0,Dominic,Kapoor,Australia,3,68.0,22.666666666666668
16760.0,Sydney,Alexander,United States,3,68.0,22.666666666666668
16795.0,Regina,Garcia,United States,3,68.0,22.666666666666668
16954.0,Fernando,Davis,United States,3,68.0,22.666666666666668
16975.0,Benjamin,Lee,United States,3,68.0,22.666666666666668
17273.0,Jonathon,Torres,United States,3,68.0,22.666666666666668
17276.0,Elijah,Jenkins,United States,3,68.0,22.666666666666668
17435.0,Edward,Mitchell,United States,3,68.0,22.666666666666668
17695.0,Hunter,Washington,United States,3,68.0,22.666666666666668
17699.0,Jesse,Bell,United States,3,68.0,22.666666666666668
17863.0,Bailey,Cooper,United States,3,68.0,22.666666666666668
18076.0,Andre,Mehta,United States,3,68.0,22.666666666666668
18082.0,Steven,Sanchez,United States,3,68.0,22.666666666666668
18341.0,Russell,Goel,United States,3,68.0,22.666666666666668
18665.0,Olivia,Brooks,United States,3,68.0,22.666666666666668
18776.0,Connor,Allen,United States,3,68.0,22.666666666666668
19281.0,Mallory,Carlson,France,3,68.0,22.666666666666668
19608.0,Harold,Prasad,Australia,5,68.0,13.6
19676.0,Diana,Gutierrez,Australia,3,68.0,22.666666666666668
19761.0,Alan,Lu,Australia,3,68.0,22.666666666666668
20101.0,Devin,Hayes,United States,3,68.0,22.666666666666668
20314.0,Russell,Deng,Australia,3,68.0,22.666666666666668
20417.0,Bruce,Vazquez,Australia,3,68.0,22.666666666666668
20918.0,Neil,Ramos,France,2,68.0,34.0
20925.0,Kristin,Xu,France,2,68.0,34.0
22383.0,Devin,Jenkins,United Kingdom,3,68.0,22.666666666666668
22492.0,Jorge,She,Germany,3,68.0,22.666666666666668
22551.0,Andy,Rubio,Germany,2,68.0,34.0
22795.0,Tara,Yuan,France,3,68.0,22.666666666666668
23094.0,Carolyn,Gill,Australia,3,68.0,22.666666666666668
23307.0,Meredith,Ramos,Australia,3,68.0,22.666666666666668
23595.0,Carrie,Rubio,France,3,68.0,22.666666666666668
23797.0,Nathan,Perez,United States,2,68.0,34.0
23798.0,Julia,Kelly,Canada,3,68.0,22.666666666666668
23956.0,Morgan,Coleman,Germany,2,68.0,34.0
24220.0,Hunter,Edwards,Canada,3,68.0,22.666666666666668
24370.0,Nathan,West,Australia,3,68.0,22.666666666666668
24450.0,Isabel,Long,United States,2,68.0,34.0
24531.0,Andres,Xie,Germany,2,68.0,34.0
24714.0,Whitney,Rodriguez,United Kingdom,3,68.0,22.666666666666668
24975.0,Julia,James,Canada,3,68.0,22.666666666666668
25090.0,Ivan,Sara,Canada,3,68.0,22.666666666666668
25182.0,Natalie,Simmons,United States,2,68.0,34.0
25256.0,Eric,Hill,Canada,3,68.0,22.666666666666668
25293.0,Eric,Gonzales,United States,2,68.0,34.0
25304.0,Ruben,Carlson,United Kingdom,2,68.0,34.0
26185.0,Kaylee,Green,Canada,3,68.0,22.666666666666668
26242.0,Isabella,Lewis,Canada,3,68.0,22.666666666666668
26409.0,Christy,Goel,United Kingdom,2,68.0,34.0
26810.0,Melanie,Stewart,Canada,3,68.0,22.666666666666668
26906.0,Darrell,Rai,United Kingdom,2,68.0,34.0
27168.0,Donald,Madan,United Kingdom,2,68.0,34.0
27219.0,Benjamin,Yang,United States,2,68.0,34.0
27728.0,Colleen,Deng,Australia,2,68.0,34.0
27972.0,Leonard,Smith,Australia,3,68.0,22.666666666666668
27996.0,Angela,Alexander,United States,3,68.0,22.666666666666668
28052.0,Franklin,Li,United States,3,68.0,22.666666666666668
28384.0,Tamara,Xie,France,2,68.0,34.0
28570.0,Jenna,Turner,United Kingdom,2,68.0,34.0
28718.0,Cassandra,Raman,Australia,3,68.0,22.666666666666668
29002.0,Hannah,Walker,United States,3,68.0,22.666666666666668
29074.0,Joan,Long,United States,2,68.0,34.0
29075.0,Jack,Wright,United States,2,68.0,34.0
29164.0,Jennifer,James,United States,2,68.0,34.0
12403.0,Henry,Young,United Kingdom,3,67.0,22.333333333333332
12568.0,Stacey,Ye,United Kingdom,4,67.0,16.75
12590.0,Mario,Chander,United Kingdom,4,67.0,16.75
12611.0,Manuel,Sara,United Kingdom,4,67.0,16.75
13301.0,Angela,Stewart,United States,3,67.0,22.333333333333332
13523.0,Adrienne,Ruiz,Australia,4,67.0,16.75
13901.0,Oscar,Foster,United States,3,67.0,22.333333333333332
14782.0,Michael,Lewis,Germany,3,67.0,22.333333333333332
14786.0,Tristan,Jenkins,Germany,3,67.0,22.333333333333332
14860.0,Arturo,Chande,Australia,4,67.0,16.75
15810.0,Regina,Kapoor,Australia,4,67.0,16.75
16443.0,Dawn,Gao,United Kingdom,4,67.0,16.75
16606.0,Ricky,Blanco,Australia,4,67.0,16.75
16682.0,Kristy,Ramos,Australia,3,67.0,22.333333333333332
17224.0,Mandy,Li,Germany,3,67.0,22.333333333333332
17785.0,Pedro,Chapman,United Kingdom,4,67.0,16.75
18743.0,Glenn,Xu,Australia,4,67.0,16.75
22706.0,Andy,Ruth,Germany,3,67.0,22.333333333333332
23002.0,Arthur,Hernandez,United States,5,67.0,13.4
25676.0,Mackenzie,Scott,United Kingdom,3,67.0,22.333333333333332
25692.0,Kelvin,Yuan,United Kingdom,3,67.0,22.333333333333332
26194.0,Miguel,Brown,United States,5,67.0,13.4
27466.0,Abigail,Murphy,United States,3,67.0,22.333333333333332
12045.0,Luis,Russell,United States,3,66.0,22.0
12324.0,Dale,Lal,Germany,4,66.0,16.5
13289.0,Alexandria,Coleman,Canada,6,66.0,11.0
13303.0,Jonathan,Martinez,Canada,6,66.0,11.0
13331.0,Lauren,Diaz,United States,3,66.0,22.0
13659.0,Clayton,Shan,United States,3,66.0,22.0
13996.0,Marie,Perez,Australia,4,66.0,16.5
14035.0,Hunter,Hughes,United States,3,66.0,22.0
14086.0,Maurice,Chander,Australia,6,66.0,11.0
14408.0,Jasmine,Cook,United States,3,66.0,22.0
15237.0,Devon,Lal,Australia,4,66.0,16.5
15583.0,Lindsey,Xu,Australia,4,66.0,16.5
15594.0,Joanna,Carlson,Australia,4,66.0,16.5
15604.0,Clifford,Prasad,Australia,5,66.0,13.2
15803.0,Bradley,Goel,Australia,4,66.0,16.5
16055.0,Ryan,Lee,Germany,5,66.0,13.2
16605.0,Toni,Randall,Australia,4,66.0,16.5
18154.0,Calvin,She,Germany,5,66.0,13.2
18206.0,Bruce,Madan,Australia,3,66.0,22.0
18211.0,Jaclyn,Sun,Australia,3,66.0,22.0
19014.0,Jonathan,Hernandez,Canada,4,66.0,16.5
19150.0,Maria,Bailey,Canada,4,66.0,16.5
20104.0,Louis,Xu,Canada,6,66.0,11.0
22076.0,Nelson,Vazquez,United States,4,66.0,16.5
22743.0,Kaylee,Murphy,United States,4,66.0,16.5
23349.0,Lauren,Johnson,United States,4,66.0,16.5
11953.0,Courtney,Wright,United States,6,65.0,10.833333333333334
11972.0,Katherine,Williams,United States,6,65.0,10.833333333333334
12601.0,Randy,Zhang,United Kingdom,6,65.0,10.833333333333334
12730.0,Karla,Becker,United Kingdom,6,65.0,10.833333333333334
13046.0,Jonathan,Rodriguez,Australia,3,65.0,21.666666666666668
13149.0,Linda,Ferrier,Australia,3,65.0,21.666666666666668
13995.0,Michele,Black,Australia,3,65.0,21.666666666666668
15445.0,Bob,Lopez,France,3,65.0,21.666666666666668
15658.0,Victoria,Rogers,France,3,65.0,21.666666666666668
15673.0,Jon,Goel,France,3,65.0,21.666666666666668
15679.0,Robert,Patterson,France,3,65.0,21.666666666666668
16040.0,Casey,Gill,France,3,65.0,21.666666666666668
16041.0,Pedro,Raman,France,3,65.0,21.666666666666668
16186.0,Bethany,Raji,France,3,65.0,21.666666666666668
16397.0,Andy,Navarro,Germany,3,65.0,21.666666666666668
16456.0,Larry,Navarro,Germany,3,65.0,21.666666666666668
16627.0,Claudia,Chen,Australia,3,65.0,21.666666666666668
16667.0,Allison,Sanchez,Canada,6,65.0,10.833333333333334
16941.0,Amy,Yang,Germany,3,65.0,21.666666666666668
17089.0,Crystal,Zhu,Germany,3,65.0,21.666666666666668
17090.0,Leslie,Alvarez,Germany,3,65.0,21.666666666666668
17788.0,Jeffery,Liu,Germany,3,65.0,21.666666666666668
17791.0,Sydney,Davis,Germany,3,65.0,21.666666666666668
17797.0,Ebony,Martinez,Germany,3,65.0,21.666666666666668
17806.0,Omar,Kumar,Germany,3,65.0,21.666666666666668
17854.0,Shannon,Gomez,Germany,3,65.0,21.666666666666668
17887.0,Joel,Madan,United Kingdom,3,65.0,21.666666666666668
17936.0,Tonya,Deng,United Kingdom,3,65.0,21.666666666666668
18030.0,Victor,Torres,United Kingdom,3,65.0,21.666666666666668
18048.0,Alisha,Sun,United Kingdom,3,65.0,21.666666666666668
18090.0,Lucas,Smith,Canada,4,65.0,16.25
18265.0,Trisha,Cai,Australia,2,65.0,32.5
18267.0,Brad,Jai,Australia,2,65.0,32.5
18300.0,Diane,Ramos,Australia,3,65.0,21.666666666666668
18622.0,Byron,Rubio,United Kingdom,3,65.0,21.666666666666668
19042.0,Ronnie,Cai,Germany,3,65.0,21.666666666666668
19061.0,Heather,Gao,France,3,65.0,21.666666666666668
19063.0,Gabrielle,Kelly,France,3,65.0,21.666666666666668
19068.0,Alma,Son,Germany,3,65.0,21.666666666666668
19075.0,Brent,Wu,France,3,65.0,21.666666666666668
19106.0,Terrance,Sai,Australia,4,65.0,16.25
20063.0,Kristy,Ortega,France,3,65.0,21.666666666666668
20369.0,Trevor,Barnes,United States,3,65.0,21.666666666666668
20501.0,Morgan,Nelson,United States,2,65.0,32.5
20502.0,John,Harris,United States,2,65.0,32.5
20505.0,Alexa,Cox,United States,3,65.0,21.666666666666668
20531.0,James,Young,,3,65.0,21.666666666666668
20551.0,Daisy,Blanco,United Kingdom,3,65.0,21.666666666666668
20557.0,Lindsay,Lal,United Kingdom,3,65.0,21.666666666666668
20565.0,Tasha,Yuan,United Kingdom,3,65.0,21.666666666666668
21419.0,Gilbert,Ma,,3,65.0,21.666666666666668
21468.0,Ethan,Yang,,2,65.0,32.5
21633.0,Cameron,Zhang,United States,2,65.0,32.5
21714.0,Carmen,Patel,United States,3,65.0,21.666666666666668
21800.0,Heidi,Raman,United States,3,65.0,21.666666666666668
21908.0,Isabel,Hayes,United States,3,65.0,21.666666666666668
23250.0,Ashley,Lee,United States,2,65.0,32.5
24747.0,Dakota,Powell,United States,3,65.0,21.666666666666668
24749.0,Marshall,Guo,United States,3,65.0,21.666666666666668
24926.0,Eric,Roberts,United States,3,65.0,21.666666666666668
24929.0,Lucas,Bailey,United States,3,65.0,21.666666666666668
24930.0,Abigail,Lewis,United States,3,65.0,21.666666666666668
25005.0,Brianna,Williams,United States,3,65.0,21.666666666666668
25341.0,Kaitlyn,Cook,United States,3,65.0,21.666666666666668
25348.0,Angela,Wood,United States,3,65.0,21.666666666666668
25838.0,Makayla,Reed,United States,3,65.0,21.666666666666668
25841.0,Lindsey,Becker,United States,3,65.0,21.666666666666668
25846.0,Faith,Bailey,United States,3,65.0,21.666666666666668
25859.0,Mackenzie,Peterson,United States,3,65.0,21.666666666666668
25862.0,Jared,Bell,United States,3,65.0,21.666666666666668
25871.0,Jason,Nelson,United States,3,65.0,21.666666666666668
25882.0,Edward,Roberts,United States,3,65.0,21.666666666666668
25902.0,Cameron,Li,United States,3,65.0,21.666666666666668
25934.0,Luke,King,United States,3,65.0,21.666666666666668
25988.0,Victor,Muñoz,United States,3,65.0,21.666666666666668
26047.0,Ashley,Hall,United States,3,65.0,21.666666666666668
26067.0,Erin,Morgan,United States,3,65.0,21.666666666666668
26078.0,Alberto,Dominguez,United States,3,65.0,21.666666666666668
26079.0,Ryan,Robinson,United States,3,65.0,21.666666666666668
26081.0,Edward,Green,United States,3,65.0,21.666666666666668
26087.0,Ashley,Price,United States,3,65.0,21.666666666666668
26092.0,Devin,Morgan,United States,3,65.0,21.666666666666668
26109.0,Dalton,Rodriguez,United States,3,65.0,21.666666666666668
26119.0,Danielle,Gray,United States,3,65.0,21.666666666666668
26122.0,Lauren,Gonzales,United States,3,65.0,21.666666666666668
26123.0,Isabella,Scott,United States,3,65.0,21.666666666666668
26124.0,Riley,James,United States,3,65.0,21.666666666666668
26197.0,Marcus,Lopez,United States,3,65.0,21.666666666666668
26340.0,Melissa,Morris,United States,3,65.0,21.666666666666668
26346.0,Emmanuel,Suri,United States,3,65.0,21.666666666666668
26459.0,Angelica,Hayes,United States,3,65.0,21.666666666666668
26469.0,Joy,Alvarez,United States,3,65.0,21.666666666666668
26493.0,Lawrence,Ramos,United States,3,65.0,21.666666666666668
26497.0,Karen,Sanchez,United States,3,65.0,21.666666666666668
26506.0,Ruth,Srini,United States,3,65.0,21.666666666666668
26535.0,Kelly,Perry,United States,3,65.0,21.666666666666668
26688.0,Brittney,Xu,United States,3,65.0,21.666666666666668
11231.0,Dennis,Zhang,United States,4,64.0,16.0
12326.0,Glenn,Zhou,United Kingdom,2,64.0,32.0
14008.0,Karen,Liu,Australia,3,64.0,21.333333333333332
14009.0,Brandy,Prasad,Australia,3,64.0,21.333333333333332
14018.0,Nina,Rai,Australia,4,64.0,16.0
14405.0,Dylan,Walker,United States,3,64.0,21.333333333333332
14407.0,Thomas,Bryant,United States,3,64.0,21.333333333333332
14469.0,Angela,Bell,United States,3,64.0,21.333333333333332
14500.0,Jasmine,Ward,United States,3,64.0,21.333333333333332
14623.0,Benjamin,Li,United States,3,64.0,21.333333333333332
14718.0,Gregory,Raji,Germany,3,64.0,21.333333333333332
14743.0,Nathan,Turner,United States,3,64.0,21.333333333333332
14812.0,Hunter,Henderson,United Kingdom,3,64.0,21.333333333333332
14815.0,Isabella,Gonzales,United Kingdom,3,64.0,21.333333333333332
14816.0,Katherine,Lewis,United Kingdom,3,64.0,21.333333333333332
14817.0,Anna,Washington,United Kingdom,3,64.0,21.333333333333332
14917.0,Adrian,Morgan,United States,3,64.0,21.333333333333332
14962.0,Justin,Jai,Germany,3,64.0,21.333333333333332
15141.0,Sandra,Zheng,Australia,3,64.0,21.333333333333332
15149.0,Natalie,Morgan,Australia,3,64.0,21.333333333333332
15248.0,Richard,Harris,United States,3,64.0,21.333333333333332
15272.0,Kyle,Gonzales,United States,3,64.0,21.333333333333332
15539.0,Raul,Goel,United States,3,64.0,21.333333333333332
15602.0,Warren,Wu,Australia,3,64.0,21.333333333333332
15628.0,Brianna,Sandberg,Germany,3,64.0,21.333333333333332
15718.0,Heather,Lin,Australia,3,64.0,21.333333333333332
15728.0,Keith,Sharma,Australia,3,64.0,21.333333333333332
15773.0,Dylan,Jenkins,United States,3,64.0,21.333333333333332
15817.0,Chloe,Alexander,United States,3,64.0,21.333333333333332
16073.0,Miranda,Bryant,United States,3,64.0,21.333333333333332
16152.0,Katherine,Evans,United States,3,64.0,21.333333333333332
16258.0,Deanna,Malhotra,France,3,64.0,21.333333333333332
16266.0,Alisha,Yang,France,3,64.0,21.333333333333332
16281.0,Gilbert,Luo,France,3,64.0,21.333333333333332
16282.0,Kristine,Suarez,United Kingdom,4,64.0,16.0
16283.0,Clayton,Raji,France,3,64.0,21.333333333333332
16312.0,Bethany,Beck,France,3,64.0,21.333333333333332
16336.0,Jonathan,Wright,United States,3,64.0,21.333333333333332
16385.0,James,Perez,United States,3,64.0,21.333333333333332
16395.0,Tara,Pal,France,3,64.0,21.333333333333332
16468.0,Orlando,Dominguez,France,3,64.0,21.333333333333332
16469.0,Michele,Tang,France,3,64.0,21.333333333333332
16714.0,Dalton,Nicholls,United States,3,64.0,21.333333333333332
16746.0,Brianna,Peterson,United States,3,64.0,21.333333333333332
16781.0,Dylan,Chen,United States,3,64.0,21.333333333333332
16863.0,Kaitlyn,Clark,United States,3,64.0,21.333333333333332
16918.0,Alexandria,Cox,United States,3,64.0,21.333333333333332
16936.0,Alice,Serventi,France,3,64.0,21.333333333333332
16971.0,Alexia,Bryant,United States,3,64.0,21.333333333333332
17349.0,Cassie,Kennedy,United States,3,64.0,21.333333333333332
17448.0,Zachary,Hayes,United States,3,64.0,21.333333333333332
17483.0,Logan,Gonzalez,Canada,5,64.0,12.8
17569.0,Mya,Price,United States,3,64.0,21.333333333333332
17935.0,Misty,Jai,Germany,3,64.0,21.333333333333332
17955.0,Ronnie,Zhao,Germany,3,64.0,21.333333333333332
18003.0,Edwin,Chande,Germany,3,64.0,21.333333333333332
18022.0,Victor,Alvarez,Germany,3,64.0,21.333333333333332
18034.0,Ethan,Robinson,Germany,3,64.0,21.333333333333332
18035.0,Karen,Zhang,Germany,3,64.0,21.333333333333332
18062.0,Dylan,Anderson,United States,3,64.0,21.333333333333332
18101.0,Bailey,Turner,United States,3,64.0,21.333333333333332
18112.0,Sophia,Gonzalez,United States,3,64.0,21.333333333333332
18192.0,Max,Hernandez,Australia,3,64.0,21.333333333333332
18455.0,Alejandro,Wu,United States,3,64.0,21.333333333333332
18550.0,Julia,Griffin,United States,3,64.0,21.333333333333332
18911.0,Elijah,McDonald,United States,3,64.0,21.333333333333332
19103.0,Johnathan,Raman,Australia,4,64.0,16.0
19176.0,Ebony,Vazquez,Germany,3,64.0,21.333333333333332
19249.0,Chad,Andersen,Germany,3,64.0,21.333333333333332
19279.0,Omar,Xu,United Kingdom,3,64.0,21.333333333333332
19334.0,Katherine,Baker,United Kingdom,3,64.0,21.333333333333332
19369.0,Clifford,Suri,United Kingdom,3,64.0,21.333333333333332
19430.0,Sharon,Goel,United Kingdom,3,64.0,21.333333333333332
19445.0,Emma,Thompson,United Kingdom,3,64.0,21.333333333333332
19466.0,Morgan,Lopez,United Kingdom,3,64.0,21.333333333333332
19522.0,Christian,Powell,United Kingdom,3,64.0,21.333333333333332
19639.0,Victor,Gill,United States,3,64.0,21.333333333333332
19726.0,Javier,Rubio,Canada,5,64.0,12.8
19909.0,Geoffrey,Chandra,Germany,3,64.0,21.333333333333332
19921.0,Cara,Cai,Germany,3,64.0,21.333333333333332
19929.0,Dale,Chander,France,3,64.0,21.333333333333332
20528.0,Mason,Adams,Canada,3,64.0,21.333333333333332
20679.0,Dakota,Jenkins,Canada,3,64.0,21.333333333333332
20725.0,Linda,Romero,United Kingdom,3,64.0,21.333333333333332
20800.0,Connor,Jenkins,United Kingdom,3,64.0,21.333333333333332
20813.0,Michael,Rothkugel,Australia,3,64.0,21.333333333333332
21213.0,Peter,Black,Australia,4,64.0,16.0
21759.0,Jennifer,Moore,Canada,3,64.0,21.333333333333332
21815.0,Gabrielle,Green,Canada,3,64.0,21.333333333333332
21829.0,Carolyn,Rana,United Kingdom,3,64.0,21.333333333333332
22944.0,Jodi,Lal,Australia,3,64.0,21.333333333333332
22956.0,Randy,Guo,Australia,3,64.0,21.333333333333332
23010.0,Seth,Cook,Canada,3,64.0,21.333333333333332
23513.0,Erin,Kelly,Canada,3,64.0,21.333333333333332
23559.0,Jocelyn,Patterson,Canada,3,64.0,21.333333333333332
23641.0,Megan,Morris,Australia,3,64.0,21.333333333333332
23879.0,Amber,Gonzalez,Canada,3,64.0,21.333333333333332
24469.0,Roger,Andersen,Australia,3,64.0,21.333333333333332
25124.0,Keith,Xu,Australia,3,64.0,21.333333333333332
25850.0,Jared,Sanchez,Canada,3,64.0,21.333333333333332
26085.0,Ian,Powell,Canada,3,64.0,21.333333333333332
26682.0,Richard,Diaz,Canada,3,64.0,21.333333333333332
26699.0,Joan,Coleman,Canada,3,64.0,21.333333333333332
27215.0,Samantha,Hughes,Canada,3,64.0,21.333333333333332
27595.0,Jamie,Wu,Australia,3,64.0,21.333333333333332
27596.0,Edgar,Raman,Australia,3,64.0,21.333333333333332
27708.0,Katie,Goel,Australia,3,64.0,21.333333333333332
27970.0,Willie,Andersen,Australia,3,64.0,21.333333333333332
28010.0,Justin,Long,United States,3,64.0,21.333333333333332
28028.0,Elijah,Allen,United States,3,64.0,21.333333333333332
28267.0,Jordan,Young,United States,3,64.0,21.333333333333332
28276.0,Christy,Deng,United States,3,64.0,21.333333333333332
28290.0,Ian,Brooks,Canada,3,64.0,21.333333333333332
28609.0,Jose,Harris,United States,3,64.0,21.333333333333332
28682.0,Cassidy,Perry,United States,3,64.0,21.333333333333332
28796.0,Cameron,Coleman,United States,3,64.0,21.333333333333332
28806.0,Randall,Hernandez,United States,3,64.0,21.333333333333332
28811.0,Caleb,Phillips,United States,3,64.0,21.333333333333332
28863.0,Allison,Bell,United States,3,64.0,21.333333333333332
28867.0,Natalie,Martinez,United States,3,64.0,21.333333333333332
28934.0,Ricardo,Nara,Australia,3,64.0,21.333333333333332
28965.0,Trinity,Morris,United States,3,64.0,21.333333333333332
28970.0,Danielle,Peterson,United States,3,64.0,21.333333333333332
28972.0,Taylor,Bennett,United States,3,64.0,21.333333333333332
28978.0,Alexandria,Watson,United States,3,64.0,21.333333333333332
28983.0,Sean,Lopez,United States,3,64.0,21.333333333333332
28991.0,Timothy,Ward,United States,3,64.0,21.333333333333332
29014.0,Ryan,Powell,United States,3,64.0,21.333333333333332
29018.0,Drew,Luo,United States,3,64.0,21.333333333333332
29022.0,Sydney,Diaz,United States,3,64.0,21.333333333333332
29031.0,Brandon,Chen,United States,3,64.0,21.333333333333332
29077.0,Blake,Henderson,United States,3,64.0,21.333333333333332
29078.0,Victoria,Sanders,United States,3,64.0,21.333333333333332
29215.0,Abigail,Barnes,United States,3,64.0,21.333333333333332
29217.0,Alexis,Wilson,United States,3,64.0,21.333333333333332
29227.0,Levi,Patel,United States,3,64.0,21.333333333333332
29233.0,Caitlin,Sanders,United States,3,64.0,21.333333333333332
11473.0,Grace,Henderson,France,2,63.0,31.5
11921.0,Gilbert,Zhu,Australia,5,63.0,12.6
11951.0,Lacey,Huang,Australia,8,63.0,7.875
15809.0,Christian,Sharma,Australia,2,63.0,31.5
16563.0,Mackenzie,Baker,United Kingdom,5,63.0,12.6
18407.0,Maria,Griffin,Canada,4,63.0,15.75
19490.0,Kristina,Smith,France,3,63.0,21.0
19591.0,Derek,Raji,Australia,4,63.0,15.75
20084.0,Alex,Stewart,Canada,5,63.0,12.6
22707.0,Haley,Russell,Germany,3,63.0,21.0
23228.0,Candice,Guo,Germany,3,63.0,21.0
23624.0,Jillian,Malhotra,Germany,3,63.0,21.0
25912.0,Walter,Rubio,Australia,3,63.0,21.0
26213.0,Grant,Andersen,France,2,63.0,31.5
26355.0,Darren,Madan,France,2,63.0,31.5
26365.0,Phillip,Fernandez,France,2,63.0,31.5
28335.0,Rebekah,Srini,United States,2,63.0,31.5
28969.0,Eduardo,Flores,United States,2,63.0,31.5
29050.0,Jack,Russell,United States,3,63.0,21.0
29253.0,Savannah,Green,United States,3,63.0,21.0
29262.0,Cassie,Raje,United States,3,63.0,21.0
29273.0,Timothy,Lopez,United States,3,63.0,21.0
29325.0,Cameron,Thomas,United States,3,63.0,21.0
29353.0,Orlando,Gomez,United States,3,63.0,21.0
29422.0,Ian,Adams,France,2,63.0,31.5
11902.0,Drew,Pal,Australia,6,62.0,10.333333333333334
11911.0,Rachael,Kapoor,Australia,4,62.0,15.5
12015.0,Jacob,White,United States,3,62.0,20.666666666666668
12235.0,Donna,Rai,United Kingdom,4,62.0,15.5
13045.0,Anne,Gomez,Australia,3,62.0,20.666666666666668
13136.0,Virginia,Martinez,Australia,3,62.0,20.666666666666668
14014.0,Leslie,Serrano,Australia,3,62.0,20.666666666666668
14019.0,Kathleen,Romero,Australia,3,62.0,20.666666666666668
14123.0,Erick,Mehta,Australia,3,62.0,20.666666666666668
14505.0,Alex,Edwards,United States,3,62.0,20.666666666666668
14903.0,Amanda,Morgan,United States,3,62.0,20.666666666666668
15136.0,Emma,Johnson,Australia,3,62.0,20.666666666666668
15140.0,Diane,Bradley,Australia,3,62.0,20.666666666666668
15512.0,Jose,Hayes,United States,3,62.0,20.666666666666668
15541.0,Zoe,Morris,United States,3,62.0,20.666666666666668
15584.0,Christy,Raji,Australia,3,62.0,20.666666666666668
15634.0,Dalton,Kelly,United Kingdom,3,62.0,20.666666666666668
15766.0,Priscilla,Black,Australia,3,62.0,20.666666666666668
15895.0,Sophia,Parker,United States,3,62.0,20.666666666666668
15962.0,Benjamin,Winter,United States,3,62.0,20.666666666666668
16002.0,Paige,Hayes,United States,3,62.0,20.666666666666668
16036.0,Maria,Long,United Kingdom,3,62.0,20.666666666666668
16043.0,Mathew,Romero,United Kingdom,3,62.0,20.666666666666668
16130.0,Mike,Seamans,United States,3,62.0,20.666666666666668
16264.0,Jennifer,Howard,United Kingdom,3,62.0,20.666666666666668
16749.0,Aaron,Coleman,United States,3,62.0,20.666666666666668
17212.0,Jacqueline,Coleman,France,3,62.0,20.666666666666668
17304.0,Haley,Campbell,Australia,3,62.0,20.666666666666668
21573.0,Jimmy,Munoz,Australia,3,62.0,20.666666666666668
22097.0,David,Anderson,Canada,3,62.0,20.666666666666668
24595.0,Kelvin,Wu,Australia,3,62.0,20.666666666666668
24906.0,Donna,Raji,Australia,3,62.0,20.666666666666668
25814.0,Krystal,Zeng,Australia,3,62.0,20.666666666666668
26739.0,Corey,Shen,Australia,3,62.0,20.666666666666668
28292.0,Alexandra,Smith,Canada,3,62.0,20.666666666666668
11503.0,Dennis,Wu,United States,3,61.0,20.333333333333332
12370.0,Preston,Perez,Australia,6,61.0,10.166666666666666
12504.0,Arthur,Gutierrez,United Kingdom,3,61.0,20.333333333333332
13848.0,Melissa,Blue,United States,4,61.0,15.25
14698.0,Diane,Navarro,Germany,4,61.0,15.25
14825.0,Rebekah,Alonso,Germany,4,61.0,15.25
16825.0,Susan,Zeng,Germany,4,61.0,15.25
18677.0,Logan,Shan,Canada,3,61.0,20.333333333333332
19232.0,Candice,Chow,Canada,3,61.0,20.333333333333332
19582.0,Bethany,Luo,Australia,5,61.0,12.2
19617.0,Keith,Nath,Australia,5,61.0,12.2
19622.0,Roger,Yuan,Australia,5,61.0,12.2
22217.0,Dylan,Powell,Canada,4,61.0,15.25
24440.0,Jordyn,Hughes,United States,3,61.0,20.333333333333332
24510.0,Christian,Martinez,United States,3,61.0,20.333333333333332
24993.0,Marvin,Ortega,United States,3,61.0,20.333333333333332
28379.0,Edgar,Rana,France,3,61.0,20.333333333333332
12728.0,Jeremiah,Stewart,Germany,2,60.0,30.0
12731.0,Steven,Murphy,Germany,2,60.0,30.0
13037.0,Terrence,Pal,Australia,2,60.0,30.0
13044.0,Katrina,Jai,Australia,2,60.0,30.0
13157.0,Heidi,Gonzalez,Australia,2,60.0,30.0
13522.0,Logan,Taylor,Australia,2,60.0,30.0
13787.0,Glenn,Cai,Germany,2,60.0,30.0
13982.0,Clarence,Chander,Australia,2,60.0,30.0
14015.0,Kurt,Lal,Australia,2,60.0,30.0
14074.0,Barbara,Xu,Australia,3,60.0,20.0
15139.0,Colin,She,Australia,2,60.0,30.0
15233.0,Tammy,Rodriguez,Australia,2,60.0,30.0
15234.0,Kathleen,Moreno,Australia,2,60.0,30.0
15294.0,Michael,Robinson,United States,2,60.0,30.0
15366.0,Alyssa,Coleman,United States,2,60.0,30.0
15592.0,Janet,Moreno,Australia,2,60.0,30.0
15617.0,Dawn,Chande,France,4,60.0,15.0
15731.0,Corey,Chavez,Australia,2,60.0,30.0
15796.0,Edward,Hayes,Australia,2,60.0,30.0
15853.0,Jasmine,Brown,United States,2,60.0,30.0
16017.0,Jeremy,Ramirez,United States,2,60.0,30.0
16382.0,Jennifer,Davis,United States,2,60.0,30.0
16463.0,Anna,Murphy,Germany,4,60.0,15.0
16736.0,Kelly,Alexander,United States,2,60.0,30.0
16767.0,Rafael,Liu,United States,2,60.0,30.0
16891.0,Natalie,Gonzales,United States,2,60.0,30.0
16923.0,Connor,Gonzales,United States,2,60.0,30.0
16990.0,Zachary,Griffin,United States,2,60.0,30.0
17138.0,Melanie,Jenkins,United States,2,60.0,30.0
17161.0,Katherine,Lopez,United States,2,60.0,30.0
17266.0,Elijah,Hall,United States,2,60.0,30.0
17438.0,Marcus,Hughes,United States,2,60.0,30.0
17459.0,Cassidy,Barnes,United States,2,60.0,30.0
17589.0,Melanie,Brooks,United States,2,60.0,30.0
17988.0,Alfredo,Diaz,France,3,60.0,20.0
18100.0,Kyle,Li,United States,2,60.0,30.0
18319.0,Aimee,Sun,Australia,3,60.0,20.0
18443.0,Ross,Lopez,Australia,3,60.0,20.0
18509.0,Xavier,Foster,United States,2,60.0,30.0
18741.0,Edgar,Martinez,Australia,3,60.0,20.0
18748.0,Gabrielle,Stewart,Australia,3,60.0,20.0
18910.0,Marco,Perez,United States,2,60.0,30.0
18933.0,Kelli,Huang,United States,2,60.0,30.0
19221.0,Kaitlyn,Williams,United States,2,60.0,30.0
19633.0,Destiny,Gray,United States,2,60.0,30.0
20095.0,Ana,Flores,United States,2,60.0,30.0
20155.0,Jay,Fernandez,Australia,2,60.0,30.0
20231.0,Kelvin,Zhou,Australia,3,60.0,20.0
20243.0,Tamara,Ye,Australia,3,60.0,20.0
20254.0,Dana,Gutierrez,Australia,3,60.0,20.0
20266.0,Summer,Gonzalez,Australia,3,60.0,20.0
20406.0,Felicia,Munoz,Australia,2,60.0,30.0
20976.0,Jaclyn,Kumar,France,3,60.0,20.0
21063.0,Louis,Li,France,3,60.0,20.0
21075.0,Manuel,Rana,Germany,2,60.0,30.0
21094.0,Alison,Sharma,France,3,60.0,20.0
21117.0,Bryant,Sara,France,3,60.0,20.0
21127.0,Crystal,Zheng,France,3,60.0,20.0
21412.0,Jordan,Alexander,Canada,2,60.0,30.0
21450.0,Nathan,Bryant,Canada,2,60.0,30.0
21664.0,Edwin,Yuan,France,3,60.0,20.0
21684.0,Mariah,Bennett,France,3,60.0,20.0
21737.0,Timothy,Rivera,France,3,60.0,20.0
21796.0,Emma,Ward,Canada,2,60.0,30.0
21913.0,Arthur,Blanco,France,3,60.0,20.0
22027.0,Franklin,Luo,Canada,2,60.0,30.0
22419.0,Damien,Xu,France,3,60.0,20.0
22431.0,Marie,Dominguez,France,3,60.0,20.0
22556.0,Oscar,Griffin,France,3,60.0,20.0
22629.0,Matthew,Rodriguez,United Kingdom,2,60.0,30.0
22914.0,Faith,Gray,Australia,2,60.0,30.0
23008.0,Sheena,She,Australia,2,60.0,30.0
23208.0,Janet,Watson,Canada,2,60.0,30.0
23309.0,Latoya,Chande,Australia,2,60.0,30.0
23350.0,Natalie,Thomas,Canada,2,60.0,30.0
23537.0,Victor,Hernandez,Australia,2,60.0,30.0
23654.0,Alisha,Wu,Australia,2,60.0,30.0
23682.0,Natalie,Harris,Canada,2,60.0,30.0
24124.0,Erik,Vazquez,France,2,60.0,30.0
24146.0,Craig,Suarez,France,2,60.0,30.0
24195.0,Dawn,Zhao,France,2,60.0,30.0
24453.0,Cassie,Yuan,Australia,3,60.0,20.0
24682.0,Faith,Rogers,Canada,2,60.0,30.0
24771.0,Samuel,Harris,Canada,2,60.0,30.0
25027.0,Meredith,Mehta,Australia,3,60.0,20.0
25128.0,Clifford,Sai,Australia,3,60.0,20.0
25129.0,Allen,Raman,Australia,3,60.0,20.0
25139.0,Carlos,Short,Australia,3,60.0,20.0
25263.0,Audrey,Carlson,Australia,3,60.0,20.0
25268.0,Jaime,Andersen,Australia,3,60.0,20.0
25310.0,Janelle,Kapoor,Germany,3,60.0,20.0
25335.0,Cesar,Rodriguez,Canada,2,60.0,30.0
25347.0,Judith,Reed,Canada,2,60.0,30.0
25355.0,Richard,Smith,United States,2,60.0,30.0
25526.0,Armando,Rubio,Germany,3,60.0,20.0
25650.0,Jillian,Srini,Germany,3,60.0,20.0
25677.0,Veronica,Lopez,France,2,60.0,30.0
25678.0,Erica,Yang,Germany,3,60.0,20.0
25719.0,Kristine,Diaz,Germany,3,60.0,20.0
25773.0,Jack,Simmons,Germany,3,60.0,20.0
25788.0,Nichole,Yuan,Germany,3,60.0,20.0
25791.0,Seth,Foster,France,3,60.0,20.0
25802.0,Clayton,He,Germany,3,60.0,20.0
25885.0,Hailey,Washington,Canada,2,60.0,30.0
25953.0,Hunter,Butler,United States,2,60.0,30.0
26073.0,Julia,Adams,Canada,2,60.0,30.0
26236.0,Isabella,Evans,United States,2,60.0,30.0
26268.0,Jonathon,Romero,United States,3,60.0,20.0
26272.0,Kelly,Hughes,United States,3,60.0,20.0
26273.0,Chelsea,Suri,United States,3,60.0,20.0
26378.0,Colin,Raje,Germany,3,60.0,20.0
26392.0,Kelli,Rai,Germany,3,60.0,20.0
26421.0,Allison,Peterson,Australia,3,60.0,20.0
26452.0,James,Martinez,United States,2,60.0,30.0
26464.0,Alexandria,Griffin,United States,2,60.0,30.0
26505.0,Jennifer,Wright,Canada,2,60.0,30.0
26787.0,Austin,Moore,United States,3,60.0,20.0
26847.0,Brent,Yang,Germany,3,60.0,20.0
26875.0,Bobby,Perez,Germany,3,60.0,20.0
26893.0,Sharon,Deng,United Kingdom,2,60.0,30.0
26951.0,Trisha,Hu,Germany,3,60.0,20.0
27023.0,Emily,Simmons,United States,3,60.0,20.0
27028.0,Sarah,Robinson,Canada,2,60.0,30.0
27157.0,Raul,Xu,Germany,3,60.0,20.0
27173.0,Suzanne,Ye,Germany,3,60.0,20.0
27409.0,Preston,Smith,United States,3,60.0,20.0
27422.0,Evan,Gonzalez,United States,3,60.0,20.0
27474.0,Alexandria,Hayes,United States,3,60.0,20.0
27509.0,Zachary,Johnson,United States,3,60.0,20.0
27564.0,Kevin,Lal,United States,3,60.0,20.0
27640.0,Lauren,Thomas,United States,3,60.0,20.0
27664.0,Luis,Roberts,United States,3,60.0,20.0
27684.0,Emma,Coleman,United States,3,60.0,20.0
27736.0,Mackenzie,Young,United States,3,60.0,20.0
27755.0,Alyssa,Jenkins,United States,3,60.0,20.0
27830.0,Caleb,Hall,Germany,3,60.0,20.0
27837.0,Kelsey,Jai,United Kingdom,3,60.0,20.0
27841.0,Gerald,Vance,United Kingdom,3,60.0,20.0
27912.0,Caitlin,Ramirez,United States,3,60.0,20.0
27922.0,Isabella,King,United States,3,60.0,20.0
28082.0,Nathaniel,Peterson,United States,3,60.0,20.0
28084.0,Cameron,McDonald,United States,3,60.0,20.0
28146.0,Gavin,Washington,United States,3,60.0,20.0
28214.0,Hailey,King,Australia,2,60.0,30.0
28225.0,Robert,Ross,United States,3,60.0,20.0
28226.0,Sebastian,Ramirez,United States,3,60.0,20.0
28227.0,Caleb,Wang,United States,3,60.0,20.0
28236.0,Isabel,Diaz,United States,3,60.0,20.0
28337.0,Melissa,Bennett,United States,2,60.0,30.0
28356.0,Blake,Gonzalez,United States,2,60.0,30.0
28410.0,Cheryl,Gill,United Kingdom,3,60.0,20.0
28426.0,Melvin,Xie,United Kingdom,3,60.0,20.0
28439.0,Olivia,Gray,United Kingdom,3,60.0,20.0
28468.0,Melody,Harrison,United Kingdom,3,60.0,20.0
28469.0,Morgan,Green,United Kingdom,3,60.0,20.0
28526.0,Luke,Yang,United Kingdom,3,60.0,20.0
28738.0,Lori,Romero,United Kingdom,3,60.0,20.0
28872.0,Kelli,He,Australia,2,60.0,30.0
28894.0,Maurice,Xu,France,2,60.0,30.0
28899.0,Alejandro,Anand,United Kingdom,3,60.0,20.0
29214.0,Joseph,Martinez,Canada,2,60.0,30.0
29429.0,Marie,Suarez,France,3,60.0,20.0
29470.0,Nathan,Roberts,France,3,60.0,20.0
12399.0,Henry,Chapman,Germany,4,59.0,14.75
12417.0,Alexis,Bryant,United States,3,59.0,19.666666666666668
12466.0,Willie,He,France,2,59.0,29.5
12467.0,Jennifer,Jones,France,2,59.0,29.5
12562.0,Kristina,Chandra,France,4,59.0,14.75
13535.0,Omar,Nara,United Kingdom,6,59.0,9.833333333333334
13597.0,Lance,Gutierrez,Germany,4,59.0,14.75
13780.0,Monica,Perez,France,2,59.0,29.5
16379.0,Marc,Jimenez,United States,2,59.0,29.5
16383.0,Brian,Kelly,United States,2,59.0,29.5
16735.0,Melissa,Hayes,United States,2,59.0,29.5
16748.0,Patrick,Peterson,United States,2,59.0,29.5
16911.0,Caleb,Patterson,United States,2,59.0,29.5
17035.0,Jordan,Flores,United States,2,59.0,29.5
17122.0,Gabrielle,Gonzalez,United States,2,59.0,29.5
17437.0,Natalie,Baker,United States,2,59.0,29.5
17489.0,Jack,Evans,United States,2,59.0,29.5
17519.0,Taylor,Rivera,United States,2,59.0,29.5
18064.0,Catherine,Rivera,United States,2,59.0,29.5
18074.0,Julia,Hall,United States,2,59.0,29.5
18095.0,Thomas,Campbell,United States,2,59.0,29.5
18114.0,Alexandria,Foster,United States,2,59.0,29.5
18410.0,Joshua,Davis,United States,2,59.0,29.5
18604.0,Paige,Alexander,Canada,4,59.0,14.75
18636.0,Edgar,Chapman,Germany,2,59.0,29.5
18658.0,Dalton,Turner,United States,2,59.0,29.5
18666.0,Jordyn,Henderson,United States,2,59.0,29.5
18705.0,Karl,Goel,Australia,3,59.0,19.666666666666668
18932.0,Carl,Chande,Australia,3,59.0,19.666666666666668
19090.0,Marshall,Chander,Australia,3,59.0,19.666666666666668
19185.0,Jacqueline,Bradley,France,2,59.0,29.5
19367.0,Johnathan,Gonzalez,France,2,59.0,29.5
19444.0,Kayla,Thomas,France,2,59.0,29.5
19464.0,Tyrone,Alonso,France,2,59.0,29.5
19575.0,Marco,Patel,Australia,5,59.0,11.8
19597.0,Jay,Martin,Australia,4,59.0,14.75
19603.0,Tabitha,Hernandez,Australia,4,59.0,14.75
19651.0,Jarrod,Perez,Australia,4,59.0,14.75
19677.0,Dylan,Shan,Australia,2,59.0,29.5
19752.0,Ebony,Madan,Australia,2,59.0,29.5
20050.0,Adriana,Prasad,France,2,59.0,29.5
20081.0,Jerry,Xie,United States,2,59.0,29.5
20251.0,Luis,Li,Australia,3,59.0,19.666666666666668
20317.0,Alex,Green,Australia,2,59.0,29.5
20946.0,Abby,Chandra,Germany,2,59.0,29.5
21007.0,Nuan,Ma,Germany,2,59.0,29.5
21550.0,Kara,Deng,Germany,2,59.0,29.5
21661.0,Terry,Champion,Germany,2,59.0,29.5
21834.0,Jillian,Mehta,Germany,2,59.0,29.5
22213.0,Jay,Patel,Australia,3,59.0,19.666666666666668
22360.0,Caleb,Collins,United States,5,59.0,11.8
22385.0,Misty,Lal,United Kingdom,2,59.0,29.5
22421.0,Barbara,Sharma,United Kingdom,2,59.0,29.5
22476.0,Shane,Martinez,Germany,2,59.0,29.5
22497.0,Casey,Gomez,Germany,2,59.0,29.5
22514.0,Marvin,Johnsen,Germany,2,59.0,29.5
22564.0,Autumn,Sun,United Kingdom,2,59.0,29.5
22622.0,Neil,Sanz,United Kingdom,2,59.0,29.5
22916.0,Raquel,Romero,Australia,2,59.0,29.5
22919.0,Stanley,Rana,Australia,2,59.0,29.5
22928.0,Natalie,Nelson,Australia,2,59.0,29.5
22941.0,Destiny,Bailey,Australia,2,59.0,29.5
22963.0,Willie,Ye,Australia,2,59.0,29.5
23366.0,Fernando,Campbell,United States,4,59.0,14.75
23783.0,Zachary,Smith,Canada,2,59.0,29.5
23823.0,Samuel,Davis,United States,3,59.0,19.666666666666668
23893.0,Zachary,Clark,Canada,2,59.0,29.5
23989.0,Damien,Beck,United Kingdom,2,59.0,29.5
24151.0,Jon,Shan,United Kingdom,2,59.0,29.5
24555.0,Lacey,Chande,United Kingdom,5,59.0,11.8
24570.0,Karen,Guo,France,2,59.0,29.5
24591.0,Derek,Pal,Australia,2,59.0,29.5
24663.0,Ebony,Fernandez,Canada,2,59.0,29.5
24729.0,Chase,Murphy,Canada,2,59.0,29.5
25245.0,Francis,Gutierrez,Australia,2,59.0,29.5
25782.0,Marshall,Gao,United Kingdom,2,59.0,29.5
26411.0,Mario,Xu,United Kingdom,2,59.0,29.5
26461.0,Brooke,Howard,Canada,2,59.0,29.5
26495.0,Allison,Baker,Canada,2,59.0,29.5
26915.0,Peter,Kumar,United Kingdom,2,59.0,29.5
27718.0,Franklin,Shan,Australia,2,59.0,29.5
27971.0,Jodi,Jai,Australia,2,59.0,29.5
27976.0,Dominique,Gonzalez,Australia,2,59.0,29.5
28590.0,Gabriel,Jai,United States,2,59.0,29.5
11079.0,Donald,Gonzalez,Australia,5,58.0,11.6
11121.0,Orlando,Suarez,Australia,6,58.0,9.666666666666666
12201.0,Mindy,Yuan,United States,5,58.0,11.6
12982.0,Brittany,Patterson,United States,4,58.0,14.5
13495.0,Micheal,Alvarez,United Kingdom,5,58.0,11.6
14124.0,Justin,Li,Australia,2,58.0,29.0
16343.0,Joel,Malhotra,Australia,4,58.0,14.5
22683.0,David,Garcia,France,3,58.0,19.333333333333332
22701.0,Anne,Navarro,Germany,2,58.0,29.0
23919.0,Jordan,Parker,France,3,58.0,19.333333333333332
24694.0,Theodore,Carlson,Germany,2,58.0,29.0
25266.0,Kari,Suri,Australia,2,58.0,29.0
26413.0,Rebekah,Romero,France,3,58.0,19.333333333333332
26414.0,George,Patel,Germany,3,58.0,19.333333333333332
26578.0,Jeremy,White,United States,3,58.0,19.333333333333332
26612.0,Janet,Romero,United States,3,58.0,19.333333333333332
26637.0,Thomas,Robinson,United States,3,58.0,19.333333333333332
26713.0,Stephanie,Edwards,United States,3,58.0,19.333333333333332
26721.0,Paula,Jimenez,United States,3,58.0,19.333333333333332
26812.0,James,Hernandez,United States,3,58.0,19.333333333333332
26813.0,Xavier,Diaz,United States,3,58.0,19.333333333333332
26999.0,Samuel,Brown,United Kingdom,2,58.0,29.0
27115.0,Kristi,Navarro,United States,3,58.0,19.333333333333332
27189.0,Elizabeth,Diaz,United States,3,58.0,19.333333333333332
27233.0,Seth,Ward,United States,3,58.0,19.333333333333332
27456.0,Jackson,Hughes,United States,3,58.0,19.333333333333332
27457.0,Elizabeth,Walker,United States,3,58.0,19.333333333333332
27481.0,Oscar,Gonzales,United States,3,58.0,19.333333333333332
27529.0,Rachel,White,United States,3,58.0,19.333333333333332
28565.0,James,Allen,Germany,3,58.0,19.333333333333332
28566.0,Colin,Sun,Germany,3,58.0,19.333333333333332
11757.0,Vincent,Cai,Australia,5,57.0,11.4
11758.0,Colin,Yuan,Australia,5,57.0,11.4
12095.0,Austin,Griffin,United States,4,57.0,14.25
12788.0,Amanda,Nelson,United States,2,57.0,28.5
12797.0,Patrick,Howard,United States,2,57.0,28.5
12844.0,Gerald,Gonzalez,Germany,2,57.0,28.5
12910.0,Robert,Brown,United States,2,57.0,28.5
12965.0,Cody,Bell,United States,2,57.0,28.5
12974.0,Marc,Gill,United States,2,57.0,28.5
13070.0,Emma,Clark,United States,2,57.0,28.5
13074.0,Grace,Hughes,United States,2,57.0,28.5
13094.0,Antonio,Diaz,United States,2,57.0,28.5
13188.0,Anthony,Davis,United States,2,57.0,28.5
13192.0,Hunter,Martinez,United States,2,57.0,28.5
13194.0,Kevin,Carter,United States,2,57.0,28.5
13196.0,Kimberly,Sanders,United States,2,57.0,28.5
13223.0,Noah,Lee,United States,2,57.0,28.5
13228.0,Thomas,Sanchez,United States,2,57.0,28.5
13235.0,Jonathan,Robinson,United States,2,57.0,28.5
13242.0,Kyle,Yang,United States,2,57.0,28.5
13282.0,Madison,Price,United States,2,57.0,28.5
13302.0,Cole,Torres,United States,2,57.0,28.5
13317.0,Jeremiah,Long,United States,2,57.0,28.5
13332.0,Neil,Alonso,United States,2,57.0,28.5
13352.0,Joseph,Davis,United States,2,57.0,28.5
13360.0,Jada,Cook,United States,2,57.0,28.5
13364.0,Natalie,Anderson,United States,2,57.0,28.5
13374.0,Marco,Martinez,United States,2,57.0,28.5
13392.0,Hunter,Parker,United States,2,57.0,28.5
13413.0,Fernando,Phillips,United States,2,57.0,28.5
13432.0,Dalton,Wood,United States,2,57.0,28.5
13439.0,Arturo,Lin,United States,2,57.0,28.5
13444.0,Abby,Lopez,United States,2,57.0,28.5
13457.0,Eric,Henderson,United States,2,57.0,28.5
13459.0,Devin,Foster,United States,2,57.0,28.5
13470.0,Jaclyn,Jai,United States,2,57.0,28.5
13475.0,Charles,Allen,United States,2,57.0,28.5
13483.0,Christian,Lal,United States,2,57.0,28.5
13490.0,Edward,Rodriguez,United States,2,57.0,28.5
13654.0,Shawn,Andersen,United States,2,57.0,28.5
13656.0,Faith,Howard,United States,2,57.0,28.5
13740.0,Jada,Ramirez,United States,2,57.0,28.5
13754.0,Paige,Peterson,United States,2,57.0,28.5
13850.0,Anthony,Thompson,United States,2,57.0,28.5
13867.0,Luke,Griffin,United States,2,57.0,28.5
13921.0,Joseph,Jones,United States,2,57.0,28.5
13922.0,Jackson,Foster,United States,2,57.0,28.5
13923.0,Steven,Howard,United States,2,57.0,28.5
13926.0,Dalton,Hill,United States,2,57.0,28.5
13933.0,Isabella,Richardson,United States,2,57.0,28.5
13935.0,Kimberly,Sanchez,United States,2,57.0,28.5
13942.0,Seth,Long,United States,2,57.0,28.5
13945.0,Yolanda,Luo,United States,2,57.0,28.5
13951.0,Dylan,Hughes,United States,2,57.0,28.5
13980.0,Margaret,Liu,United States,2,57.0,28.5
14004.0,Caitlin,Kelly,United States,2,57.0,28.5
14029.0,Christina,Morris,United States,2,57.0,28.5
14043.0,Mary,Gonzalez,United States,2,57.0,28.5
14075.0,Robert,Harris,United States,2,57.0,28.5
14092.0,Maurice,Nath,United States,2,57.0,28.5
14097.0,Johnathan,Srini,United States,2,57.0,28.5
14144.0,Lee,Gutierrez,France,2,57.0,28.5
14245.0,Ana,Russell,United States,2,57.0,28.5
14248.0,Misty,Tang,United States,2,57.0,28.5
14266.0,Cory,Patel,United States,2,57.0,28.5
14280.0,Isaac,Oliver,United States,2,57.0,28.5
14295.0,Hannah,Thomas,United States,2,57.0,28.5
14331.0,Timothy,Murphy,United States,2,57.0,28.5
14349.0,Nicole,Griffin,United States,2,57.0,28.5
14351.0,Riley,Gray,United States,2,57.0,28.5
14383.0,Marvin,Ferrier,United States,2,57.0,28.5
14410.0,Arianna,Brooks,United States,2,57.0,28.5
14515.0,Anna,Cooper,United States,2,57.0,28.5
14781.0,Robert,Butler,Germany,2,57.0,28.5
14849.0,Dwayne,Martin,Germany,2,57.0,28.5
14972.0,Cristina,Deng,Germany,2,57.0,28.5
14980.0,Michele,Garcia,Germany,2,57.0,28.5
14999.0,Arianna,Morris,United Kingdom,6,57.0,9.5
15250.0,Jose,Scott,United States,2,57.0,28.5
15278.0,Brandon,Russell,United States,2,57.0,28.5
15279.0,Hunter,Lee,United States,2,57.0,28.5
15838.0,Julia,Taylor,United States,2,57.0,28.5
16333.0,Caleb,Hill,United States,2,57.0,28.5
16604.0,Roy,Serrano,Germany,2,57.0,28.5
17197.0,Mindy,Nara,Germany,2,57.0,28.5
17712.0,Gary,Blanco,France,3,57.0,19.0
18124.0,Calvin,Chander,Germany,2,57.0,28.5
18411.0,Jack,Powell,Canada,3,57.0,19.0
18986.0,Robert,Roberts,Canada,2,57.0,28.5
19050.0,Joel,Chapman,United Kingdom,2,57.0,28.5
19573.0,Deanna,Rubio,Australia,4,57.0,14.25
19632.0,Lawrence,Vazquez,Australia,2,57.0,28.5
20240.0,Beth,Rubio,Australia,3,57.0,19.0
20299.0,Megan,Cook,Canada,2,57.0,28.5
20341.0,Tyler,Smith,Canada,2,57.0,28.5
20547.0,Ethan,Chen,Canada,2,57.0,28.5
21124.0,Mallory,Alvarez,United Kingdom,3,57.0,19.0
21223.0,Evelyn,Suri,Australia,2,57.0,28.5
21295.0,Benjamin,Thomas,Canada,2,57.0,28.5
21431.0,Preston,Kapoor,Canada,2,57.0,28.5
21531.0,Kari,Vance,France,3,57.0,19.0
21656.0,Hannah,Hayes,Canada,2,57.0,28.5
21973.0,Janet,Vazquez,Australia,2,57.0,28.5
21998.0,Erik,Hernandez,Australia,2,57.0,28.5
22003.0,Jill,Navarro,Australia,2,57.0,28.5
22020.0,Jaime,Shan,Australia,2,57.0,28.5
22080.0,Caitlin,Sanchez,Canada,2,57.0,28.5
22363.0,Faith,Diaz,Canada,2,57.0,28.5
22366.0,Logan,Henderson,Canada,2,57.0,28.5
22818.0,Janet,Ruiz,United Kingdom,3,57.0,19.0
23004.0,Raymond,Fernandez,United States,3,57.0,19.0
23301.0,Noah,Anderson,United States,3,57.0,19.0
23527.0,Alison,Luo,Australia,2,57.0,28.5
23563.0,Kurt,Chavez,Australia,2,57.0,28.5
24314.0,Bryan,Howard,United States,2,57.0,28.5
24638.0,Julia,Lopez,United States,2,57.0,28.5
24728.0,Julia,Diaz,United States,2,57.0,28.5
25440.0,Andre,Gonzalez,United States,2,57.0,28.5
28404.0,Whitney,Raman,Germany,5,57.0,11.4
11024.0,Russell,Xie,United States,6,56.0,9.333333333333334
11467.0,Arturo,Zheng,Australia,5,56.0,11.2
17702.0,Jack,King,United Kingdom,4,56.0,14.0
18728.0,Roger,Luo,Australia,4,56.0,14.0
20764.0,Christian,Taylor,Canada,4,56.0,14.0
26412.0,Kate,Chande,France,5,56.0,11.2
11284.0,Theresa,Serrano,United States,5,55.0,11.0
11966.0,Rafael,Black,Australia,4,55.0,13.75
12029.0,Damien,Hu,United States,4,55.0,13.75
12828.0,Carol,Rubio,Germany,2,55.0,27.5
13502.0,Deborah,Nara,Germany,2,55.0,27.5
14493.0,Sara,Parker,United States,4,55.0,13.75
14508.0,Madison,Hall,United States,2,55.0,27.5
14568.0,Priscilla,Kumar,United States,4,55.0,13.75
14869.0,Jennifer,Bryant,United States,4,55.0,13.75
15292.0,Megan,Bailey,United States,4,55.0,13.75
15317.0,Rachel,Jenkins,United States,2,55.0,27.5
16371.0,Caleb,Diaz,United States,2,55.0,27.5
16647.0,Anna,Alexander,United States,2,55.0,27.5
16774.0,Eduardo,Perry,United States,2,55.0,27.5
16780.0,Carlos,Bailey,United States,2,55.0,27.5
16796.0,Kaitlyn,Martin,United States,2,55.0,27.5
16801.0,Jasmine,Henderson,United States,2,55.0,27.5
16806.0,Louis,Zhao,United States,2,55.0,27.5
16857.0,Lawrence,Munoz,United States,2,55.0,27.5
17019.0,Andrea,Hall,United States,2,55.0,27.5
17325.0,Paige,Henderson,Australia,5,55.0,11.0
17407.0,Elizabeth,Bryant,United States,2,55.0,27.5
17457.0,Katherine,Allen,United States,2,55.0,27.5
17528.0,Whitney,Kapoor,United States,2,55.0,27.5
17607.0,Frederick,Gonzalez,United States,2,55.0,27.5
18063.0,Alexandria,Ward,United States,2,55.0,27.5
18498.0,Zachary,Russell,United States,2,55.0,27.5
18534.0,Hunter,Collins,United States,2,55.0,27.5
18536.0,Hailey,Coleman,United States,2,55.0,27.5
18760.0,Morgan,Wood,United States,2,55.0,27.5
19216.0,Gabriel,Lopez,United States,2,55.0,27.5
19222.0,Jordan,Hall,United States,2,55.0,27.5
20499.0,Christian,Robinson,Canada,2,55.0,27.5
20519.0,Trevor,Diaz,Canada,4,55.0,13.75
21446.0,Jeremy,Barnes,Canada,2,55.0,27.5
25196.0,Aaron,Yang,Canada,2,55.0,27.5
25265.0,Hannah,Smith,Canada,2,55.0,27.5
27243.0,Mariah,Bailey,Canada,2,55.0,27.5
27643.0,Austin,Henderson,Canada,2,55.0,27.5
27793.0,Mitchell,Shan,France,2,55.0,27.5
27959.0,Armando,Ramos,Germany,2,55.0,27.5
28289.0,Jack,Gonzales,United States,2,55.0,27.5
28912.0,Alejandro,Zhu,France,2,55.0,27.5
29288.0,Glenn,Lin,Australia,2,55.0,27.5
29333.0,Abby,Martinez,Australia,2,55.0,27.5
11230.0,Amber,Turner,United States,5,54.0,10.8
11405.0,Bonnie,Goel,Germany,1,54.0,54.0
11407.0,Mario,She,Germany,1,54.0,54.0
11437.0,Alfredo,Moreno,France,1,54.0,54.0
11471.0,Latasha,Suarez,France,1,54.0,54.0
11476.0,Erika,Navarro,United Kingdom,1,54.0,54.0
11478.0,Billy,Hernandez,France,1,54.0,54.0
11487.0,Morgan,Jones,France,1,54.0,54.0
11490.0,Danny,Rubio,France,1,54.0,54.0
11543.0,Sheena,Chande,France,1,54.0,54.0
11545.0,Reginald,Dominguez,France,1,54.0,54.0
11551.0,Shannon,Alvarez,France,1,54.0,54.0
11560.0,Whitney,Srini,United Kingdom,1,54.0,54.0
11563.0,Cesar,Srini,United Kingdom,1,54.0,54.0
11567.0,Carla,Perez,Germany,1,54.0,54.0
12365.0,Alex,Evans,United States,4,54.0,13.5
12629.0,Russell,Nara,Germany,3,54.0,18.0
15611.0,Michele,Patel,France,4,54.0,13.5
16543.0,Jenny,McDonald,United Kingdom,4,54.0,13.5
16930.0,Kristen,Zhao,Australia,3,54.0,18.0
19000.0,Makayla,Blue,Canada,3,54.0,18.0
19521.0,Jaime,Dominguez,France,2,54.0,27.0
20794.0,Brenda,Rana,France,2,54.0,27.0
22744.0,Edward,Wright,United States,5,54.0,10.8
22804.0,Kelly,Butler,Germany,2,54.0,27.0
23946.0,Kelli,Luo,Germany,2,54.0,27.0
24080.0,Billy,Serrano,Germany,2,54.0,27.0
24086.0,Dakota,Gonzales,Germany,2,54.0,27.0
24543.0,Arthur,Moreno,France,2,54.0,27.0
25632.0,Lee,Moreno,United Kingdom,2,54.0,27.0
25740.0,Kellie,Munoz,France,1,54.0,54.0
25950.0,Kyle,Kumar,United States,4,54.0,13.5
26361.0,Ebony,Suarez,United Kingdom,2,54.0,27.0
26368.0,Bharat,Mirchandani,France,1,54.0,54.0
26369.0,Kate,Nath,France,1,54.0,54.0
26453.0,Cole,Peterson,United States,5,54.0,10.8
26850.0,Terry,Luo,United Kingdom,2,54.0,27.0
27804.0,Shaun,Xu,United Kingdom,2,54.0,27.0
28331.0,Colleen,Beck,United States,1,54.0,54.0
28333.0,Jaime,Jimenez,United States,1,54.0,54.0
28334.0,Marco,Tanara,United States,1,54.0,54.0
28343.0,Shelby,Morgan,United States,1,54.0,54.0
28344.0,Alvin,Zhu,United States,1,54.0,54.0
28777.0,Brittany,Wood,United States,1,54.0,54.0
28782.0,Cody,Howard,United States,1,54.0,54.0
29162.0,Xavier,Murphy,United States,2,54.0,27.0
29283.0,Jeff,Smith,United States,1,54.0,54.0
29327.0,Allen,Chandra,United States,1,54.0,54.0
29329.0,Lucas,Campbell,United States,1,54.0,54.0
29402.0,Damien,Andersen,France,1,54.0,54.0
29405.0,Meagan,Vance,France,1,54.0,54.0
29408.0,Heather,Chen,France,1,54.0,54.0
29413.0,Arthur,Garcia,France,1,54.0,54.0
29419.0,Carrie,Vazquez,France,1,54.0,54.0
29420.0,Linda,Travers,France,1,54.0,54.0
12597.0,Franklin,Zhang,United Kingdom,5,53.0,10.6
12787.0,Katelyn,Cook,United States,5,53.0,10.6
13810.0,Vanessa,Barnes,United Kingdom,3,53.0,17.666666666666668
15448.0,Omar,She,United Kingdom,4,53.0,13.25
16398.0,Emmanuel,Rana,France,3,53.0,17.666666666666668
16471.0,Vanessa,Hayes,France,3,53.0,17.666666666666668
16571.0,Audrey,Torres,United Kingdom,4,53.0,13.25
19505.0,Gilbert,She,United Kingdom,3,53.0,17.666666666666668
28985.0,Andrew,Taylor,United States,3,53.0,17.666666666666668
11927.0,Nicole,Murphy,United States,3,52.0,17.333333333333332
12592.0,Amy,Li,United Kingdom,4,52.0,13.0
15241.0,Geoffrey,Madan,Australia,5,52.0,10.4
15712.0,Whitney,Chandra,United Kingdom,4,52.0,13.0
17083.0,Priscilla,Raje,Germany,3,52.0,17.333333333333332
17313.0,Raquel,Alonso,Australia,4,52.0,13.0
18018.0,Peter,Xie,France,2,52.0,26.0
18081.0,Amanda,Parker,Canada,2,52.0,26.0
18535.0,Donald,Kapoor,Canada,2,52.0,26.0
18600.0,Ashley,Gonzales,Canada,2,52.0,26.0
19625.0,Ivan,Gonzalez,Australia,3,52.0,17.333333333333332
20898.0,Grant,Ferrier,Germany,2,52.0,26.0
25254.0,Krystal,She,United States,3,52.0,17.333333333333332
26239.0,Kaitlyn,Turner,United States,3,52.0,17.333333333333332
12040.0,Richard,Torres,United States,4,51.0,12.75
12092.0,Austin,White,United States,4,51.0,12.75
12205.0,Madison,Long,United States,4,51.0,12.75
12954.0,Pedro,Diaz,United States,4,51.0,12.75
12960.0,Ashley,Lewis,United States,4,51.0,12.75
13599.0,Valerie,Zhu,United Kingdom,5,51.0,10.2
15324.0,Renee,Serrano,United States,5,51.0,10.2
15359.0,Logan,Yang,United States,3,51.0,17.0
16035.0,Sebastian,Morgan,United Kingdom,3,51.0,17.0
18178.0,Tracy,Goel,United Kingdom,3,51.0,17.0
23048.0,Isabella,Hughes,Canada,3,51.0,17.0
26069.0,Jessica,Foster,Canada,3,51.0,17.0
29047.0,Jack,Lopez,Canada,3,51.0,17.0
11220.0,Erica,Huang,United States,4,50.0,12.5
11585.0,Kari,Perez,United Kingdom,1,50.0,50.0
11596.0,Roger,Raje,United Kingdom,3,50.0,16.666666666666668
11627.0,Dalton,Gray,United States,4,50.0,12.5
11655.0,Tamara,Sharma,United States,4,50.0,12.5
11880.0,Melissa,Sanchez,United States,4,50.0,12.5
11889.0,Blake,Patterson,United States,4,50.0,12.5
12144.0,Kelly,Jenkins,United States,4,50.0,12.5
12185.0,Kaitlyn,Patterson,United States,4,50.0,12.5
12257.0,Ross,Ruiz,Germany,1,50.0,50.0
12258.0,Jamie,Li,Germany,1,50.0,50.0
12268.0,Edwin,Shan,Germany,1,50.0,50.0
12273.0,Nelson,Carlson,Germany,1,50.0,50.0
12278.0,Meredith,Johnsen,Germany,1,50.0,50.0
12322.0,Kari,Mehta,France,1,50.0,50.0
12331.0,Meagan,Chandra,France,1,50.0,50.0
12377.0,Christopher,Miller,Germany,1,50.0,50.0
12379.0,Bridget,Chande,Germany,1,50.0,50.0
12389.0,Albert,Jiménez,France,1,50.0,50.0
12396.0,Susan,Yang,Germany,1,50.0,50.0
12458.0,Veronica,Sanchez,Germany,1,50.0,50.0
12469.0,Shane,Srini,Germany,1,50.0,50.0
12470.0,Barbara,He,Germany,1,50.0,50.0
12472.0,Jeffery,Zhang,France,1,50.0,50.0
12477.0,Robin,Gill,France,1,50.0,50.0
12482.0,Jerome,Browning,France,1,50.0,50.0
12557.0,Phillip,Lopez,France,3,50.0,16.666666666666668
12591.0,Meredith,Madan,Germany,3,50.0,16.666666666666668
12600.0,Larry,Romero,Germany,3,50.0,16.666666666666668
12635.0,Brad,Beck,France,1,50.0,50.0
12639.0,Ruben,Lopez,France,1,50.0,50.0
12661.0,Deborah,Pal,France,3,50.0,16.666666666666668
12714.0,Colleen,Lu,Germany,3,50.0,16.666666666666668
12720.0,Nicolas,Chande,France,3,50.0,16.666666666666668
12734.0,Margaret,Zhou,France,3,50.0,16.666666666666668
12748.0,Grace,Bell,France,3,50.0,16.666666666666668
12812.0,Brandi,Sanz,France,3,50.0,16.666666666666668
12978.0,Danielle,James,United States,4,50.0,12.5
13593.0,Deanna,Navarro,Germany,3,50.0,16.666666666666668
13598.0,Keith,Luo,Germany,3,50.0,16.666666666666668
16581.0,Kenneth,Becker,France,4,50.0,12.5
18149.0,Rebekah,Blanco,United Kingdom,4,50.0,12.5
20370.0,Blake,Young,United States,3,50.0,16.666666666666668
20410.0,Richard,Jackson,United States,3,50.0,16.666666666666668
20413.0,Taylor,Powell,United States,3,50.0,16.666666666666668
20435.0,Natalie,Green,United States,3,50.0,16.666666666666668
20458.0,Erick,Subram,United States,3,50.0,16.666666666666668
20469.0,Manuel,Suri,United States,3,50.0,16.666666666666668
20474.0,Edward,Turner,United States,3,50.0,16.666666666666668
20486.0,Jack,Butler,United States,3,50.0,16.666666666666668
20489.0,Jacob,Davis,United States,3,50.0,16.666666666666668
20490.0,Kaylee,Roberts,United States,3,50.0,16.666666666666668
20507.0,Joshua,Anderson,United States,3,50.0,16.666666666666668
20514.0,Hannah,Griffin,United States,3,50.0,16.666666666666668
20518.0,Desiree,Sanz,United States,3,50.0,16.666666666666668
20635.0,Nathan,Young,,3,50.0,16.666666666666668
20692.0,John,Lewis,,3,50.0,16.666666666666668
20770.0,Carlos,Mitchell,,3,50.0,16.666666666666668
21157.0,Robert,Perry,,3,50.0,16.666666666666668
21158.0,Trevor,Patterson,,3,50.0,16.666666666666668
21244.0,Allison,Torres,,3,50.0,16.666666666666668
21321.0,Jon,Jai,,3,50.0,16.666666666666668
21328.0,Xavier,Nelson,,3,50.0,16.666666666666668
21337.0,Jennifer,Smith,,3,50.0,16.666666666666668
21397.0,Mason,Howard,,3,50.0,16.666666666666668
21415.0,Sydney,Sanchez,,3,50.0,16.666666666666668
21443.0,Zoe,Morgan,,3,50.0,16.666666666666668
21452.0,Seth,Bailey,,3,50.0,16.666666666666668
21458.0,Carson,Price,,3,50.0,16.666666666666668
21462.0,Katelyn,Nelson,,3,50.0,16.666666666666668
21472.0,Patrick,Ward,,3,50.0,16.666666666666668
21502.0,Morgan,Clark,United States,3,50.0,16.666666666666668
21503.0,Melanie,Long,United States,3,50.0,16.666666666666668
21624.0,Faith,Price,United States,3,50.0,16.666666666666668
21634.0,Arianna,Cook,United States,3,50.0,16.666666666666668
21694.0,Bobby,Sai,United States,3,50.0,16.666666666666668
21705.0,Warren,Sharma,United States,3,50.0,16.666666666666668
21708.0,Andrea,Brooks,United States,3,50.0,16.666666666666668
21729.0,Alexandria,Morgan,United States,3,50.0,16.666666666666668
21743.0,Theresa,Rubio,United States,3,50.0,16.666666666666668
21744.0,Emma,Perry,United States,3,50.0,16.666666666666668
21751.0,Logan,Jackson,United States,3,50.0,16.666666666666668
21760.0,Margaret,She,United States,3,50.0,16.666666666666668
21763.0,Madison,Brown,United States,3,50.0,16.666666666666668
21774.0,Brian,James,United States,3,50.0,16.666666666666668
21782.0,Blake,Martin,United States,3,50.0,16.666666666666668
21783.0,Kate,Goel,United States,3,50.0,16.666666666666668
21784.0,Mackenzie,Hernandez,United States,3,50.0,16.666666666666668
21805.0,Lucas,Russell,United States,3,50.0,16.666666666666668
21809.0,Sydney,Thompson,United States,3,50.0,16.666666666666668
21933.0,Nicole,Martin,United States,3,50.0,16.666666666666668
22010.0,Henry,Lopez,United States,3,50.0,16.666666666666668
22022.0,Christopher,Davis,United States,3,50.0,16.666666666666668
22051.0,Lauren,Rogers,United States,3,50.0,16.666666666666668
22337.0,Haley,Jenkins,United States,3,50.0,16.666666666666668
22347.0,Abigail,Long,United States,3,50.0,16.666666666666668
22356.0,Charles,Ward,United States,3,50.0,16.666666666666668
22357.0,Justin,Lal,United States,3,50.0,16.666666666666668
22849.0,Kristopher,Suri,Australia,4,50.0,12.5
23083.0,Samuel,Smith,Canada,5,50.0,10.0
23215.0,Juan,Richardson,United States,4,50.0,12.5
23248.0,Bailey,Peterson,United States,3,50.0,16.666666666666668
23249.0,Tasha,Nara,United States,3,50.0,16.666666666666668
23259.0,John,Taylor,United States,3,50.0,16.666666666666668
23262.0,Sydney,Kelly,United States,3,50.0,16.666666666666668
23271.0,Alexandra,Clark,United States,3,50.0,16.666666666666668
23274.0,Ethan,Jackson,United States,3,50.0,16.666666666666668
24268.0,Meredith,Gill,Australia,3,50.0,16.666666666666668
25001.0,Clayton,Xu,Australia,3,50.0,16.666666666666668
28594.0,Sydney,Cooper,United States,1,50.0,50.0
28595.0,Xavier,James,United States,1,50.0,50.0
28943.0,Arthur,Martin,Australia,3,50.0,16.666666666666668
28960.0,Jacquelyn,Vazquez,Australia,3,50.0,16.666666666666668
29120.0,Kaitlyn,Brown,Australia,3,50.0,16.666666666666668
29122.0,Shannon,Munoz,Australia,3,50.0,16.666666666666668
29193.0,Alejandro,Liang,Australia,3,50.0,16.666666666666668
29284.0,Riley,Hughes,United States,1,50.0,50.0
29296.0,Nichole,Luo,Australia,3,50.0,16.666666666666668
29321.0,Roger,Zheng,Australia,3,50.0,16.666666666666668
29322.0,Gavin,Alexander,United States,1,50.0,50.0
29328.0,Jason,Alexander,United States,1,50.0,50.0
29337.0,Hector,Gomez,Australia,1,50.0,50.0
11258.0,Xavier,Hill,United States,4,49.0,12.25
11342.0,Marshall,Wang,France,3,49.0,16.333333333333332
11383.0,Marie,Gill,France,3,49.0,16.333333333333332
11384.0,Tiffany,Wang,France,3,49.0,16.333333333333332
11390.0,Christine,Raji,France,3,49.0,16.333333333333332
11474.0,Melvin,Xu,United Kingdom,3,49.0,16.333333333333332
12636.0,Tamer,Salah,Germany,3,49.0,16.333333333333332
12870.0,Tyrone,Munoz,Germany,3,49.0,16.333333333333332
12871.0,Leah,Li,United Kingdom,4,49.0,12.25
12872.0,Olivia,Hughes,Germany,3,49.0,16.333333333333332
12893.0,Brittany,Foster,United States,3,49.0,16.333333333333332
12894.0,Natalie,Walker,United States,3,49.0,16.333333333333332
12932.0,Tyler,Johnson,United States,3,49.0,16.333333333333332
13028.0,Dalton,Thompson,United States,3,49.0,16.333333333333332
13493.0,Valerie,Zhao,United Kingdom,4,49.0,12.25
13509.0,Lucas,Johnson,United Kingdom,4,49.0,12.25
13569.0,Marcus,Hall,Germany,3,49.0,16.333333333333332
13696.0,Katherine,Edwards,Germany,3,49.0,16.333333333333332
13826.0,Candice,He,Germany,3,49.0,16.333333333333332
14153.0,Dylan,Lewis,Germany,3,49.0,16.333333333333332
14550.0,Kristy,Vazquez,France,3,49.0,16.333333333333332
14695.0,Russell,Andersen,Germany,3,49.0,16.333333333333332
14785.0,Gavin,Patterson,France,3,49.0,16.333333333333332
14964.0,Damien,Shen,United Kingdom,3,49.0,16.333333333333332
14968.0,Troy,Patel,United Kingdom,3,49.0,16.333333333333332
15045.0,Tasha,Luo,France,2,49.0,24.5
15449.0,Cedric,Yuan,United Kingdom,5,49.0,9.8
16194.0,Katie,Deng,France,2,49.0,24.5
16279.0,Victoria,Patterson,Germany,3,49.0,16.333333333333332
16304.0,Justin,Moore,Germany,2,49.0,24.5
16320.0,Rachel,Simmons,France,2,49.0,24.5
16462.0,Marissa,Gonzales,Germany,2,49.0,24.5
16652.0,Nicole,Richardson,United States,3,49.0,16.333333333333332
16883.0,Tyler,Davis,United States,3,49.0,16.333333333333332
17817.0,Felicia,Gutierrez,Germany,2,49.0,24.5
17851.0,Warren,Tang,Germany,2,49.0,24.5
18037.0,Bruce,Garcia,United Kingdom,2,49.0,24.5
18630.0,Priscilla,She,France,3,49.0,16.333333333333332
19045.0,Ross,Rodriguez,France,3,49.0,16.333333333333332
19072.0,Tamara,Lu,United Kingdom,3,49.0,16.333333333333332
19183.0,Edwin,Raje,France,3,49.0,16.333333333333332
19762.0,Warren,Ma,Australia,3,49.0,16.333333333333332
19908.0,Pamela,Prasad,France,2,49.0,24.5
19939.0,Alvin,Wang,United Kingdom,3,49.0,16.333333333333332
19972.0,Lindsay,Chander,Australia,6,49.0,8.166666666666666
20267.0,Monica,Garcia,Australia,3,49.0,16.333333333333332
21003.0,Jimmy,Hernandez,France,3,49.0,16.333333333333332
21086.0,Katelyn,Bell,Germany,3,49.0,16.333333333333332
21120.0,Roger,Chen,Germany,3,49.0,16.333333333333332
21129.0,Rafael,Wang,Germany,3,49.0,16.333333333333332
21515.0,Barbara,Yuan,United Kingdom,2,49.0,24.5
21565.0,Sheena,Shan,Australia,3,49.0,16.333333333333332
21680.0,Ricky,Torres,Germany,3,49.0,16.333333333333332
21821.0,Clayton,Tang,Germany,3,49.0,16.333333333333332
21842.0,Neil,Navarro,Germany,3,49.0,16.333333333333332
22496.0,Christina,Brooks,United Kingdom,3,49.0,16.333333333333332
22507.0,Louis,Wang,Germany,3,49.0,16.333333333333332
22545.0,Brittany,Bryant,Canada,3,49.0,16.333333333333332
22553.0,Melinda,Vazquez,United Kingdom,3,49.0,16.333333333333332
22569.0,Johnny,Goel,United Kingdom,3,49.0,16.333333333333332
22588.0,Teresa,Martin,United Kingdom,3,49.0,16.333333333333332
22796.0,Brad,Nath,France,3,49.0,16.333333333333332
22843.0,Tiffany,Lu,Australia,3,49.0,16.333333333333332
23150.0,Gabriella,Allen,United States,4,49.0,12.25
23548.0,Haley,Morris,Canada,3,49.0,16.333333333333332
24133.0,Carla,Patel,France,3,49.0,16.333333333333332
24216.0,Tara,Black,United Kingdom,3,49.0,16.333333333333332
24243.0,Karen,Lin,Australia,3,49.0,16.333333333333332
24876.0,Jarrod,Subram,Germany,3,49.0,16.333333333333332
25003.0,Tristan,Russell,United States,2,49.0,24.5
25258.0,Micheal,Vazquez,United States,2,49.0,24.5
25351.0,Jordan,Phillips,United States,2,49.0,24.5
25503.0,Richard,Hill,France,3,49.0,16.333333333333332
25543.0,Ramon,Chen,Germany,3,49.0,16.333333333333332
25670.0,Ariana,Brooks,France,3,49.0,16.333333333333332
25820.0,Adam,Evans,Australia,3,49.0,16.333333333333332
25894.0,Steve,Zeng,United States,2,49.0,24.5
25932.0,Marcus,Rodriguez,United States,2,49.0,24.5
25933.0,Dalton,Stewart,United States,2,49.0,24.5
26008.0,Jennifer,Gonzales,United States,2,49.0,24.5
26062.0,Chad,Raji,United States,2,49.0,24.5
26064.0,Logan,Scott,United States,2,49.0,24.5
26065.0,Chloe,Powell,United States,2,49.0,24.5
26088.0,Ethan,Perry,United States,2,49.0,24.5
26208.0,Sharon,Anand,United Kingdom,3,49.0,16.333333333333332
26233.0,Cristina,Chande,Germany,3,49.0,16.333333333333332
26244.0,Jordan,Hughes,United States,2,49.0,24.5
26332.0,Aaron,Mitchell,United States,2,49.0,24.5
26345.0,Connor,Baker,United States,2,49.0,24.5
26366.0,Johnathan,Schmidt,Germany,3,49.0,16.333333333333332
26477.0,Joel,Rana,United States,2,49.0,24.5
26478.0,Sara,Collins,United States,2,49.0,24.5
26501.0,Allison,Parker,United States,2,49.0,24.5
26508.0,Marcus,Ross,United States,2,49.0,24.5
26523.0,Casey,Raji,United States,2,49.0,24.5
26525.0,Jeremy,Bell,United States,2,49.0,24.5
26564.0,Franklin,Chen,Australia,3,49.0,16.333333333333332
26639.0,Riley,Diaz,United States,2,49.0,24.5
27805.0,Barbara,Ye,France,3,49.0,16.333333333333332
27816.0,Erick,Kapoor,France,3,49.0,16.333333333333332
27840.0,John,Johnson,France,3,49.0,16.333333333333332
28100.0,Kimberly,Gray,United States,3,49.0,16.333333333333332
28677.0,Damien,Tang,United States,3,49.0,16.333333333333332
28886.0,Franklin,Jai,France,3,49.0,16.333333333333332
28910.0,Melody,Martin,France,3,49.0,16.333333333333332
11043.0,Nathan,Simmons,United States,3,48.0,16.0
11143.0,Jonathan,Henderson,United States,5,48.0,9.6
11159.0,Brianna,Hughes,United States,5,48.0,9.6
11174.0,Nicholas,Robinson,United States,5,48.0,9.6
11463.0,Alisha,Beck,Australia,4,48.0,12.0
11749.0,Eduardo,Jackson,Australia,4,48.0,12.0
11753.0,Felicia,Ortega,Australia,4,48.0,12.0
11863.0,Jessica,Wood,United States,3,48.0,16.0
11864.0,Elizabeth,Thompson,United States,3,48.0,16.0
11882.0,Patrick,Stewart,United States,3,48.0,16.0
11926.0,Eduardo,Foster,United States,3,48.0,16.0
11928.0,Isabella,Morris,United States,3,48.0,16.0
12197.0,Adam,Hernandez,United States,3,48.0,16.0
17211.0,Virginia,Rodriguez,France,3,48.0,16.0
19488.0,Jamie,Lin,France,3,48.0,16.0
19953.0,Darrell,Lal,Australia,5,48.0,9.6
20057.0,Ramon,Zhou,France,3,48.0,16.0
20932.0,Cole,Kelly,France,3,48.0,16.0
23631.0,Colin,Wang,France,3,48.0,16.0
23913.0,Riley,Cooper,France,4,48.0,12.0
24130.0,Tanya,Navarro,Germany,3,48.0,16.0
25627.0,Joe,Carlson,United Kingdom,3,48.0,16.0
25699.0,Marcus,Kelly,United Kingdom,3,48.0,16.0
26552.0,Judith,Turner,United States,4,48.0,12.0
26900.0,Rosa,Sun,United Kingdom,3,48.0,16.0
27390.0,Leah,Zeng,United States,4,48.0,12.0
27530.0,Maria,Ross,United States,4,48.0,12.0
27782.0,Mason,Hernandez,United Kingdom,3,48.0,16.0
28338.0,Kristi,Vance,Australia,3,48.0,16.0
29331.0,Melvin,Yuan,Australia,3,48.0,16.0
29347.0,Jonathan,Edwards,United States,3,48.0,16.0
29428.0,Kristopher,Perez,Germany,4,48.0,12.0
11314.0,Mya,Flores,United States,4,47.0,11.75
14177.0,Kenneth,Nara,France,4,47.0,11.75
16437.0,Jésus,Gutierrez,United Kingdom,4,47.0,11.75
16449.0,Casey,Browning,United Kingdom,4,47.0,11.75
16454.0,Marco,Suri,United Kingdom,4,47.0,11.75
16459.0,Carolyn,Kapoor,United Kingdom,4,47.0,11.75
16460.0,Jodi,Xu,United Kingdom,4,47.0,11.75
16511.0,Joe,Raman,United Kingdom,4,47.0,11.75
17110.0,Meredith,Garcia,United Kingdom,4,47.0,11.75
19087.0,Erica,Gao,Australia,5,47.0,9.4
20655.0,Edward,Butler,,4,47.0,11.75
23790.0,Isabella,Williams,United States,4,47.0,11.75
24435.0,Mariah,Hughes,United States,4,47.0,11.75
24737.0,Angela,Bailey,United States,4,47.0,11.75
25160.0,Mackenzie,Stewart,United States,4,47.0,11.75
11163.0,Gabriel,Wang,United States,4,46.0,11.5
11183.0,Jasmine,Lee,United States,4,46.0,11.5
11190.0,Carson,Bryant,United States,4,46.0,11.5
11221.0,Nathan,Perry,United States,4,46.0,11.5
11755.0,Willie,Pal,Australia,5,46.0,9.2
12093.0,Levi,Chandra,United States,3,46.0,15.333333333333334
12778.0,Connie,Morgan,United States,4,46.0,11.5
12878.0,Gilbert,Sun,United States,2,46.0,23.0
13033.0,Xavier,Gonzalez,United States,4,46.0,11.5
13061.0,Ethan,Anderson,United States,2,46.0,23.0
13191.0,Emma,Rodriguez,United States,2,46.0,23.0
13245.0,Angel,Scott,United States,2,46.0,23.0
13300.0,Timothy,Hernandez,United States,4,46.0,11.5
13441.0,Omar,Zhang,United States,2,46.0,23.0
13755.0,Luke,Roberts,United States,4,46.0,11.5
13761.0,Logan,Powell,United States,2,46.0,23.0
13857.0,Victoria,Thompson,United States,4,46.0,11.5
13989.0,Chloe,Bradley,United States,2,46.0,23.0
14293.0,Kyle,Campbell,United States,2,46.0,23.0
14296.0,Benjamin,Russell,United States,4,46.0,11.5
14358.0,Amanda,Watson,United States,4,46.0,11.5
14369.0,Devin,Sanchez,United States,2,46.0,23.0
15000.0,Kelli,Zhou,Germany,2,46.0,23.0
15173.0,Miguel,Henderson,United States,4,46.0,11.5
15249.0,Abigail,Anderson,United States,2,46.0,23.0
15260.0,Kathleen,Torres,United States,4,46.0,11.5
17189.0,Clarence,Goel,Germany,2,46.0,23.0
17208.0,Jacob,Miller,Germany,4,46.0,11.5
17355.0,Shaun,Black,Australia,2,46.0,23.0
17375.0,Sheila,Gill,Australia,2,46.0,23.0
18221.0,Marc,Alvarez,Australia,4,46.0,11.5
18253.0,Trisha,Guo,Australia,4,46.0,11.5
18258.0,Cassie,Chander,Australia,4,46.0,11.5
19055.0,Garrett,Bailey,United Kingdom,4,46.0,11.5
19781.0,Alexis,Washington,Canada,4,46.0,11.5
19823.0,Abigail,Foster,Canada,2,46.0,23.0
19962.0,Dominic,Prasad,Australia,5,46.0,9.2
20202.0,Alexandra,Jones,Canada,4,46.0,11.5
20771.0,Madeline,Edwards,Canada,2,46.0,23.0
24294.0,Luis,Yang,United States,3,46.0,15.333333333333334
24313.0,Taylor,Brooks,United States,3,46.0,15.333333333333334
24389.0,Xavier,Carter,United States,3,46.0,15.333333333333334
24401.0,Douglas,Rana,United States,3,46.0,15.333333333333334
25149.0,Samantha,Griffin,United States,3,46.0,15.333333333333334
25154.0,Clinton,Serrano,United States,3,46.0,15.333333333333334
28412.0,Walter,Vazquez,France,3,46.0,15.333333333333334
12602.0,Francisco,Srini,United Kingdom,4,45.0,11.25
12654.0,Briana,Gill,United Kingdom,4,45.0,11.25
12660.0,Toni,Sanchez,France,2,45.0,22.5
12729.0,Jose,Perry,United Kingdom,4,45.0,11.25
12737.0,Brett,Chandra,France,2,45.0,22.5
12824.0,Kristopher,Subram,France,3,45.0,15.0
12896.0,Victoria,Wood,United States,4,45.0,11.25
13412.0,Rafael,Zhao,United Kingdom,4,45.0,11.25
13458.0,Joan,James,United States,4,45.0,11.25
13578.0,Karl,Nath,France,2,45.0,22.5
13594.0,Jessica,Williams,Germany,2,45.0,22.5
13601.0,Tanya,Dominguez,Germany,2,45.0,22.5
13610.0,Omar,Sharma,France,2,45.0,22.5
16464.0,Alan,Liu,United Kingdom,3,45.0,15.0
16542.0,Jésus,Ortega,United Kingdom,3,45.0,15.0
16574.0,Joe,Gomez,United Kingdom,3,45.0,15.0
16738.0,Ramon,Lu,Australia,4,45.0,11.25
16926.0,Rodney,Sanz,Australia,4,45.0,11.25
18187.0,Dennis,Gao,United Kingdom,4,45.0,11.25
19388.0,Alberto,Martin,Germany,4,45.0,11.25
19449.0,Nuan,Yuan,Germany,4,45.0,11.25
20522.0,Kevin,Parker,United States,2,45.0,22.5
21287.0,Kendra,Jimenez,,2,45.0,22.5
21353.0,Karen,Wu,,2,45.0,22.5
21474.0,Lucas,Gray,,2,45.0,22.5
21580.0,Mariah,Ward,Canada,4,45.0,11.25
21693.0,Alyssa,Ashe,United States,2,45.0,22.5
21717.0,Angel,King,United States,2,45.0,22.5
21801.0,Kaylee,Cooper,United States,2,45.0,22.5
22007.0,Kaylee,Hernandez,United States,2,45.0,22.5
22037.0,Angela,Gonzales,United States,4,45.0,11.25
22105.0,Taylor,Cooper,United States,4,45.0,11.25
22364.0,Katherine,Jenkins,United States,4,45.0,11.25
23126.0,Carolyn,Van,United States,4,45.0,11.25
23184.0,Hailey,Carter,United States,4,45.0,11.25
23199.0,Brandon,Hayes,United States,4,45.0,11.25
23251.0,Evan,Scott,United States,2,45.0,22.5
23353.0,Sophia,Scott,United States,4,45.0,11.25
23714.0,Joseph,Williams,United States,3,45.0,15.0
24260.0,Blake,Perry,United States,3,45.0,15.0
24968.0,Dalton,Moore,United States,3,45.0,15.0
28950.0,Carl,Lal,Australia,2,45.0,22.5
11127.0,Jan,Edwards,United States,3,44.0,14.666666666666666
11279.0,Amanda,Cook,United States,4,44.0,11.0
11283.0,Arturo,Lal,United States,4,44.0,11.0
11313.0,Trevor,Jenkins,United States,4,44.0,11.0
11322.0,Sydney,Garcia,United States,4,44.0,11.0
11424.0,Pamela,Garcia,Germany,2,44.0,22.0
11441.0,Erika,Gomez,France,2,44.0,22.0
11504.0,Jordan,Baker,United States,4,44.0,11.0
11521.0,Ariana,Peterson,United States,4,44.0,11.0
11532.0,Lauren,Miller,United States,4,44.0,11.0
11579.0,Clayton,Beck,United Kingdom,2,44.0,22.0
11620.0,Megan,Rodriguez,United States,4,44.0,11.0
12046.0,Alexa,Cook,United States,2,44.0,22.0
12047.0,Alexandra,Davis,United States,2,44.0,22.0
12099.0,Sydney,Hall,United States,2,44.0,22.0
12227.0,Kelsey,Raje,United Kingdom,2,44.0,22.0
12269.0,Warren,Zheng,France,2,44.0,22.0
12313.0,Jaime,Chande,France,2,44.0,22.0
12375.0,Jarrod,Raman,France,2,44.0,22.0
12957.0,Isabella,Lopez,United States,2,44.0,22.0
12985.0,Hailey,Roberts,United States,2,44.0,22.0
13507.0,Margaret,Patterson,United Kingdom,3,44.0,14.666666666666666
13516.0,Harold,Ray,United Kingdom,3,44.0,14.666666666666666
15052.0,Kari,Moreno,United Kingdom,4,44.0,11.0
17318.0,Tiffany,Zhang,Australia,3,44.0,14.666666666666666
19509.0,Nancy,Suri,Germany,3,44.0,14.666666666666666
20224.0,Lawrence,Gill,Australia,4,44.0,11.0
21074.0,Diane,Carlson,United Kingdom,3,44.0,14.666666666666666
21703.0,Paige,Blue,Canada,4,44.0,11.0
22823.0,Isabel,Alexander,United Kingdom,3,44.0,14.666666666666666
23490.0,Nicholas,Wilson,United States,3,44.0,14.666666666666666
23491.0,Miguel,Taylor,United States,3,44.0,14.666666666666666
23689.0,Kayla,Hall,United States,3,44.0,14.666666666666666
23745.0,Dana,Vazquez,France,4,44.0,11.0
23955.0,Lucas,Cook,France,4,44.0,11.0
24016.0,Karla,Sharma,France,4,44.0,11.0
26557.0,Katelyn,Morgan,United States,4,44.0,11.0
26794.0,Michele,Dominguez,United States,4,44.0,11.0
26804.0,Trinity,Sanders,United States,4,44.0,11.0
28784.0,Briana,Gomez,United States,2,44.0,22.0
11122.0,Byron,Vazquez,Australia,3,43.0,14.333333333333334
11866.0,Lucas,Scott,United States,2,43.0,21.5
11877.0,Alexis,Diaz,United States,2,43.0,21.5
11923.0,Sarah,Bryant,United States,2,43.0,21.5
11938.0,Seth,Alexander,United States,2,43.0,21.5
12150.0,Logan,Wang,United States,2,43.0,21.5
12157.0,William,White,United States,2,43.0,21.5
12567.0,Carmen,Arthur,United Kingdom,3,43.0,14.333333333333334
12593.0,Benjamin,Zhang,United Kingdom,3,43.0,14.333333333333334
12598.0,Alexandra,Bryant,United Kingdom,3,43.0,14.333333333333334
12733.0,Lacey,Cai,United Kingdom,3,43.0,14.333333333333334
15822.0,Damien,Zhu,Australia,5,43.0,8.6
16173.0,Cory,Rana,Australia,5,43.0,8.6
19391.0,Sergio,Rana,Germany,3,43.0,14.333333333333334
19976.0,Tamara,Sun,Australia,6,43.0,7.166666666666667
20594.0,Arthur,Torres,France,3,43.0,14.333333333333334
20731.0,Andre,Kovár,Germany,3,43.0,14.333333333333334
20873.0,Joel,Subram,Germany,3,43.0,14.333333333333334
20963.0,Teresa,Dominguez,United Kingdom,3,43.0,14.333333333333334
21521.0,Joanna,Romero,France,3,43.0,14.333333333333334
21678.0,Alvin,Tang,United Kingdom,3,43.0,14.333333333333334
23291.0,Timothy,Evans,United States,3,43.0,14.333333333333334
23599.0,Mackenzie,Roberts,United Kingdom,3,43.0,14.333333333333334
23670.0,Mya,Henderson,United States,3,43.0,14.333333333333334
23692.0,Isaac,King,United States,3,43.0,14.333333333333334
23736.0,Sydney,Rivera,United States,3,43.0,14.333333333333334
24391.0,Marissa,Washington,United States,3,43.0,14.333333333333334
24398.0,Brandon,Davis,United States,3,43.0,14.333333333333334
24821.0,Melissa,Alexander,United States,3,43.0,14.333333333333334
24992.0,Faith,Bryant,United States,3,43.0,14.333333333333334
25696.0,Damien,Luo,France,3,43.0,14.333333333333334
25915.0,Paige,Bryant,United States,3,43.0,14.333333333333334
26712.0,Ashley,Wilson,United States,3,43.0,14.333333333333334
26881.0,Regina,Fernandez,France,3,43.0,14.333333333333334
27135.0,David,Martin,France,3,43.0,14.333333333333334
27153.0,Gina,Ruiz,France,3,43.0,14.333333333333334
27304.0,Alexandra,Robinson,France,3,43.0,14.333333333333334
27318.0,James,Bryant,France,3,43.0,14.333333333333334
27330.0,Brendan,Nara,Germany,3,43.0,14.333333333333334
27610.0,Jeremy,Washington,United States,3,43.0,14.333333333333334
27630.0,Xavier,Coleman,United States,3,43.0,14.333333333333334
27835.0,Darren,Ruiz,France,4,43.0,10.75
28430.0,Armando,Suarez,Germany,3,43.0,14.333333333333334
28435.0,Edwin,Liu,Germany,3,43.0,14.333333333333334
28455.0,Raymond,Sara,Germany,3,43.0,14.333333333333334
11269.0,Ryan,Foster,United States,3,42.0,14.0
11294.0,Dalton,Clark,United States,3,42.0,14.0
11306.0,Micah,Zhou,United States,3,42.0,14.0
11309.0,Victoria,Lewis,United States,3,42.0,14.0
11312.0,Sara,Richardson,United States,3,42.0,14.0
11315.0,Hailey,Ward,United States,3,42.0,14.0
11318.0,Jessica,Wilson,United States,4,42.0,14.0
11524.0,Alyssa,Jackson,United States,3,42.0,14.0
11635.0,Darrell,Chande,United States,3,42.0,14.0
11644.0,Charles,Torres,United States,3,42.0,14.0
11936.0,Hunter,Clark,United States,3,42.0,14.0
12408.0,Jon,Lu,Germany,3,42.0,14.0
12420.0,Spencer,Hayes,United States,3,42.0,14.0
12436.0,Albert,Diaz,United States,3,42.0,14.0
12497.0,Ashlee,Kumar,Germany,3,42.0,14.0
13017.0,Xavier,Alexander,United States,3,42.0,14.0
13167.0,Mario,Tang,United States,3,42.0,14.0
13773.0,Dana,Blanco,France,3,42.0,14.0
14537.0,Clayton,Cai,Germany,3,42.0,14.0
14543.0,Heather,Lu,Germany,3,42.0,14.0
14696.0,Shawn,Anand,Germany,3,42.0,14.0
14703.0,Clifford,Srini,Germany,3,42.0,14.0
14898.0,Katelyn,Edwards,United States,4,42.0,10.5
15698.0,Susan,Wang,Germany,3,42.0,14.0
15791.0,Megan,Long,Australia,4,42.0,10.5
15854.0,Miranda,Wood,United States,4,42.0,10.5
16583.0,Justin,Martinez,Germany,3,42.0,14.0
19265.0,Dale,Raji,Australia,3,42.0,14.0
19266.0,Grant,Xu,Australia,3,42.0,14.0
19267.0,Marshall,Raje,Australia,3,42.0,14.0
19650.0,Sabrina,Sanz,Australia,3,42.0,14.0
19674.0,Casey,Deng,Australia,3,42.0,14.0
21172.0,Francisco,Sanchez,Australia,3,42.0,14.0
21174.0,Andre,Smith,Australia,3,42.0,14.0
21190.0,Pablo,Rovira Diez,Australia,3,42.0,14.0
21224.0,Jamie,Alan,Australia,3,42.0,14.0
21407.0,Wesley,Lin,Australia,3,42.0,14.0
21566.0,Jermaine,Garcia,Australia,3,42.0,14.0
21726.0,Morgan,Hall,Canada,4,42.0,10.5
21883.0,Patricia,Kapoor,Australia,3,42.0,14.0
21961.0,Chelsea,Garcia,Australia,3,42.0,14.0
22006.0,Jon,Nara,Australia,3,42.0,14.0
22204.0,Dustin,Xie,Australia,3,42.0,14.0
22208.0,Candice,Liang,Australia,3,42.0,14.0
22214.0,Sabrina,Ruiz,Australia,3,42.0,14.0
22704.0,Bethany,Raje,France,3,42.0,14.0
23458.0,Mackenzie,Edwards,Canada,4,42.0,10.5
25900.0,Haley,Sanders,United States,2,42.0,21.0
26403.0,Philip,Navarro,Germany,3,42.0,14.0
27010.0,Jordyn,Patterson,United States,3,42.0,14.0
27016.0,Lauren,Reed,United States,3,42.0,14.0
27149.0,Jeffery,She,Australia,3,42.0,14.0
27496.0,Stanley,Suri,Australia,3,42.0,14.0
27704.0,Jimmy,Romero,Australia,3,42.0,14.0
11149.0,Theodore,Gill,Australia,4,41.0,10.25
11157.0,Hannah,Long,United States,3,41.0,13.666666666666666
11181.0,Devin,Martin,United States,3,41.0,13.666666666666666
11186.0,Sarah,Price,United States,3,41.0,13.666666666666666
11193.0,Ian,Gray,United States,3,41.0,13.666666666666666
11913.0,Rebecca,Robinson,Australia,4,41.0,10.25
15031.0,Darryl,Lin,Australia,3,41.0,13.666666666666666
15217.0,Ethan,Jai,Australia,4,41.0,10.25
17331.0,Keith,Stone,Australia,3,41.0,13.666666666666666
19627.0,Kari,Blanco,Australia,5,41.0,8.2
11140.0,Javier,Alvarez,United States,2,40.0,20.0
11418.0,Rafael,Hu,Germany,2,40.0,20.0
11514.0,Dalton,Diaz,United States,2,40.0,20.0
12028.0,Sarah,Lewis,United States,2,40.0,20.0
12416.0,Veronica,Martinez,United States,2,40.0,20.0
12427.0,Kimberly,Stewart,United States,2,40.0,20.0
12498.0,Eduardo,Diaz,Germany,2,40.0,20.0
12595.0,Mathew,Blanco,United Kingdom,3,40.0,13.333333333333334
12741.0,Raymond,Sam,Germany,2,40.0,20.0
12799.0,George,Chandra,Germany,2,40.0,20.0
12800.0,Lacey,Chen,Germany,2,40.0,20.0
12802.0,Alan,Sun,Germany,2,40.0,20.0
12809.0,Michele,Navarro,Germany,2,40.0,20.0
12831.0,Kathryn,Lal,Germany,2,40.0,20.0
12832.0,Douglas,Prasad,Germany,2,40.0,20.0
12835.0,Karl,Yuan,Germany,2,40.0,20.0
12840.0,Naomi,Sanz,United Kingdom,2,40.0,20.0
13494.0,Byron,Gutierrez,Germany,2,40.0,20.0
13497.0,Deborah,Sharma,Germany,2,40.0,20.0
13500.0,Molly,Vance,Germany,2,40.0,20.0
13501.0,Clayton,Zhu,Germany,2,40.0,20.0
13574.0,Brenda,Garcia,Germany,2,40.0,20.0
13677.0,Brian,Albrecht,Germany,2,40.0,20.0
13684.0,Francis,Dominguez,Germany,2,40.0,20.0
13796.0,Martha,Zheng,Germany,2,40.0,20.0
13818.0,Dawn,Chander,France,2,40.0,20.0
14375.0,Alexandra,Moore,United States,2,40.0,20.0
14390.0,Logan,Kumar,United States,2,40.0,20.0
14397.0,Sierra,Edwards,United States,2,40.0,20.0
14402.0,Hailey,Parker,United States,2,40.0,20.0
14467.0,Aidan,Russell,United States,2,40.0,20.0
14483.0,Nicole,Henderson,United States,2,40.0,20.0
14487.0,Seth,Hall,United States,2,40.0,20.0
14489.0,Jason,Wang,United States,2,40.0,20.0
14490.0,Aidan,Butler,United States,2,40.0,20.0
14503.0,Brianna,Alexander,United States,2,40.0,20.0
14506.0,Stacy,Suarez,United States,2,40.0,20.0
14507.0,Eric,Wright,United States,2,40.0,20.0
14512.0,Christopher,Jones,United States,2,40.0,20.0
14544.0,Darryl,West,France,2,40.0,20.0
14563.0,Fernando,Carter,United States,2,40.0,20.0
14570.0,Hannah,Henderson,United States,2,40.0,20.0
14573.0,Madison,Wood,United States,2,40.0,20.0
14588.0,Alexander,Taylor,United States,2,40.0,20.0
14595.0,Andrea,Ward,United States,2,40.0,20.0
14600.0,Ariana,Ramirez,United States,2,40.0,20.0
14608.0,Warren,Gao,United States,2,40.0,20.0
14612.0,Ernest,Zhang,United States,2,40.0,20.0
14618.0,Gabrielle,Baker,United States,2,40.0,20.0
14619.0,Nathaniel,Sanders,United States,2,40.0,20.0
14624.0,Anna,Thomas,United States,2,40.0,20.0
14637.0,Dustin,Nath,United States,2,40.0,20.0
14659.0,Zachary,Harris,United States,2,40.0,20.0
14693.0,Robert,Parker,France,2,40.0,20.0
14710.0,Lisa,Ma,Germany,2,40.0,20.0
14758.0,Victoria,Long,United States,2,40.0,20.0
14761.0,Morgan,Kelly,United States,2,40.0,20.0
14807.0,Brenda,Martinez,France,2,40.0,20.0
14810.0,Russell,Anand,France,2,40.0,20.0
14826.0,Stefanie,Lopez,France,2,40.0,20.0
14850.0,Audrey,Vazquez,France,2,40.0,20.0
14856.0,Kari,Carlson,United States,2,40.0,20.0
14859.0,Jarrod,Weber,Australia,4,40.0,10.0
14908.0,Morgan,Mitchell,United States,2,40.0,20.0
14924.0,Cynthia,Sai,France,2,40.0,20.0
14959.0,Ross,Patel,France,2,40.0,20.0
14963.0,Sydney,Perry,United Kingdom,2,40.0,20.0
14971.0,Susan,Zhu,France,2,40.0,20.0
15012.0,Emma,Hughes,United States,2,40.0,20.0
15020.0,Christy,Ma,Australia,4,40.0,10.0
15091.0,Jermaine,Madan,Germany,2,40.0,20.0
15158.0,Victoria,Moore,United States,2,40.0,20.0
15165.0,Carl,Anand,United States,2,40.0,20.0
15168.0,Xavier,Bell,United States,2,40.0,20.0
15232.0,Omar,Ma,Australia,3,40.0,13.333333333333334
15257.0,Matthew,Anderson,United States,2,40.0,20.0
15270.0,Ariana,Cox,United States,2,40.0,20.0
15271.0,Samuel,Yang,United States,2,40.0,20.0
15281.0,Hunter,Anderson,United States,2,40.0,20.0
15285.0,Olivia,Rodriguez,United States,2,40.0,20.0
15293.0,Mason,Watson,United States,2,40.0,20.0
15297.0,Nicole,Bryant,United States,2,40.0,20.0
15307.0,Jennifer,Garcia,United States,2,40.0,20.0
15318.0,Grace,Watson,United States,2,40.0,20.0
15327.0,Paula,Hernandez,United States,2,40.0,20.0
15330.0,Catherine,Richardson,United States,2,40.0,20.0
15332.0,Jason,Sharma,United States,2,40.0,20.0
15335.0,Emily,Patterson,United States,2,40.0,20.0
15358.0,Danielle,Sanders,United States,2,40.0,20.0
15361.0,Thomas,Gonzales,United States,2,40.0,20.0
15373.0,Kaitlyn,Jones,United States,2,40.0,20.0
15390.0,Jonathan,Turner,United States,2,40.0,20.0
15392.0,Sydney,Brown,United States,2,40.0,20.0
15397.0,Karl,Tang,United States,2,40.0,20.0
15401.0,Rachel,Hughes,United States,2,40.0,20.0
15403.0,Jeremiah,Ross,United States,2,40.0,20.0
15407.0,Julia,Lee,United States,2,40.0,20.0
15408.0,Olivia,Thompson,United States,2,40.0,20.0
15430.0,Alfredo,Jiménez,United States,2,40.0,20.0
15465.0,Jacquelyn,Navarro,Australia,3,40.0,13.333333333333334
15469.0,Fernando,Williams,United States,2,40.0,20.0
15485.0,Jordan,Wright,United States,2,40.0,20.0
15486.0,Kevin,Griffin,United States,2,40.0,20.0
15495.0,Craig,Alonso,United States,2,40.0,20.0
15496.0,Kelli,Goel,United States,2,40.0,20.0
15504.0,Jared,James,United States,2,40.0,20.0
15508.0,Megan,Brooks,United States,2,40.0,20.0
15509.0,Zachary,Washington,United States,2,40.0,20.0
15510.0,Ernest,She,United States,2,40.0,20.0
15513.0,Madeline,Perez,United States,2,40.0,20.0
15545.0,Jennifer,Rivera,United States,2,40.0,20.0
15546.0,Robert,Jenkins,United States,2,40.0,20.0
15563.0,Luke,Lopez,United States,2,40.0,20.0
15603.0,Philip,Blanco,Australia,3,40.0,13.333333333333334
15605.0,Alan,Yang,Australia,3,40.0,13.333333333333334
15608.0,Faith,James,Germany,2,40.0,20.0
15629.0,Meghan,Ruiz,Germany,2,40.0,20.0
15715.0,Isabella,Adams,Australia,3,40.0,13.333333333333334
15740.0,Johnny,Kumar,United States,2,40.0,20.0
15742.0,Grace,Thompson,United States,2,40.0,20.0
15743.0,Chloe,Thompson,United States,2,40.0,20.0
15747.0,Evan,Nelson,United States,2,40.0,20.0
15772.0,Christopher,Anderson,United States,2,40.0,20.0
15777.0,Brianna,Smith,United States,2,40.0,20.0
15825.0,Angela,Simmons,United States,2,40.0,20.0
15837.0,Julia,Johnston,United States,2,40.0,20.0
15848.0,Gabrielle,Hernandez,United States,2,40.0,20.0
15871.0,Ryan,Jai,United States,2,40.0,20.0
15877.0,Jordan,Perez,United States,2,40.0,20.0
15884.0,Dakota,Bradley,United States,2,40.0,20.0
15887.0,Deanna,Vazquez,United States,2,40.0,20.0
15891.0,Jordan,Lopez,United States,2,40.0,20.0
15910.0,Caleb,Hughes,United States,2,40.0,20.0
15936.0,Abigail,Johnson,United States,2,40.0,20.0
15939.0,Jennifer,Brown,United States,2,40.0,20.0
15951.0,Jenna,Baker,United States,2,40.0,20.0
15955.0,Neil,Ortega,United States,2,40.0,20.0
15970.0,Samuel,Thompson,United States,2,40.0,20.0
15971.0,Ryan,Jenkins,United States,2,40.0,20.0
15973.0,Christopher,Garcia,United States,2,40.0,20.0
15977.0,Julia,Harris,United States,2,40.0,20.0
16006.0,Angelica,Henderson,United States,2,40.0,20.0
16037.0,Melissa,Kelly,Germany,2,40.0,20.0
16048.0,Kelli,Yang,Germany,2,40.0,20.0
16049.0,Ashlee,Nara,Germany,2,40.0,20.0
16057.0,Michele,Gomez,Germany,2,40.0,20.0
16070.0,Sierra,Phillips,United States,2,40.0,20.0
16074.0,Caleb,Roberts,United States,2,40.0,20.0
16082.0,Autumn,Zeng,United States,2,40.0,20.0
16091.0,Alyssa,Lewis,United States,2,40.0,20.0
16107.0,Jordan,Edwards,United States,2,40.0,20.0
16153.0,Eric,Jai,United States,2,40.0,20.0
16212.0,Jacqueline,Rivera,United States,2,40.0,20.0
16239.0,Gabriel,Nelson,United States,2,40.0,20.0
16248.0,Alyssa,Ross,United States,2,40.0,20.0
16367.0,Emily,Williams,United States,2,40.0,20.0
16477.0,Anna,Gonzales,United States,2,40.0,20.0
16485.0,Ian,Foster,United States,2,40.0,20.0
16498.0,Hunter,Jones,United States,2,40.0,20.0
16502.0,Jackson,Parker,United States,2,40.0,20.0
16505.0,Erin,Gray,United States,2,40.0,20.0
16642.0,Mason,Mitchell,United States,2,40.0,20.0
16655.0,Destiny,Taylor,United States,2,40.0,20.0
16719.0,Trevor,Russell,United States,2,40.0,20.0
16720.0,Morgan,Perry,United States,2,40.0,20.0
16724.0,Gabriel,Yang,United States,2,40.0,20.0
16787.0,Nicole,Jackson,United States,2,40.0,20.0
16788.0,Ronnie,Gao,United States,2,40.0,20.0
16814.0,Isabella,Collins,United States,2,40.0,20.0
16862.0,Timothy,Nelson,United States,2,40.0,20.0
16875.0,Samantha,Diaz,United States,2,40.0,20.0
16877.0,Katelyn,Adams,United States,2,40.0,20.0
16884.0,Richard,Miller,United States,2,40.0,20.0
16885.0,Garrett,Cook,United States,2,40.0,20.0
16901.0,Ricky,Munoz,United States,2,40.0,20.0
16957.0,Seth,Wilson,United States,2,40.0,20.0
16963.0,Faith,Hughes,United States,2,40.0,20.0
16965.0,Kristi,Romero,United States,2,40.0,20.0
16980.0,Jill,Moore,United States,2,40.0,20.0
16991.0,Brianna,Henderson,United States,2,40.0,20.0
16994.0,Deanna,Torres,United States,2,40.0,20.0
17044.0,Ana,Hayes,United States,2,40.0,20.0
17117.0,Lydia,Prasad,United States,2,40.0,20.0
17146.0,Juan,Cook,United States,2,40.0,20.0
17158.0,Mitchell,Nara,United States,2,40.0,20.0
17162.0,Rachel,Blue,United States,2,40.0,20.0
17260.0,Sean,King,United States,2,40.0,20.0
17342.0,William,Jones,United States,2,40.0,20.0
17343.0,Tristan,Price,United States,2,40.0,20.0
17359.0,María,Flores,United States,2,40.0,20.0
17366.0,Devin,Harris,United States,2,40.0,20.0
17378.0,Zachary,Foster,United States,2,40.0,20.0
17380.0,Nathan,Adams,United States,2,40.0,20.0
17390.0,Blake,Lewis,United States,2,40.0,20.0
17397.0,Alexandra,Cook,United States,2,40.0,20.0
17418.0,Victoria,Ramirez,United States,2,40.0,20.0
17419.0,Brianna,Reed,United States,2,40.0,20.0
17428.0,Xavier,Perez,United States,2,40.0,20.0
17451.0,Isabelle,Wood,United States,2,40.0,20.0
17471.0,Grace,James,United States,2,40.0,20.0
17516.0,Thomas,Foster,United States,2,40.0,20.0
17517.0,Daniel,Williams,United States,2,40.0,20.0
17549.0,Jonathan,Taylor,United States,2,40.0,20.0
17554.0,Emma,Harris,United States,2,40.0,20.0
17560.0,Kaylee,Richardson,United States,2,40.0,20.0
17577.0,Justin,Lee,United States,2,40.0,20.0
17583.0,Stephanie,Cook,United States,2,40.0,20.0
17584.0,Lisa,Liu,United States,2,40.0,20.0
17598.0,Cameron,Harris,United States,2,40.0,20.0
17605.0,Jon,Ma,United States,2,40.0,20.0
17610.0,Anna,White,United States,2,40.0,20.0
17611.0,Luis,Butler,United States,2,40.0,20.0
17618.0,Ramon,Liu,United States,2,40.0,20.0
17653.0,Linda,Vazquez,France,2,40.0,20.0
17665.0,Zachary,Jenkins,United States,2,40.0,20.0
17674.0,Kevin,Wang,United States,2,40.0,20.0
17679.0,Joe,Mehta,United States,2,40.0,20.0
17687.0,Miguel,Turner,United States,2,40.0,20.0
17696.0,Madison,Simmons,United States,2,40.0,20.0
17823.0,Ramon,Gao,France,3,40.0,13.333333333333334
17872.0,Robert,Miller,United States,2,40.0,20.0
18058.0,Riley,Patterson,United States,2,40.0,20.0
18097.0,Sydney,Stewart,United States,2,40.0,20.0
18105.0,Destiny,Brooks,United States,2,40.0,20.0
18170.0,Adam,Perez,Germany,2,40.0,20.0
18223.0,Noah,Clark,United States,2,40.0,20.0
18235.0,Vincent,Guo,United States,2,40.0,20.0
18323.0,Jeremy,Clark,United States,2,40.0,20.0
18340.0,Arianna,Cooper,United States,2,40.0,20.0
18342.0,Victoria,James,United States,2,40.0,20.0
18343.0,Dalton,Green,United States,2,40.0,20.0
18347.0,Alyssa,Clark,United States,2,40.0,20.0
18349.0,Jacob,Robinson,United States,2,40.0,20.0
18358.0,Oscar,Coleman,United States,2,40.0,20.0
18365.0,Daniel,Lewis,United States,2,40.0,20.0
18417.0,Jonathan,Roberts,United States,2,40.0,20.0
18419.0,Rachel,Johnson,United States,2,40.0,20.0
18474.0,James,Smith,United States,2,40.0,20.0
18500.0,Jose,Brown,United States,2,40.0,20.0
18529.0,Albert,Castro,United States,2,40.0,20.0
18574.0,Kaitlyn,Taylor,United States,2,40.0,20.0
18640.0,Isaac,James,United States,2,40.0,20.0
18662.0,Kyle,Sharma,United States,2,40.0,20.0
18751.0,Kari,Schmidt,United States,2,40.0,20.0
18778.0,Miguel,Washington,United States,2,40.0,20.0
19077.0,Pedro,Prasad,United Kingdom,2,40.0,20.0
19082.0,Alvin,Zhang,United Kingdom,2,40.0,20.0
19180.0,Joan,Navarro,France,2,40.0,20.0
19182.0,Lance,Dominguez,France,2,40.0,20.0
19268.0,Alyssa,Ward,Australia,2,40.0,20.0
19273.0,Natalie,Henderson,France,2,40.0,20.0
19277.0,Billy,Jiménez,France,2,40.0,20.0
19303.0,Sylvia,Spencer,France,2,40.0,20.0
19926.0,Alexandria,Diaz,United Kingdom,2,40.0,20.0
20070.0,Richard,Morris,Canada,2,40.0,20.0
20083.0,Terry,Kumar,United States,2,40.0,20.0
20100.0,Jesse,Watson,United States,2,40.0,20.0
20102.0,Arianna,Jenkins,United States,2,40.0,20.0
20273.0,Katherine,Martin,Canada,2,40.0,20.0
20316.0,Suzanne,Zhang,Australia,2,40.0,20.0
20441.0,Abigail,Henderson,Canada,2,40.0,20.0
20691.0,Eduardo,Smith,Canada,2,40.0,20.0
20783.0,Amanda,Collins,Canada,2,40.0,20.0
20792.0,Hailey,Rivera,Canada,2,40.0,20.0
20928.0,Raymond,Kapoor,Germany,3,40.0,13.333333333333334
21009.0,Clinton,Sandberg,Germany,2,40.0,20.0
21043.0,Johnathan,McDonald,Germany,2,40.0,20.0
21085.0,Leslie,Vazquez,Germany,2,40.0,20.0
21109.0,Katie,Pal,Germany,2,40.0,20.0
21131.0,Gilbert,Nath,Germany,2,40.0,20.0
21177.0,Kara,Nath,Australia,2,40.0,20.0
21178.0,Jillian,Saunders,Australia,2,40.0,20.0
21185.0,Gilbert,Jai,Australia,2,40.0,20.0
21208.0,Olivia,Griffin,Australia,2,40.0,20.0
21209.0,Randall,Moreno,Australia,2,40.0,20.0
21210.0,Colin,Luo,Australia,2,40.0,20.0
21232.0,Levi,Garcia,Australia,2,40.0,20.0
21276.0,Ian,Coleman,Canada,2,40.0,20.0
21339.0,Haley,Barnes,Canada,2,40.0,20.0
21366.0,Kelvin,Andersen,Australia,2,40.0,20.0
21370.0,Emmanuel,Martinez,Australia,2,40.0,20.0
21375.0,Carl,Sharma,Australia,2,40.0,20.0
21480.0,Alfredo,Martin,Canada,2,40.0,20.0
21533.0,Gilbert,Tang,United Kingdom,4,40.0,10.0
21563.0,Carla,Mehta,Australia,2,40.0,20.0
21577.0,Tiffany,Ma,Canada,2,40.0,20.0
21663.0,Kenneth,Goel,Germany,2,40.0,20.0
21691.0,Brandon,Martin,Canada,2,40.0,20.0
21803.0,Emily,Thomas,Canada,2,40.0,20.0
21832.0,Pedro,Gill,France,2,40.0,20.0
21844.0,James,Long,Germany,2,40.0,20.0
21846.0,Kevin,Patterson,Germany,2,40.0,20.0
21849.0,Todd,Chow,France,2,40.0,20.0
21861.0,Kari,Romero,France,2,40.0,20.0
21863.0,Shawna,Anand,Germany,2,40.0,20.0
21880.0,Marc,Gomez,Australia,2,40.0,20.0
21887.0,Ashley,White,Australia,2,40.0,20.0
21890.0,Tiffany,Zeng,Australia,2,40.0,20.0
21914.0,Emily,Brown,Germany,2,40.0,20.0
21916.0,Jesse,Evans,Canada,2,40.0,20.0
21960.0,Dawn,Liu,Australia,2,40.0,20.0
21963.0,Jacquelyn,Serrano,Australia,2,40.0,20.0
21972.0,Mandy,She,Australia,3,40.0,13.333333333333334
21997.0,Dennis,Xu,Australia,2,40.0,20.0
22026.0,Bridget,Kennedy,Canada,2,40.0,20.0
22143.0,Summer,Prasad,Canada,2,40.0,20.0
22212.0,Kara,Xu,Australia,2,40.0,20.0
22315.0,Darren,Raman,United Kingdom,2,40.0,20.0
22326.0,Riley,Howard,United States,3,40.0,13.333333333333334
22332.0,Brittany,Bennett,Canada,2,40.0,20.0
22353.0,Amanda,Allen,Canada,2,40.0,20.0
22354.0,Sara,King,Canada,2,40.0,20.0
22371.0,Blake,Powell,Canada,2,40.0,20.0
22384.0,Paige,Sanchez,Germany,2,40.0,20.0
22389.0,Edwin,Luo,Germany,2,40.0,20.0
22453.0,Dakota,Long,Germany,2,40.0,20.0
22482.0,Cassidy,Jenkins,Germany,2,40.0,20.0
22528.0,Jaime,Blanco,United Kingdom,2,40.0,20.0
22657.0,Clinton,Suarez,United Kingdom,2,40.0,20.0
22670.0,Erika,Sanz,United Kingdom,2,40.0,20.0
22746.0,Erica,Zhang,United States,3,40.0,13.333333333333334
22831.0,Victor,Ruiz,France,2,40.0,20.0
22844.0,Marie,Arun,Australia,2,40.0,20.0
22848.0,Peter,Pal,Australia,2,40.0,20.0
22852.0,Billy,Alonso,Australia,2,40.0,20.0
22853.0,Tasha,Pal,Australia,2,40.0,20.0
22869.0,Rafael,Lu,United Kingdom,2,40.0,20.0
22911.0,Gregory,Raje,Australia,2,40.0,20.0
22948.0,Lucas,Turner,Australia,2,40.0,20.0
22952.0,Luke,Baker,Australia,2,40.0,20.0
22957.0,Nicole,Davis,Australia,2,40.0,20.0
22962.0,Casey,Martin,Australia,2,40.0,20.0
22969.0,Taylor,Martin,Canada,2,40.0,20.0
23084.0,Christian,Shan,Canada,2,40.0,20.0
23087.0,Clifford,Martinez,Australia,2,40.0,20.0
23123.0,Zoe,Kelly,Australia,2,40.0,20.0
23128.0,Dylan,Jai,Australia,2,40.0,20.0
23134.0,Alyssa,Robinson,Canada,2,40.0,20.0
23196.0,Carlos,Roberts,Canada,2,40.0,20.0
23219.0,Alyssa,West,United Kingdom,2,40.0,20.0
23235.0,Cedric,Pal,United Kingdom,2,40.0,20.0
23244.0,Alexandra,Wagner,Canada,2,40.0,20.0
23245.0,Morgan,James,Canada,2,40.0,20.0
23253.0,Brooke,Bell,Canada,2,40.0,20.0
23255.0,Xavier,Johnson,Canada,2,40.0,20.0
23284.0,Wyatt,Coleman,Canada,2,40.0,20.0
23317.0,Beth,Martin,Australia,2,40.0,20.0
23329.0,Sharon,Raji,Australia,2,40.0,20.0
23401.0,Evan,Brooks,Canada,2,40.0,20.0
23419.0,Shawna,Xu,Australia,2,40.0,20.0
23426.0,Mathew,Ferrier,Australia,2,40.0,20.0
23428.0,Savannah,Bailey,Australia,2,40.0,20.0
23459.0,Mason,Sanders,Canada,2,40.0,20.0
23530.0,Ivan,Prasad,Australia,2,40.0,20.0
23536.0,Savannah,Adams,Australia,2,40.0,20.0
23551.0,Mason,Scott,Canada,2,40.0,20.0
23567.0,Xavier,Green,Canada,2,40.0,20.0
23569.0,Vanessa,Price,Australia,2,40.0,20.0
23576.0,Ann,Sara,Australia,2,40.0,20.0
23644.0,Allison,Young,Australia,2,40.0,20.0
23650.0,Carolyn,Vazquez,Australia,2,40.0,20.0
23679.0,Jacob,Harris,Canada,2,40.0,20.0
23719.0,Marcus,James,Canada,2,40.0,20.0
23743.0,Terrence,Xu,United Kingdom,2,40.0,20.0
23943.0,Cindy,Subram,United Kingdom,2,40.0,20.0
23968.0,Caleb,Baker,United Kingdom,2,40.0,20.0
23978.0,Philip,Ortega,United Kingdom,2,40.0,20.0
23985.0,Janet,Torres,United Kingdom,2,40.0,20.0
23997.0,Kristopher,Srini,Australia,2,40.0,20.0
24079.0,Andre,Raman,United Kingdom,2,40.0,20.0
24082.0,Regina,Rodriguez,France,2,40.0,20.0
24085.0,Autumn,Gao,United Kingdom,2,40.0,20.0
24094.0,Julio,Diaz,United Kingdom,2,40.0,20.0
24106.0,Kelvin,Shan,France,2,40.0,20.0
24113.0,Stephanie,Green,France,2,40.0,20.0
24144.0,Gerald,Sanchez,United Kingdom,2,40.0,20.0
24196.0,Armando,Gill,France,2,40.0,20.0
24256.0,Kayla,Barnes,Canada,2,40.0,20.0
24470.0,Clarence,Lal,Australia,2,40.0,20.0
24581.0,Reginald,Diaz,United Kingdom,2,40.0,20.0
24594.0,Franklin,Yuan,Australia,2,40.0,20.0
24603.0,Jake,Zhu,Australia,2,40.0,20.0
24610.0,Troy,Kapoor,Australia,2,40.0,20.0
24639.0,Ian,Moore,Canada,2,40.0,20.0
24647.0,Jose,Simmons,Canada,2,40.0,20.0
24730.0,Anthony,Moore,Canada,2,40.0,20.0
24748.0,Jose,Collins,Canada,2,40.0,20.0
24755.0,Sean,Scott,Canada,2,40.0,20.0
24853.0,Miguel,Long,United Kingdom,2,40.0,20.0
24858.0,Calvin,Xie,United Kingdom,2,40.0,20.0
24859.0,Cesar,Arun,United Kingdom,2,40.0,20.0
24869.0,Misty,Shock,United Kingdom,2,40.0,20.0
24880.0,Summer,Chandra,United Kingdom,2,40.0,20.0
24890.0,Brenda,Van,Australia,2,40.0,20.0
24947.0,Aaron,Phillips,Canada,2,40.0,20.0
25110.0,Tabitha,Suarez,Australia,2,40.0,20.0
25116.0,Phillip,Sara,Australia,2,40.0,20.0
25122.0,Susan,Zhao,Australia,2,40.0,20.0
25123.0,Sharon,Simpson,Australia,2,40.0,20.0
25134.0,Brett,Rodriguez,Australia,2,40.0,20.0
25136.0,Ruben,Diaz,Australia,2,40.0,20.0
25143.0,Destiny,Henderson,France,2,40.0,20.0
25147.0,Samantha,Brown,Canada,2,40.0,20.0
25217.0,Byron,Martin,Australia,2,40.0,20.0
25219.0,Karla,Lal,Australia,2,40.0,20.0
25227.0,Jaime,Gutierrez,Australia,2,40.0,20.0
25236.0,Lance,Martin,Australia,2,40.0,20.0
25248.0,Denise,Madan,Australia,2,40.0,20.0
25251.0,Toni,Rodriguez,Australia,2,40.0,20.0
25295.0,Chad,Raje,Australia,2,40.0,20.0
25324.0,Bethany,Andersen,United Kingdom,2,40.0,20.0
25332.0,Jackson,Bryant,Canada,2,40.0,20.0
25416.0,Jack,Coleman,United States,4,40.0,10.0
25469.0,Martha,Wu,France,2,40.0,20.0
25471.0,Spencer,Ross,France,2,40.0,20.0
25475.0,Destiny,Martin,France,2,40.0,20.0
25494.0,Lee,Jimenez,France,2,40.0,20.0
25495.0,Sheena,Kennedy,France,2,40.0,20.0
25515.0,Tara,Deng,France,2,40.0,20.0
25517.0,Christina,Cook,France,2,40.0,20.0
25518.0,Oscar,Lu,France,2,40.0,20.0
25519.0,Margaret,Sun,France,2,40.0,20.0
25535.0,Brandi,Navarro,France,2,40.0,20.0
25579.0,Bobby,Prasad,France,2,40.0,20.0
25580.0,Amber,Allen,France,2,40.0,20.0
25620.0,Alejandro,Lu,Canada,2,40.0,20.0
25630.0,Mandy,Zeng,France,2,40.0,20.0
25638.0,Dale,Tang,France,2,40.0,20.0
25643.0,Sergio,Arun,France,2,40.0,20.0
25652.0,Rachael,Sara,France,2,40.0,20.0
25654.0,Carla,Malhotra,France,2,40.0,20.0
25666.0,Micheal,Munoz,France,2,40.0,20.0
25679.0,Meredith,Rodriguez,France,2,40.0,20.0
25781.0,Alejandro,Xie,United Kingdom,2,40.0,20.0
25800.0,Sheena,Nath,United Kingdom,2,40.0,20.0
25815.0,Jacquelyn,Romero,Australia,2,40.0,20.0
25824.0,Terry,Pal,Australia,2,40.0,20.0
25855.0,Dylan,Diaz,United States,4,40.0,10.0
25873.0,Isaiah,Sanders,Canada,2,40.0,20.0
25884.0,Elijah,Evans,Canada,2,40.0,20.0
26009.0,Luis,Foster,United States,4,40.0,10.0
26099.0,Christina,Bell,Canada,2,40.0,20.0
26105.0,Morgan,Gonzales,United States,4,40.0,10.0
26132.0,Shelby,Ward,Australia,2,40.0,20.0
26136.0,Tabitha,Gonzalez,Australia,2,40.0,20.0
26377.0,Isabelle,Foster,Canada,2,40.0,20.0
26397.0,Micheal,Travers,United Kingdom,2,40.0,20.0
26456.0,Xavier,Peterson,Canada,2,40.0,20.0
26686.0,Christian,Washington,Canada,2,40.0,20.0
26701.0,Katherine,Hill,Canada,2,40.0,20.0
26891.0,Arturo,Zhang,United Kingdom,2,40.0,20.0
27144.0,Franklin,Shen,Australia,2,40.0,20.0
27208.0,David,Chen,Canada,2,40.0,20.0
27329.0,Gloria,Vazquez,France,2,40.0,20.0
27335.0,Ricardo,Raji,France,2,40.0,20.0
27580.0,Krista,Blanco,Australia,2,40.0,20.0
27594.0,Nicolas,Andersen,Australia,2,40.0,20.0
27632.0,Sheila,Ortega,Canada,2,40.0,20.0
27700.0,Barry,Arun,Australia,2,40.0,20.0
27705.0,Roger,Pal,Australia,2,40.0,20.0
27720.0,Arturo,Wang,Australia,2,40.0,20.0
27779.0,Jordan,Washington,France,2,40.0,20.0
27803.0,Theresa,Suarez,France,2,40.0,20.0
27812.0,Alison,Lal,France,2,40.0,20.0
27829.0,Jorge,Wang,France,2,40.0,20.0
27849.0,Dalton,Adams,France,2,40.0,20.0
27851.0,Diana,Martin,France,2,40.0,20.0
27857.0,Brandi,Munoz,France,2,40.0,20.0
27886.0,Denise,Gonzalez,France,2,40.0,20.0
27914.0,Jasmine,Foster,United States,2,40.0,20.0
27915.0,Jordan,Green,United States,2,40.0,20.0
27916.0,Aaron,Carter,United States,2,40.0,20.0
27954.0,Brenda,Saunders,France,2,40.0,20.0
27966.0,Jenny,Chen,France,2,40.0,20.0
27968.0,Roger,Xu,Australia,2,40.0,20.0
27981.0,Aimee,Hu,Australia,2,40.0,20.0
28001.0,Sydney,Rodriguez,United States,2,40.0,20.0
28002.0,Christy,Kumar,United States,2,40.0,20.0
28007.0,Clayton,Ye,United States,2,40.0,20.0
28020.0,Lucas,Griffin,United States,2,40.0,20.0
28023.0,Andrea,James,United States,2,40.0,20.0
28029.0,Seth,Price,United States,2,40.0,20.0
28043.0,Gabrielle,Young,United States,2,40.0,20.0
28060.0,Blake,Rodriguez,United States,2,40.0,20.0
28079.0,Haley,Phillips,Canada,2,40.0,20.0
28080.0,Isabella,Peterson,Canada,2,40.0,20.0
28090.0,Edward,Walker,United States,2,40.0,20.0
28122.0,Gabriel,King,United States,2,40.0,20.0
28140.0,Gilbert,Kumar,Australia,2,40.0,20.0
28174.0,Marco,Subram,United States,2,40.0,20.0
28187.0,Aaron,Chen,United States,2,40.0,20.0
28213.0,Jared,Morgan,Australia,2,40.0,20.0
28219.0,Chad,Goel,Australia,2,40.0,20.0
28263.0,Jonathan,Lee,United States,2,40.0,20.0
28265.0,Shirleen,Travers,United States,2,40.0,20.0
28275.0,Ian,Howard,United States,2,40.0,20.0
28278.0,Jaime,Becker,United States,2,40.0,20.0
28283.0,Rachel,Long,Canada,2,40.0,20.0
28291.0,David,Miller,United States,2,40.0,20.0
28349.0,Kristi,Vazquez,Australia,2,40.0,20.0
28537.0,Christian,Hayes,Australia,2,40.0,20.0
28576.0,Sunil,Uppal,United States,2,40.0,20.0
28578.0,Zoe,Rogers,United States,2,40.0,20.0
28721.0,Jaclyn,Lin,Australia,2,40.0,20.0
28873.0,Roger,Deng,United States,2,40.0,20.0
28875.0,Denise,Smith,France,2,40.0,20.0
28881.0,Allen,Kapoor,France,2,40.0,20.0
28887.0,Casey,Serrano,Germany,2,40.0,20.0
28888.0,Casey,Lal,France,2,40.0,20.0
28897.0,Jennifer,Ross,France,2,40.0,20.0
28915.0,Johnny,Yuan,France,2,40.0,20.0
29030.0,Jeremy,Adams,United States,2,40.0,20.0
29040.0,Colleen,Liu,United States,2,40.0,20.0
29209.0,Jordan,Evans,Canada,2,40.0,20.0
29229.0,Lance,Moreno,Canada,2,40.0,20.0
29231.0,Brittany,Simmons,Canada,2,40.0,20.0
29266.0,Lucas,Anderson,Canada,2,40.0,20.0
29338.0,Bridget,Shan,Australia,2,40.0,20.0
29372.0,Daisy,Sanz,France,2,40.0,20.0
29378.0,Dominic,Vance,France,2,40.0,20.0
11218.0,Olivia,Brown,United States,3,39.0,13.0
11219.0,Charles,Cook,United States,3,39.0,13.0
11232.0,Hailey,Bryant,United States,3,39.0,13.0
11527.0,Jenna,Green,United States,3,39.0,13.0
11634.0,Samuel,Collins,United States,3,39.0,13.0
11637.0,Morgan,Hernandez,United States,3,39.0,13.0
12617.0,Jake,Ma,Germany,3,39.0,13.0
12722.0,Latasha,Gomez,Germany,3,39.0,13.0
12823.0,Bethany,She,France,3,39.0,13.0
13611.0,Marshall,Huang,France,3,39.0,13.0
13737.0,Garrett,Sanders,United States,4,39.0,9.75
14173.0,Tonya,Shan,France,3,39.0,13.0
14174.0,Alberto,Diaz,Germany,3,39.0,13.0
14422.0,Cara,Lu,Germany,3,39.0,13.0
15021.0,Lucas,Moore,Australia,2,39.0,19.5
15098.0,Diana,Sanz,France,3,39.0,13.0
15264.0,Peter,Goel,Australia,2,39.0,19.5
16729.0,Tommy,Nara,Australia,3,39.0,13.0
16927.0,Rebekah,Gonzalez,Australia,3,39.0,13.0
17319.0,Brianna,Johnson,Australia,2,39.0,19.5
17650.0,Jessica,Sanders,United Kingdom,2,39.0,19.5
17719.0,Vincent,Gao,France,2,39.0,19.5
17740.0,Colleen,Liang,France,2,39.0,19.5
17880.0,Sydney,Hall,United Kingdom,5,39.0,7.8
17886.0,Bianca,Harrison,United Kingdom,3,39.0,13.0
18006.0,Franklin,Chander,Germany,2,39.0,19.5
18007.0,Michele,Suri,United Kingdom,2,39.0,19.5
18020.0,Armando,Ruiz,Germany,4,39.0,9.75
18216.0,Susan,Zhang,Australia,3,39.0,13.0
18292.0,Louis,Tang,Australia,4,39.0,9.75
18619.0,Dominic,Mehta,Germany,2,39.0,19.5
18730.0,Johnathan,Arthur,Australia,4,39.0,9.75
19177.0,Donna,Chander,Germany,2,39.0,19.5
19469.0,Valerie,Cai,France,2,39.0,19.5
19484.0,Willie,Liang,France,2,39.0,19.5
19489.0,Alexandra,Patterson,France,2,39.0,19.5
19495.0,Francis,Gill,France,2,39.0,19.5
19519.0,Bianca,Zhu,France,2,39.0,19.5
19626.0,Bradley,Anand,Australia,4,39.0,9.75
19952.0,Adrienne,Martin,Australia,4,39.0,9.75
20064.0,Whitney,Prasad,Germany,2,39.0,19.5
20131.0,Carolyn,Gutierrez,France,2,39.0,19.5
20161.0,Albert,Sanz,France,2,39.0,19.5
20443.0,Adrian,Cox,United States,3,39.0,13.0
20574.0,Brett,Patel,Germany,2,39.0,19.5
20690.0,Nathaniel,Torres,,3,39.0,13.0
20789.0,Miguel,Williams,,3,39.0,13.0
20803.0,Nicole,Rodriguez,France,2,39.0,19.5
20867.0,Noah,Johnson,France,2,39.0,19.5
20915.0,Latasha,Carlson,France,2,39.0,19.5
20940.0,Jillian,Rodriguez,France,2,39.0,19.5
20954.0,Nathan,Foster,France,2,39.0,19.5
20957.0,Darren,Kapoor,France,2,39.0,19.5
20959.0,Ruben,Arun,France,2,39.0,19.5
20964.0,Emily,Butler,France,2,39.0,19.5
20969.0,Ashley,Foster,France,2,39.0,19.5
20971.0,Preston,Suri,France,2,39.0,19.5
21026.0,Clifford,Fernandez,United Kingdom,2,39.0,19.5
21083.0,Trisha,Chen,United Kingdom,2,39.0,19.5
21238.0,Carl,Tang,Canada,5,39.0,7.8
21280.0,Justin,Walker,,3,39.0,13.0
21523.0,Timothy,Green,Germany,2,39.0,19.5
21820.0,Priscilla,Nath,France,2,39.0,19.5
21935.0,Victoria,Simmons,United States,3,39.0,13.0
22185.0,Connor,Henderson,United States,2,39.0,19.5
22358.0,Sydney,Butler,United States,2,39.0,19.5
22659.0,Shawna,Luo,Germany,2,39.0,19.5
22688.0,Seth,Perez,Germany,2,39.0,19.5
22705.0,Adriana,Kapoor,Germany,2,39.0,19.5
22725.0,Richard,Gonzales,United States,2,39.0,19.5
22806.0,Crystal,Sun,Germany,2,39.0,19.5
22809.0,Martin,Sara,Germany,2,39.0,19.5
22821.0,Wendy,Munoz,Germany,2,39.0,19.5
22835.0,Alan,Zhang,Germany,2,39.0,19.5
22839.0,Brandy,Mehta,Australia,4,39.0,9.75
22867.0,Max,Ruiz,Germany,2,39.0,19.5
23006.0,Seth,Lee,United States,3,39.0,13.0
23140.0,Tyler,Lee,United States,2,39.0,19.5
23197.0,Cole,Cook,United States,2,39.0,19.5
23218.0,Alisha,Gao,Germany,2,39.0,19.5
23221.0,Leonard,Rai,Germany,2,39.0,19.5
23272.0,Tristan,Hayes,United States,3,39.0,13.0
23273.0,Benjamin,Long,United States,3,39.0,13.0
23288.0,Eduardo,Evans,United States,2,39.0,19.5
23596.0,Katherine,Bradley,France,2,39.0,19.5
23602.0,Andrea,Lopez,Germany,2,39.0,19.5
23610.0,Cory,Perez,France,2,39.0,19.5
23626.0,Ross,Mehta,France,2,39.0,19.5
23627.0,Adrienne,Navarro,Germany,2,39.0,19.5
23633.0,Deborah,Chande,Germany,2,39.0,19.5
23690.0,Angel,James,United States,2,39.0,19.5
23712.0,Riley,Murphy,United States,2,39.0,19.5
23757.0,James,Roberts,Germany,2,39.0,19.5
23772.0,Cory,Raman,Germany,2,39.0,19.5
23786.0,Carrie,Serrano,United States,2,39.0,19.5
23793.0,Ryan,Kumar,United States,3,39.0,13.0
23843.0,Marcus,Patterson,United States,2,39.0,19.5
23897.0,Katrina,Chapman,Germany,2,39.0,19.5
23937.0,Eddie,Ruiz,Germany,2,39.0,19.5
23941.0,Eduardo,Anderson,Germany,2,39.0,19.5
23947.0,Autumn,Liang,Germany,2,39.0,19.5
23952.0,Nelson,Dominguez,Germany,2,39.0,19.5
23957.0,Louis,Zheng,Germany,2,39.0,19.5
23959.0,Amber,Parker,Germany,2,39.0,19.5
23965.0,Dustin,Shan,Germany,2,39.0,19.5
23975.0,Frank,Blanco,Germany,2,39.0,19.5
24014.0,Geoffrey,Kovár,Germany,2,39.0,19.5
24074.0,Grace,Alexander,Germany,2,39.0,19.5
24087.0,Hannah,Wilson,Germany,2,39.0,19.5
24139.0,Andrew,Williams,Germany,2,39.0,19.5
24147.0,Kathleen,Hernandez,Germany,2,39.0,19.5
24180.0,Arturo,Jai,Germany,2,39.0,19.5
24262.0,Daniel,Thomas,United States,3,39.0,13.0
24292.0,Mackenzie,Brooks,United States,3,39.0,13.0
24297.0,Victoria,Cox,United States,3,39.0,13.0
24299.0,Andrea,Gray,United States,3,39.0,13.0
24316.0,Rachel,Diaz,United States,3,39.0,13.0
24320.0,Joshua,White,United States,3,39.0,13.0
24396.0,Robyn,Navarro,United States,3,39.0,13.0
24397.0,Henry,Raman,United States,3,39.0,13.0
24412.0,Angelica,Patterson,United States,3,39.0,13.0
24449.0,Melanie,Simmons,United States,3,39.0,13.0
24451.0,Bailey,Morgan,United States,3,39.0,13.0
24513.0,Alejandro,Deng,United States,3,39.0,13.0
24516.0,Rachel,Moore,United States,3,39.0,13.0
24519.0,Carlos,King,United States,3,39.0,13.0
24532.0,Phillip,Perez,Germany,2,39.0,19.5
24539.0,Colin,Zheng,France,2,39.0,19.5
24547.0,Dana,Gomez,Germany,2,39.0,19.5
24548.0,Crystal,Liu,Germany,2,39.0,19.5
24552.0,Ross,Carlson,France,2,39.0,19.5
24564.0,Johnny,Andersen,Germany,2,39.0,19.5
24579.0,Trevor,Alexander,Germany,2,39.0,19.5
24624.0,Allison,Murphy,United States,3,39.0,13.0
24626.0,Seth,Bryant,United States,3,39.0,13.0
24642.0,Edward,Russell,United States,3,39.0,13.0
24658.0,Jenna,Perez,United States,3,39.0,13.0
24686.0,Melissa,Murphy,United States,3,39.0,13.0
24692.0,Laura,He,Germany,2,39.0,19.5
24725.0,Bailey,Young,United States,3,39.0,13.0
24820.0,David,Clark,United States,3,39.0,13.0
24935.0,James,Hayes,United States,3,39.0,13.0
24936.0,Caleb,Scott,United States,3,39.0,13.0
24938.0,Julia,Martinez,United States,3,39.0,13.0
24946.0,Sarah,Hughes,United States,3,39.0,13.0
24950.0,Stephanie,Alexander,United States,3,39.0,13.0
24970.0,Blake,Wright,United States,3,39.0,13.0
24983.0,Morgan,Griffin,United States,3,39.0,13.0
25023.0,Carolyn,Sanz,United States,3,39.0,13.0
25045.0,Paige,Russell,United States,3,39.0,13.0
25071.0,Natalie,Brooks,United States,3,39.0,13.0
25168.0,Micheal,Hernandez,United States,3,39.0,13.0
25276.0,Mackenzie,Richardson,United States,3,39.0,13.0
25280.0,Emily,Price,United States,3,39.0,13.0
25283.0,Caitlin,Howard,United States,3,39.0,13.0
25291.0,Marissa,Griffin,United States,3,39.0,13.0
25378.0,Gabriella,Scott,United States,3,39.0,13.0
25434.0,Gabriel,Hill,United States,3,39.0,13.0
25474.0,Jimmy,Diaz,United Kingdom,2,39.0,19.5
25499.0,Meredith,Schmidt,United Kingdom,2,39.0,19.5
25505.0,Curtis,Zhou,United Kingdom,2,39.0,19.5
25512.0,Devin,Clark,United Kingdom,2,39.0,19.5
25523.0,Nathan,Thompson,United Kingdom,2,39.0,19.5
25537.0,Nathan,Phillips,United Kingdom,2,39.0,19.5
25545.0,Kelly,Long,United Kingdom,2,39.0,19.5
25592.0,Kendra,Ortega,United Kingdom,2,39.0,19.5
25624.0,Mary,Scott,United States,3,39.0,13.0
25631.0,Julie,Deng,United Kingdom,2,39.0,19.5
25669.0,Stacy,Ortega,United Kingdom,2,39.0,19.5
25682.0,Cheryl,Ramos,United Kingdom,2,39.0,19.5
25690.0,Theodore,Alvarez,United Kingdom,2,39.0,19.5
25763.0,Hannah,Johnson,United States,3,39.0,13.0
25898.0,Brittney,Cai,United States,3,39.0,13.0
26037.0,Erik,Dominguez,United Kingdom,2,39.0,19.5
26179.0,Ruth,Rodriguez,Australia,2,39.0,19.5
26186.0,Joanna,Gill,Australia,2,39.0,19.5
26217.0,Pedro,Blanco,United Kingdom,2,39.0,19.5
26364.0,Gabriella,Hill,United Kingdom,2,39.0,19.5
26401.0,Natalie,Butler,United Kingdom,2,39.0,19.5
26408.0,Martha,Huang,United Kingdom,2,39.0,19.5
26559.0,Marshall,Ye,Australia,2,39.0,19.5
26836.0,Hector,Diaz,United Kingdom,2,39.0,19.5
26849.0,Billy,Martin,United Kingdom,2,39.0,19.5
26877.0,Damien,Nara,United Kingdom,2,39.0,19.5
26888.0,Bruce,Fernandez,United Kingdom,2,39.0,19.5
26897.0,Katrina,Xie,United Kingdom,2,39.0,19.5
26970.0,Kara,Rai,United Kingdom,2,39.0,19.5
26973.0,Alberto,Rowe,United Kingdom,2,39.0,19.5
26993.0,Julio,Gill,United Kingdom,2,39.0,19.5
27002.0,Kelvin,She,United Kingdom,2,39.0,19.5
27152.0,Dawn,Wang,United Kingdom,2,39.0,19.5
27220.0,Jackson,Long,United States,2,39.0,19.5
27372.0,Andre,Sai,United States,2,39.0,19.5
27373.0,Eduardo,Rivera,United States,2,39.0,19.5
27482.0,Gary,Diaz,Australia,2,39.0,19.5
27491.0,Maurice,Luo,Australia,2,39.0,19.5
27683.0,Alexandra,Reed,United States,2,39.0,19.5
27785.0,Sebastian,Bell,United Kingdom,2,39.0,19.5
27887.0,Eugene,Zhang,France,3,39.0,13.0
27903.0,Janelle,Suri,France,3,39.0,13.0
27925.0,Adam,Butler,United Kingdom,2,39.0,19.5
27938.0,Ricky,Serrano,United Kingdom,2,39.0,19.5
27940.0,Ross,Suarez,United Kingdom,2,39.0,19.5
27955.0,Ramon,Wu,United Kingdom,2,39.0,19.5
27958.0,Marcus,Clark,United Kingdom,2,39.0,19.5
27990.0,Katherine,Thompson,United States,2,39.0,19.5
28373.0,Shane,Lopez,France,3,39.0,13.0
28378.0,Sara,Sanchez,France,3,39.0,13.0
28440.0,Allison,Ramirez,France,3,39.0,13.0
28883.0,Eddie,Romero,United Kingdom,2,39.0,19.5
28891.0,Jasmine,Smith,United Kingdom,2,39.0,19.5
29052.0,Ian,Peterson,United States,2,39.0,19.5
29053.0,Nelson,Gomez,Australia,2,39.0,19.5
29073.0,Melanie,Barnes,United States,2,39.0,19.5
29161.0,Thomas,Martinez,United States,2,39.0,19.5
29199.0,James,Wilson,United States,2,39.0,19.5
29226.0,Katherine,Lee,United States,2,39.0,19.5
29263.0,Nathan,Li,United States,2,39.0,19.5
29268.0,Marcus,Thomas,United States,2,39.0,19.5
29271.0,Antonio,Henderson,United States,2,39.0,19.5
29272.0,Alex,King,United States,2,39.0,19.5
29324.0,Kayla,Williams,United States,2,39.0,19.5
29330.0,Alexa,Ward,,2,39.0,19.5
29348.0,Miguel,Bryant,United States,2,39.0,19.5
29349.0,Gabrielle,Bryant,United States,2,39.0,19.5
11248.0,Tristan,Alexander,France,3,38.0,12.666666666666666
11350.0,Cara,Zhou,United Kingdom,3,38.0,12.666666666666666
11373.0,Carly,Luo,Germany,3,38.0,12.666666666666666
11397.0,Latoya,Shan,France,3,38.0,12.666666666666666
11411.0,Devin,Ross,Germany,3,38.0,12.666666666666666
12594.0,Sandra,Gao,United Kingdom,2,38.0,19.0
12638.0,Sebastian,Brooks,Germany,3,38.0,12.666666666666666
14853.0,Derrick,Diaz,Australia,3,38.0,12.666666666666666
15713.0,Hannah,Lee,United Kingdom,2,38.0,19.0
16058.0,Margaret,Zhang,United Kingdom,4,38.0,9.5
16403.0,Byron,Suarez,France,3,38.0,12.666666666666666
16413.0,Julia,Gonzalez,Germany,3,38.0,12.666666666666666
16450.0,Rebekah,Gutierrez,France,3,38.0,12.666666666666666
16535.0,Colin,Chen,France,3,38.0,12.666666666666666
16943.0,Veronica,Garcia,Germany,3,38.0,12.666666666666666
17763.0,Jacquelyn,Martin,United Kingdom,3,38.0,12.666666666666666
19056.0,Carla,Van,France,3,38.0,12.666666666666666
20147.0,Tabitha,Ramos,United Kingdom,3,38.0,12.666666666666666
24743.0,Chloe,Coleman,United States,3,38.0,12.666666666666666
25870.0,Edward,Gonzales,United States,3,38.0,12.666666666666666
25914.0,Seth,Hughes,United States,3,38.0,12.666666666666666
26526.0,Blake,Coleman,United States,3,38.0,12.666666666666666
27216.0,Ana,Diaz,United States,3,38.0,12.666666666666666
28638.0,Alexandra,Thompson,United States,3,38.0,12.666666666666666
28813.0,Cameron,Washington,United States,3,38.0,12.666666666666666
28975.0,Walter,Gill,United States,3,38.0,12.666666666666666
28979.0,Matthew,Williams,United States,3,38.0,12.666666666666666
29218.0,Brandon,Moore,United States,3,38.0,12.666666666666666
29250.0,Anthony,Williams,United States,3,38.0,12.666666666666666
11130.0,Caroline,Russell,United States,2,37.0,18.5
11205.0,Abby,Fernandez,United States,2,37.0,18.5
11209.0,Allison,Evans,United States,2,37.0,18.5
11226.0,Sydney,Ross,United States,2,37.0,18.5
11321.0,Terrance,Raman,United States,2,37.0,18.5
11533.0,Ebony,Gill,United States,2,37.0,18.5
12401.0,Kimberly,Rivera,Germany,2,37.0,18.5
12405.0,Cole,Sanchez,United Kingdom,2,37.0,18.5
12505.0,Dalton,Martin,United Kingdom,2,37.0,18.5
12838.0,Ralph,Beck,Germany,3,37.0,12.333333333333334
12876.0,Blake,Robinson,United States,3,37.0,12.333333333333334
12879.0,Elijah,Nelson,United States,3,37.0,12.333333333333334
12952.0,Jennifer,Hughes,United States,3,37.0,12.333333333333334
13234.0,Robert,Lewis,United States,3,37.0,12.333333333333334
13485.0,Thomas,Allen,United States,3,37.0,12.333333333333334
13496.0,Lucas,Morris,France,2,37.0,18.5
13825.0,Kelvin,Ma,France,2,37.0,18.5
13835.0,Hailey,Brooks,France,3,37.0,12.333333333333334
13943.0,Kelly,Bryant,United States,3,37.0,12.333333333333334
14085.0,Nathan,Garcia,United States,3,37.0,12.333333333333334
14187.0,Eugene,Lu,Germany,2,37.0,18.5
14190.0,Candace,Patel,Germany,2,37.0,18.5
14193.0,Pamela,Vance,Germany,2,37.0,18.5
14534.0,Abby,Rana,France,3,37.0,12.333333333333334
14635.0,Luke,Carter,United States,4,37.0,9.25
14707.0,Tonya,Raje,Germany,2,37.0,18.5
14811.0,Molly,Sanchez,Germany,3,37.0,12.333333333333334
14820.0,Drew,Bhat,United Kingdom,3,37.0,12.333333333333334
14933.0,Ronald,Patel,Germany,3,37.0,12.333333333333334
14943.0,Lindsay,Pal,Germany,3,37.0,12.333333333333334
15009.0,Chloe,Patterson,United States,3,37.0,12.333333333333334
15092.0,Adrian,Morris,Germany,2,37.0,18.5
15242.0,Neil,Suarez,Australia,3,37.0,12.333333333333334
15243.0,Lauren,Harris,United States,3,37.0,12.333333333333334
15437.0,Candace,Srini,Australia,3,37.0,12.333333333333334
15464.0,Kristi,Blanco,Australia,3,37.0,12.333333333333334
16335.0,Kristen,Lu,United States,3,37.0,12.333333333333334
16346.0,Marc,Navarro,Australia,5,37.0,7.4
17092.0,Devon,Beck,Germany,3,37.0,12.333333333333334
17222.0,Carolyn,Serrano,France,3,37.0,12.333333333333334
17705.0,Kelvin,Guo,United Kingdom,4,37.0,9.25
17724.0,Sheila,Blanco,Australia,3,37.0,12.333333333333334
17759.0,Kristopher,Sanchez,France,3,37.0,12.333333333333334
17800.0,Robyn,Alonso,France,3,37.0,12.333333333333334
17816.0,Kathryn,Raje,France,3,37.0,12.333333333333334
17842.0,Isaiah,Ward,France,3,37.0,12.333333333333334
17938.0,Ruben,Gill,France,3,37.0,12.333333333333334
17939.0,Kelli,Wang,France,3,37.0,12.333333333333334
18015.0,Haley,Edwards,France,3,37.0,12.333333333333334
18025.0,Benjamin,Flores,France,3,37.0,12.333333333333334
18623.0,Anne,Torres,France,3,37.0,12.333333333333334
18897.0,Russell,Black,Australia,2,37.0,18.5
19300.0,Clarence,Hu,Germany,3,37.0,12.333333333333334
19354.0,Abby,Madan,Germany,3,37.0,12.333333333333334
19456.0,Jesse,Perez,Germany,3,37.0,12.333333333333334
19673.0,Mathew,Navarro,Australia,2,37.0,18.5
19729.0,Nicole,Patterson,Canada,3,37.0,12.333333333333334
19751.0,Kaylee,Hall,Canada,3,37.0,12.333333333333334
19757.0,Allison,Allen,Canada,3,37.0,12.333333333333334
19822.0,Carlos,Adams,Canada,3,37.0,12.333333333333334
20250.0,Charles,Garcia,Australia,3,37.0,12.333333333333334
20282.0,Trisha,Xu,Australia,3,37.0,12.333333333333334
20580.0,Ernest,Huang,France,3,37.0,12.333333333333334
20868.0,Misty,Shan,United Kingdom,3,37.0,12.333333333333334
20902.0,Shane,Subram,United Kingdom,3,37.0,12.333333333333334
20929.0,Darryl,Zeng,United Kingdom,3,37.0,12.333333333333334
20943.0,Brett,Rana,United Kingdom,3,37.0,12.333333333333334
20947.0,Marie,Alvarez,United Kingdom,3,37.0,12.333333333333334
20951.0,Darrell,Jai,United Kingdom,3,37.0,12.333333333333334
20952.0,Micah,Ye,United Kingdom,3,37.0,12.333333333333334
21028.0,Joe,Suri,United Kingdom,3,37.0,12.333333333333334
21079.0,Lee,Carlson,United Kingdom,3,37.0,12.333333333333334
21111.0,Ricardo,Deng,United Kingdom,3,37.0,12.333333333333334
21137.0,Steve,Li,United Kingdom,3,37.0,12.333333333333334
21171.0,Christopher,Taylor,Australia,2,37.0,18.5
21318.0,Devin,Richardson,Canada,3,37.0,12.333333333333334
21453.0,Wayne,Deng,Canada,3,37.0,12.333333333333334
21543.0,Naomi,Romero,France,3,37.0,12.333333333333334
21548.0,Christy,Chander,United Kingdom,3,37.0,12.333333333333334
21739.0,Dale,Rai,United Kingdom,3,37.0,12.333333333333334
21978.0,Tracy,Deng,Australia,2,37.0,18.5
21995.0,Kathryn,Raji,Australia,2,37.0,18.5
22040.0,Devin,Brown,United States,3,37.0,12.333333333333334
22060.0,Evan,Hill,United States,3,37.0,12.333333333333334
22138.0,Alexandra,Brooks,United States,3,37.0,12.333333333333334
22145.0,Eduardo,Kelly,United States,3,37.0,12.333333333333334
22146.0,Benjamin,Chen,United States,3,37.0,12.333333333333334
22154.0,Yolanda,Yuan,Canada,3,37.0,12.333333333333334
22158.0,Amber,Phillips,United States,3,37.0,12.333333333333334
22160.0,Alex,Richardson,United States,3,37.0,12.333333333333334
22163.0,Morgan,Scott,United States,3,37.0,12.333333333333334
22184.0,Jeremy,Carter,United States,3,37.0,12.333333333333334
22190.0,Carlos,Richardson,United States,3,37.0,12.333333333333334
22211.0,Richard,Gray,United States,3,37.0,12.333333333333334
22228.0,Katelyn,Gonzalez,United States,3,37.0,12.333333333333334
22242.0,Cameron,Walker,United States,3,37.0,12.333333333333334
22304.0,Jaime,Vazquez,United Kingdom,3,37.0,12.333333333333334
22547.0,Elijah,Flores,United States,3,37.0,12.333333333333334
22548.0,Angela,Brooks,United States,3,37.0,12.333333333333334
22721.0,Colleen,Lin,United States,3,37.0,12.333333333333334
22759.0,Julia,Ramirez,United States,3,37.0,12.333333333333334
22775.0,Madison,Martinez,United States,3,37.0,12.333333333333334
22781.0,Hunter,Powell,United States,3,37.0,12.333333333333334
22786.0,Wyatt,Goldstein,United States,3,37.0,12.333333333333334
22840.0,Dominic,Sullivan,Australia,2,37.0,18.5
22847.0,Jaclyn,Chen,Australia,2,37.0,18.5
22865.0,Stephanie,Hall,United States,3,37.0,12.333333333333334
23001.0,Julio,Munoz,United States,3,37.0,12.333333333333334
23027.0,Fernando,Griffin,United States,3,37.0,12.333333333333334
23044.0,Aidan,Patterson,United States,3,37.0,12.333333333333334
23046.0,Pamela,Malhotra,United States,3,37.0,12.333333333333334
23063.0,Jennifer,Thompson,United States,3,37.0,12.333333333333334
23068.0,Ryan,Shan,United States,3,37.0,12.333333333333334
23072.0,Toni,Srini,United States,3,37.0,12.333333333333334
23089.0,Lucas,Walker,United States,3,37.0,12.333333333333334
23090.0,Christopher,Lee,United States,3,37.0,12.333333333333334
23109.0,Lauren,Hughes,United States,3,37.0,12.333333333333334
23152.0,Michelle,Howard,United States,3,37.0,12.333333333333334
23182.0,Savannah,Rivera,United States,3,37.0,12.333333333333334
23282.0,Ariana,James,United States,3,37.0,12.333333333333334
23294.0,Suzanne,Chen,United States,3,37.0,12.333333333333334
23297.0,Tyrone,Gomez,United States,3,37.0,12.333333333333334
23303.0,Connor,Lal,United States,3,37.0,12.333333333333334
23304.0,Jordan,Simmons,United States,3,37.0,12.333333333333334
23381.0,Bianca,Hu,United States,3,37.0,12.333333333333334
23389.0,Jack,Perry,United States,3,37.0,12.333333333333334
23501.0,Isabelle,Perry,United States,3,37.0,12.333333333333334
23578.0,Eric,Lal,United States,3,37.0,12.333333333333334
23588.0,Ryan,Hughes,United States,3,37.0,12.333333333333334
23738.0,Julian,Bennett,United States,2,37.0,18.5
23740.0,Noah,Jackson,United States,2,37.0,18.5
23785.0,Taylor,Harris,United States,3,37.0,12.333333333333334
23796.0,Miguel,Young,United States,2,37.0,18.5
23820.0,Isabelle,Diaz,United States,3,37.0,12.333333333333334
23822.0,Sierra,Campbell,United States,3,37.0,12.333333333333334
23875.0,Sean,Green,United States,3,37.0,12.333333333333334
23876.0,David,Henderson,United States,2,37.0,18.5
24222.0,Sierra,Green,United States,3,37.0,12.333333333333334
24312.0,Austin,Martin,United States,2,37.0,18.5
24319.0,Benjamin,Clark,United States,2,37.0,18.5
24355.0,Jennifer,Johnson,United States,2,37.0,18.5
24393.0,Joseph,Johnson,United States,2,37.0,18.5
24394.0,Drew,Raji,United States,2,37.0,18.5
24395.0,Alison,Raji,United States,2,37.0,18.5
24486.0,Rafael,Zeng,United States,2,37.0,18.5
24490.0,Dwayne,Suarez,United States,2,37.0,18.5
24511.0,Logan,Hall,United States,2,37.0,18.5
24514.0,Jesse,Phillips,United States,2,37.0,18.5
24518.0,Stephanie,Allen,United States,2,37.0,18.5
24530.0,Franklin,She,United States,2,37.0,18.5
24541.0,Janet,Sheperdigian,United Kingdom,3,37.0,12.333333333333334
24546.0,Adam,Hughes,United Kingdom,3,37.0,12.333333333333334
24550.0,Randy,Ma,United Kingdom,3,37.0,12.333333333333334
24650.0,Julia,Baker,United States,2,37.0,18.5
24667.0,Chloe,Diaz,United States,2,37.0,18.5
24742.0,Rachel,Ramirez,United States,2,37.0,18.5
24775.0,Alexandra,Alexander,United States,2,37.0,18.5
24931.0,Brianna,Miller,United States,2,37.0,18.5
24948.0,Nathan,Carter,United States,2,37.0,18.5
24984.0,William,Moore,United States,2,37.0,18.5
24989.0,Arianna,Peterson,United States,2,37.0,18.5
25044.0,Emma,Bailey,United States,2,37.0,18.5
25083.0,Omar,Gao,United States,2,37.0,18.5
25091.0,Jessie,Zeng,United States,2,37.0,18.5
25151.0,Jasmine,Washington,United States,2,37.0,18.5
25156.0,Catherine,Peterson,United States,2,37.0,18.5
25171.0,Christopher,Rodriguez,United States,2,37.0,18.5
25173.0,Melissa,Stewart,Canada,3,37.0,12.333333333333334
25176.0,Edward,Flores,United States,2,37.0,18.5
25177.0,Alberto,Gomez,Canada,3,37.0,12.333333333333334
25178.0,Jasmine,Kelly,United States,2,37.0,18.5
25190.0,Allison,Morris,United States,2,37.0,18.5
25195.0,Alexandra,Wilson,United States,2,37.0,18.5
25197.0,Kyle,Perry,United States,2,37.0,18.5
25202.0,Jonathan,King,United States,2,37.0,18.5
25278.0,Brianna,Butler,United States,2,37.0,18.5
25428.0,Victoria,Jenkins,United States,2,37.0,18.5
25435.0,Jennifer,Turner,United States,2,37.0,18.5
25833.0,Sabrina,Hernandez,United States,2,37.0,18.5
26769.0,Holly,Sai,Australia,2,37.0,18.5
27451.0,Thomas,Washington,Canada,3,37.0,12.333333333333334
27497.0,Johnathan,Rana,Australia,2,37.0,18.5
28441.0,Peter,Nath,France,2,37.0,18.5
28980.0,Alyssa,Watson,United States,3,37.0,12.333333333333334
17341.0,Andy,Alonso,United States,3,36.0,12.0
20053.0,Jessie,Yang,United Kingdom,3,36.0,12.0
23748.0,Yolanda,Pal,France,3,36.0,12.0
23911.0,Priscilla,Sharma,France,3,36.0,12.0
23927.0,Seth,Collins,France,3,36.0,12.0
23928.0,Jaclyn,Ye,France,3,36.0,12.0
23934.0,Bonnie,Andersen,France,3,36.0,12.0
23951.0,Lindsay,Becker,France,3,36.0,12.0
23964.0,Arturo,Nara,France,3,36.0,12.0
23969.0,Cole,Sanders,France,3,36.0,12.0
23970.0,Rebekah,Fernandez,France,3,36.0,12.0
23974.0,Susan,Huang,France,3,36.0,12.0
24070.0,Cameron,Shan,France,3,36.0,12.0
25818.0,Aaron,Hill,Australia,3,36.0,12.0
26169.0,Alexandra,White,United States,3,36.0,12.0
26184.0,Louis,Lal,United States,3,36.0,12.0
26255.0,Cameron,Alexander,United States,3,36.0,12.0
26258.0,Angelica,Powell,United States,3,36.0,12.0
26265.0,Tammy,Lopez,United States,3,36.0,12.0
26389.0,Candice,Zhou,France,3,36.0,12.0
26405.0,Naomi,Blanco,France,3,36.0,12.0
26418.0,Rafael,Chande,France,3,36.0,12.0
26556.0,Jeremy,Cooper,United States,3,36.0,12.0
26583.0,James,Patterson,United States,3,36.0,12.0
26596.0,Antonio,Hayes,United States,3,36.0,12.0
26628.0,Lucas,Lee,United States,3,36.0,12.0
26636.0,Miguel,Walker,United States,3,36.0,12.0
26714.0,Angela,Long,United States,3,36.0,12.0
26788.0,Destiny,Howard,United States,3,36.0,12.0
26838.0,Cassie,Shan,France,3,36.0,12.0
26861.0,Bruce,Gutierrez,France,3,36.0,12.0
26908.0,Glenn,Zheng,France,3,36.0,12.0
26925.0,Dominic,Rana,France,3,36.0,12.0
26927.0,Jill,Dominguez,France,3,36.0,12.0
27011.0,Kevin,Powell,United States,3,36.0,12.0
27012.0,Anne,Jiménez,United States,3,36.0,12.0
27013.0,Alisha,Yuan,United States,3,36.0,12.0
27046.0,Allison,Howard,United States,3,36.0,12.0
27048.0,Melanie,Watson,United States,3,36.0,12.0
27052.0,Jada,Bailey,United States,3,36.0,12.0
27190.0,Shelby,Reed,United States,3,36.0,12.0
27197.0,Isaiah,Bell,United States,3,36.0,12.0
27200.0,Anna,Thompson,United States,3,36.0,12.0
27244.0,Arianna,Kelly,United States,3,36.0,12.0
27248.0,Kayla,Taylor,United States,3,36.0,12.0
27302.0,Charles,Smith,France,3,36.0,12.0
27322.0,Derrick,Bradley,France,3,36.0,12.0
27336.0,George,Suri,Germany,3,36.0,12.0
27382.0,Kaitlin,Chapman,United States,3,36.0,12.0
27386.0,James,Garcia,United States,3,36.0,12.0
27434.0,David,Patterson,United States,3,36.0,12.0
27609.0,Audrey,Alonso,United States,3,36.0,12.0
27627.0,Jason,Yang,United States,3,36.0,12.0
27629.0,Jose,Bryant,United States,3,36.0,12.0
27638.0,Marcus,Brooks,United States,3,36.0,12.0
27930.0,Clarence,Sharma,Germany,3,36.0,12.0
28453.0,Valerie,Lin,Germany,3,36.0,12.0
28467.0,Tasha,Tang,Germany,3,36.0,12.0
28538.0,Jerome,Sanz,Germany,3,36.0,12.0
29394.0,Raquel,Torres,Germany,3,36.0,12.0
29396.0,Arturo,Zeng,Germany,3,36.0,12.0
29409.0,Kelsey,Pal,Germany,3,36.0,12.0
29440.0,Rafael,Cai,Germany,3,36.0,12.0
29446.0,Jamie,Ma,Germany,3,36.0,12.0
11426.0,Kristopher,Mehta,Germany,1,35.0,35.0
11435.0,Robin,Romero,Germany,1,35.0,35.0
11438.0,Jenny,Nara,Germany,1,35.0,35.0
11442.0,Joseph,Harris,France,1,35.0,35.0
11477.0,Tristan,Hughes,Germany,1,35.0,35.0
11486.0,Ariana,Rogers,Germany,1,35.0,35.0
11497.0,Katrina,Nath,United Kingdom,1,35.0,35.0
11511.0,Caleb,Perry,United States,1,35.0,35.0
11552.0,Eddie,Rubio,Germany,1,35.0,35.0
11554.0,Sydney,Simmons,France,1,35.0,35.0
11555.0,Alexandria,Henderson,United Kingdom,1,35.0,35.0
11559.0,Frederick,Subram,Germany,1,35.0,35.0
11565.0,Erik,Diaz,United Kingdom,1,35.0,35.0
11569.0,Troy,Malhotra,United Kingdom,1,35.0,35.0
11573.0,Meagan,Subram,United Kingdom,1,35.0,35.0
11574.0,Karla,Luo,United Kingdom,1,35.0,35.0
11580.0,Melvin,Raje,United Kingdom,1,35.0,35.0
11595.0,Sebastian,Howard,Germany,1,35.0,35.0
11597.0,Janelle,Chandra,France,1,35.0,35.0
11600.0,Linda,Rubio,France,1,35.0,35.0
11602.0,Larry,Gill,Germany,1,35.0,35.0
11608.0,Cesar,Madan,France,1,35.0,35.0
11935.0,Jessica,Taylor,United States,1,35.0,35.0
12127.0,Grace,Davis,France,1,35.0,35.0
12223.0,Felicia,Vazquez,Germany,1,35.0,35.0
12233.0,Jerry,Yuan,United Kingdom,1,35.0,35.0
12234.0,Clarence,Zeng,France,1,35.0,35.0
12236.0,Kendra,Gill,Germany,1,35.0,35.0
12238.0,Monica,Raman,Germany,1,35.0,35.0
12274.0,Javier,Torres,France,1,35.0,35.0
12312.0,Jake,Zhao,France,1,35.0,35.0
12368.0,Rodney,Rubio,France,1,35.0,35.0
12374.0,Marie,Kapoor,France,1,35.0,35.0
12387.0,Meredith,Vazquez,France,1,35.0,35.0
12406.0,Ross,Gutierrez,Germany,1,35.0,35.0
12419.0,Destiny,Bell,United States,1,35.0,35.0
12422.0,Hailey,Evans,United States,1,35.0,35.0
12429.0,Melvin,Black,United States,1,35.0,35.0
12739.0,Evan,Young,United Kingdom,1,35.0,35.0
12767.0,Christopher,Robinson,United States,1,35.0,35.0
13695.0,Christian,Clark,France,1,35.0,35.0
13817.0,Jenny,Huang,France,1,35.0,35.0
13819.0,Max,Gill,France,1,35.0,35.0
13831.0,Eddie,Alvarez,France,1,35.0,35.0
15355.0,Janelle,Martinez,France,1,35.0,35.0
15459.0,Beth,Dominguez,Germany,3,35.0,11.666666666666666
15579.0,Brittany,Coleman,Australia,2,35.0,17.5
15689.0,Stacey,Wang,Germany,1,35.0,35.0
15704.0,Peter,Luo,Germany,1,35.0,35.0
15706.0,Tina,Arthur,France,1,35.0,35.0
15707.0,Robin,Rubio,Germany,1,35.0,35.0
16187.0,Louis,Hu,United Kingdom,3,35.0,11.666666666666666
16507.0,Tracy,Nath,France,3,35.0,11.666666666666666
16582.0,Frank,Torres,Germany,1,35.0,35.0
16733.0,Douglas,Srini,Australia,4,35.0,8.75
17219.0,Kelsey,Sharma,France,1,35.0,35.0
17839.0,Christine,Chander,United Kingdom,3,35.0,11.666666666666666
17874.0,Natasha,Alvarez,France,2,35.0,17.5
17908.0,Warren,Yang,Australia,4,35.0,8.75
17954.0,Shelby,Torres,France,2,35.0,17.5
18016.0,Tiffany,Liu,France,2,35.0,17.5
18043.0,Katie,Chande,France,2,35.0,17.5
18901.0,Connor,Shan,Australia,1,35.0,35.0
19333.0,Candace,Malhotra,Germany,3,35.0,11.666666666666666
19666.0,Hailey,Alexander,Australia,1,35.0,35.0
19807.0,Shannon,Zhao,Australia,3,35.0,11.666666666666666
20235.0,Kenneth,Deng,Australia,2,35.0,17.5
20554.0,Donna,Tang,Germany,2,35.0,17.5
20563.0,Kendra,Blanco,Germany,2,35.0,17.5
20865.0,Luis,Ross,Germany,2,35.0,17.5
20893.0,Robert,Hall,Germany,2,35.0,17.5
20968.0,Arturo,Yuan,United Kingdom,2,35.0,17.5
21046.0,Terrance,Suri,United Kingdom,2,35.0,17.5
21110.0,Brent,Zeng,United Kingdom,2,35.0,17.5
21118.0,Lisa,Hu,United Kingdom,2,35.0,17.5
21175.0,Armando,Gomez,Australia,1,35.0,35.0
21176.0,Raul,Chande,Australia,1,35.0,35.0
21186.0,Randall,Vazquez,Australia,1,35.0,35.0
21196.0,Kathleen,Alonso,Australia,2,35.0,17.5
21248.0,Ramon,Li,Australia,2,35.0,17.5
21409.0,Johnny,Deng,Australia,1,35.0,35.0
21528.0,Jay,Moreno,Germany,2,35.0,17.5
21539.0,Phillip,Raman,France,2,35.0,17.5
21831.0,Yolanda,Anand,France,2,35.0,17.5
21872.0,Alisha,Lal,Australia,2,35.0,17.5
21879.0,Louis,Ma,Australia,1,35.0,35.0
21953.0,Marvin,Vazquez,Australia,1,35.0,35.0
21954.0,Yolanda,Andersen,Australia,1,35.0,35.0
21962.0,Kristi,Smith,Australia,1,35.0,35.0
21988.0,Alisha,Zhao,Australia,1,35.0,35.0
21989.0,Erik,Jimenez,Australia,1,35.0,35.0
22039.0,Marissa,Simmons,United States,2,35.0,17.5
22056.0,Alex,Howard,United States,2,35.0,17.5
22085.0,Toni,Mehta,United States,2,35.0,17.5
22110.0,Eduardo,King,United States,2,35.0,17.5
22124.0,Desiree,Alonso,United States,2,35.0,17.5
22125.0,Zachary,Garcia,United States,2,35.0,17.5
22126.0,Rachel,Ward,United States,2,35.0,17.5
22210.0,Martha,Yang,Australia,1,35.0,35.0
22223.0,Gabrielle,Parker,United States,2,35.0,17.5
22226.0,Morgan,Sanders,United States,2,35.0,17.5
22227.0,Barbara,Cai,United States,2,35.0,17.5
22263.0,Patrick,Blue,United States,2,35.0,17.5
22286.0,Gabriel,Hughes,United States,2,35.0,17.5
22361.0,Nathan,White,United States,2,35.0,17.5
22362.0,Austin,Russell,United States,2,35.0,17.5
22375.0,Jasmine,Williams,United States,2,35.0,17.5
22498.0,Pedro,Jimenez,France,4,35.0,8.75
22549.0,Isabel,Russell,United States,2,35.0,17.5
22727.0,Jodi,She,United States,2,35.0,17.5
22735.0,Katherine,Jones,United States,2,35.0,17.5
22741.0,Darryl,He,United States,2,35.0,17.5
22799.0,Riley,Alexander,United Kingdom,2,35.0,17.5
22811.0,Brent,Stone,United Kingdom,2,35.0,17.5
22826.0,Christian,Russell,United Kingdom,2,35.0,17.5
22841.0,Douglas,Martinez,Australia,1,35.0,35.0
22884.0,Danielle,Richardson,United States,2,35.0,17.5
22984.0,Cameron,Robinson,United States,2,35.0,17.5
22991.0,Morgan,Jenkins,United States,2,35.0,17.5
23045.0,Gabriel,Patterson,United States,2,35.0,17.5
23049.0,Gina,Moreno,United States,2,35.0,17.5
23051.0,Jesse,Green,United States,2,35.0,17.5
23115.0,Stephanie,Nicholls,United States,2,35.0,17.5
23153.0,Jenna,Hill,United States,2,35.0,17.5
23191.0,Gilbert,Raji,United States,2,35.0,17.5
23198.0,Jacqueline,Sanders,United States,2,35.0,17.5
23243.0,Jasmine,Rogers,United States,2,35.0,17.5
23289.0,Justin,Robinson,United States,2,35.0,17.5
23292.0,Jose,Russell,United States,2,35.0,17.5
23295.0,Jaime,Torres,United States,2,35.0,17.5
23451.0,Taylor,James,United States,2,35.0,17.5
23461.0,Rachael,Smith,United States,2,35.0,17.5
23465.0,Grace,Russell,United States,2,35.0,17.5
23489.0,Autumn,Huang,United States,2,35.0,17.5
23500.0,Adriana,Garcia,United States,2,35.0,17.5
23555.0,Andres,Chavez,United States,2,35.0,17.5
23558.0,Dakota,Barnes,United States,2,35.0,17.5
23564.0,Jessica,Howard,United States,2,35.0,17.5
23565.0,Julia,Torres,United States,2,35.0,17.5
23579.0,Jared,Richardson,United States,2,35.0,17.5
23613.0,Clayton,Lu,United Kingdom,2,35.0,17.5
23617.0,Kara,She,United Kingdom,2,35.0,17.5
23684.0,Jasmine,Rodriguez,United States,2,35.0,17.5
23703.0,Jacqueline,Sanchez,United States,2,35.0,17.5
23711.0,Fernando,Diaz,United States,2,35.0,17.5
23713.0,Arianna,Butler,United States,2,35.0,17.5
23720.0,Anna,Davis,United States,2,35.0,17.5
23727.0,Bruce,Serrano,United States,2,35.0,17.5
23735.0,Amanda,Washington,United States,2,35.0,17.5
23737.0,Elena,Velez Amezaga,United States,2,35.0,17.5
23784.0,Preston,Arun,United States,2,35.0,17.5
23869.0,Wayne,Nara,United States,2,35.0,17.5
23888.0,Edward,Clark,United States,2,35.0,17.5
24227.0,Sara,Phillips,United States,2,35.0,17.5
24263.0,Brooke,Brooks,United States,2,35.0,17.5
24293.0,Anna,Rivera,United States,2,35.0,17.5
24317.0,Devin,Thomas,United States,2,35.0,17.5
24443.0,Edgar,Suri,United States,2,35.0,17.5
24509.0,Emma,Long,United States,2,35.0,17.5
24524.0,Megan,Lewis,United States,2,35.0,17.5
24617.0,Kelsey,She,United States,2,35.0,17.5
24643.0,Jada,Campbell,United States,2,35.0,17.5
24656.0,Julia,Moore,United States,2,35.0,17.5
24758.0,Gabriella,Adams,United States,2,35.0,17.5
24769.0,Brendan,Lal,United States,2,35.0,17.5
24827.0,Alexander,Martinez,United States,2,35.0,17.5
24829.0,Ethan,Patterson,United States,2,35.0,17.5
24871.0,Kelsey,Luo,France,4,35.0,8.75
24940.0,Fernando,Martin,United States,2,35.0,17.5
24969.0,Vanessa,Gonzales,United States,2,35.0,17.5
24982.0,Devin,King,United States,2,35.0,17.5
24991.0,Luke,Bryant,United States,2,35.0,17.5
24994.0,Lauren,Sanders,United States,2,35.0,17.5
25082.0,William,Martinez,United States,2,35.0,17.5
25089.0,Christy,Xie,United States,2,35.0,17.5
25152.0,Maria,Sanders,United States,2,35.0,17.5
25164.0,Isaac,Parker,United States,2,35.0,17.5
25260.0,Dalton,Howard,United States,2,35.0,17.5
25262.0,Andre,Chandra,Australia,4,35.0,8.75
25275.0,Christina,Watson,United States,2,35.0,17.5
25836.0,Jaime,Luo,United States,2,35.0,17.5
25849.0,Danielle,Cooper,United States,3,35.0,11.666666666666666
25874.0,Jessica,Hall,United States,2,35.0,17.5
26118.0,Ashley,Butler,United States,3,35.0,11.666666666666666
26193.0,Luis,Edwards,United States,3,35.0,11.666666666666666
26287.0,Elijah,Baker,United States,3,35.0,11.666666666666666
26291.0,Blake,Walker,United States,3,35.0,11.666666666666666
26470.0,Marcus,Cooper,United States,3,35.0,11.666666666666666
27145.0,Pamela,Chapman,Australia,1,35.0,35.0
27462.0,Xavier,Rodriguez,United States,4,35.0,8.75
27495.0,Nina,Luo,Australia,1,35.0,35.0
27680.0,Benjamin,Foster,United States,4,35.0,8.75
27893.0,Clinton,Jiménez,France,2,35.0,17.5
28380.0,Lindsay,Goel,France,2,35.0,17.5
28422.0,Joy,Moyer,France,2,35.0,17.5
28429.0,Devin,Bell,France,2,35.0,17.5
28582.0,Olivia,Hall,United States,1,35.0,35.0
28585.0,Julian,Russell,United States,1,35.0,35.0
28591.0,Mary,Collins,United States,1,35.0,35.0
28592.0,Alyssa,Johnson,United States,1,35.0,35.0
28593.0,Faith,Peterson,United States,1,35.0,35.0
28783.0,Makayla,Rivera,United States,1,35.0,35.0
28785.0,Jose,Foster,United States,1,35.0,35.0
29023.0,Dalton,Campbell,United States,3,35.0,11.666666666666666
11391.0,Lindsay,Xie,Germany,2,34.0,17.0
11404.0,Megan,Taylor,Germany,2,34.0,17.0
11408.0,Darren,Gill,United Kingdom,3,34.0,11.333333333333334
11542.0,Alejandro,Tang,United Kingdom,3,34.0,11.333333333333334
12666.0,Jessie,Zhu,Australia,4,34.0,8.5
15639.0,Melanie,Coleman,Australia,3,34.0,11.333333333333334
15640.0,Gary,Gomez,Australia,3,34.0,11.333333333333334
17701.0,Cassidy,Washington,United Kingdom,3,34.0,11.333333333333334
19483.0,Michele,Serrano,United Kingdom,2,34.0,17.0
20756.0,Marcus,Griffin,Canada,4,34.0,8.5
22584.0,Meagan,Lopez,France,2,34.0,17.0
22624.0,Sandra,Wu,France,2,34.0,17.0
22868.0,Ernest,Sun,France,2,34.0,17.0
23440.0,Nancy,Sai,France,2,34.0,17.0
23973.0,Zachary,Long,France,2,34.0,17.0
23981.0,Cesar,Martinez,France,2,34.0,17.0
24722.0,Hunter,Ross,Germany,2,34.0,17.0
24877.0,Mandy,Zhao,France,3,34.0,11.333333333333334
25581.0,Kayla,Bryant,Germany,3,34.0,11.333333333333334
25695.0,Kristine,Blanco,France,2,34.0,17.0
26139.0,Derek,Nara,Australia,3,34.0,11.333333333333334
26253.0,Dalton,Wright,United States,2,34.0,17.0
26254.0,Seth,Henderson,United States,2,34.0,17.0
26371.0,Cassandra,Garcia,France,2,34.0,17.0
26380.0,Ricardo,Luo,France,2,34.0,17.0
26383.0,Ronnie,Hu,France,2,34.0,17.0
26384.0,Jon,Zhu,France,2,34.0,17.0
26394.0,Martha,Sun,France,2,34.0,17.0
26419.0,Geoffrey,Suri,Germany,2,34.0,17.0
26584.0,Benjamin,Alexander,United States,2,34.0,17.0
26598.0,Charles,Adams,United States,2,34.0,17.0
26704.0,Frank,Alvarez,United States,2,34.0,17.0
26707.0,Sydney,Brooks,United States,2,34.0,17.0
26722.0,Alexandra,McDonald,United States,2,34.0,17.0
26738.0,Katherine,Simmons,United States,2,34.0,17.0
26778.0,Sierra,Perez,United States,2,34.0,17.0
26808.0,Kimberly,Howard,United States,2,34.0,17.0
26840.0,Eric,Yang,France,2,34.0,17.0
26859.0,Darrell,Pal,France,2,34.0,17.0
27018.0,Blake,Price,United States,2,34.0,17.0
27055.0,Isabella,Sanchez,United States,2,34.0,17.0
27066.0,Cole,Murphy,United States,2,34.0,17.0
27192.0,Angelica,Gonzales,United States,2,34.0,17.0
27236.0,Nicole,Alexander,United States,2,34.0,17.0
27245.0,Lauren,Jones,United States,2,34.0,17.0
27311.0,Jenna,Adams,France,2,34.0,17.0
27312.0,Sandra,Sun,Germany,2,34.0,17.0
27313.0,Diane,Moreno,France,2,34.0,17.0
27320.0,Jose,Green,Germany,2,34.0,17.0
27327.0,Melody,Nicholls,Germany,2,34.0,17.0
27387.0,Noah,Washington,United States,2,34.0,17.0
27391.0,Logan,Young,United States,2,34.0,17.0
27445.0,Shaun,Tang,United States,2,34.0,17.0
27608.0,Hector,Hernandez,United States,2,34.0,17.0
27619.0,Joseph,Lee,United States,2,34.0,17.0
27626.0,Connor,Hayes,United States,2,34.0,17.0
27631.0,Gabriella,Phillips,United States,2,34.0,17.0
27676.0,Trevor,Flores,United States,3,34.0,11.333333333333334
27822.0,Jerry,Lal,United Kingdom,3,34.0,11.333333333333334
28037.0,Jeremiah,Gonzales,United States,3,34.0,11.333333333333334
28423.0,Victor,Ortega,Germany,2,34.0,17.0
28445.0,Shaun,She,Germany,2,34.0,17.0
28461.0,Joe,Dominguez,Germany,2,34.0,17.0
28544.0,Nicolas,Shan,Germany,2,34.0,17.0
28710.0,Tyrone,Vazquez,Germany,2,34.0,17.0
29377.0,Rebekah,Carlson,Germany,2,34.0,17.0
29424.0,Erik,Gill,Germany,2,34.0,17.0
29438.0,Terrance,Fernandez,Germany,2,34.0,17.0
29442.0,Damien,Yuan,Germany,2,34.0,17.0
12842.0,Kelvin,Becker,France,1,33.0,33.0
12868.0,Julie,Anand,France,1,33.0,33.0
12869.0,Alisha,Tang,France,1,33.0,33.0
14180.0,Henry,Patel,Germany,1,33.0,33.0
14182.0,Steve,Lin,Germany,1,33.0,33.0
14188.0,Meagan,Sanchez,France,1,33.0,33.0
14201.0,Marie,Serrano,France,1,33.0,33.0
14202.0,Clayton,Zeng,Germany,1,33.0,33.0
14205.0,Wesley,Wu,France,1,33.0,33.0
17642.0,Gregory,Luo,United Kingdom,5,33.0,6.6
18704.0,Lacey,Goel,Australia,3,33.0,11.0
23741.0,Dana,Romero,United States,1,33.0,33.0
23792.0,Jessie,Wu,United States,1,33.0,33.0
23802.0,Emily,Diaz,United States,1,33.0,33.0
23805.0,Luke,Hayes,United States,1,33.0,33.0
24285.0,Jesse,Cox,United States,1,33.0,33.0
24289.0,Robert,Gonzalez,United States,1,33.0,33.0
24290.0,Zoe,Bell,United States,1,33.0,33.0
24315.0,Edward,Scott,United States,1,33.0,33.0
24390.0,Carolyn,Prasad,United States,1,33.0,33.0
24423.0,Alyssa,Harris,United States,1,33.0,33.0
24452.0,Megan,Coleman,United States,1,33.0,33.0
24499.0,Olivia,Lewis,United States,1,33.0,33.0
24507.0,Madison,Garcia,United States,1,33.0,33.0
24512.0,Adrienne,Jiménez,United States,1,33.0,33.0
24618.0,Brett,Gonzalez,United States,1,33.0,33.0
24619.0,Shelby,Kelly,United States,1,33.0,33.0
24623.0,Beth,Torres,United States,1,33.0,33.0
24628.0,David,Walker,United States,1,33.0,33.0
24636.0,Anna,Ward,United States,1,33.0,33.0
24655.0,Taylor,Sanders,United States,1,33.0,33.0
24677.0,Blake,Lee,United States,1,33.0,33.0
24741.0,Brittany,Perry,United States,1,33.0,33.0
24768.0,Jordan,Ross,United States,1,33.0,33.0
24774.0,Xavier,Gonzales,United States,1,33.0,33.0
24803.0,Anna,Diaz,United States,1,33.0,33.0
24839.0,Tamara,Goldberg,Germany,3,33.0,11.0
24933.0,Regina,Sanchez,United States,1,33.0,33.0
24934.0,Lindsay,Tang,United States,1,33.0,33.0
24937.0,Jordan,Evans,United States,1,33.0,33.0
24941.0,Wyatt,Garcia,United States,1,33.0,33.0
24949.0,Devin,Howard,United States,1,33.0,33.0
24951.0,Jeremy,Ward,United States,1,33.0,33.0
24962.0,Jonathan,Jai,United States,1,33.0,33.0
24963.0,Erica,Zhao,United States,1,33.0,33.0
24980.0,Savannah,Phillips,United States,1,33.0,33.0
24981.0,Jose,Davis,United States,1,33.0,33.0
24999.0,Shaun,Jai,United States,1,33.0,33.0
25024.0,Brad,Pritchett,United States,1,33.0,33.0
25039.0,Alexis,Clark,United States,1,33.0,33.0
25041.0,Hunter,Phillips,United States,1,33.0,33.0
25068.0,Robert,Shan,United States,1,33.0,33.0
25170.0,Logan,Walker,United States,1,33.0,33.0
25181.0,Jesse,Torres,United States,1,33.0,33.0
25194.0,Jada,Bell,United States,1,33.0,33.0
25255.0,Logan,Lal,United States,1,33.0,33.0
25279.0,Jordyn,Barnes,United States,1,33.0,33.0
25282.0,Gabriel,Perez,United States,1,33.0,33.0
25372.0,Carrie,Torres,United States,1,33.0,33.0
25375.0,Carson,Flores,United States,1,33.0,33.0
25376.0,Alexis,Griffin,United States,1,33.0,33.0
25377.0,Lauren,Anderson,United States,1,33.0,33.0
25766.0,Allison,Kelly,United States,1,33.0,33.0
25897.0,Kimberly,Bailey,United States,1,33.0,33.0
27397.0,Alex,James,United States,3,33.0,11.0
27430.0,Stephanie,Young,United States,3,33.0,11.0
27475.0,Alexa,Bailey,United States,3,33.0,11.0
27506.0,Carla,Srini,United States,3,33.0,11.0
27565.0,Kayla,Wood,United States,3,33.0,11.0
28237.0,Hailey,Foster,United States,3,33.0,11.0
28391.0,Monique,Jimenez,France,1,33.0,33.0
28433.0,Deborah,Shen,France,1,33.0,33.0
28908.0,Dominique,Sai,United Kingdom,3,33.0,11.0
13342.0,Brandon,Jackson,United States,3,32.0,10.666666666666666
13698.0,Catherine,Sanchez,Germany,3,32.0,10.666666666666666
14040.0,Stephanie,Morris,United States,2,32.0,16.0
14327.0,Kyle,Butler,United States,3,32.0,10.666666666666666
14393.0,José,Perez,United States,2,32.0,16.0
14454.0,Kayla,Anderson,United States,2,32.0,16.0
14862.0,Spencer,Jenkins,United Kingdom,2,32.0,16.0
14863.0,Dana,Carlson,United Kingdom,2,32.0,16.0
14989.0,Shawna,She,France,3,32.0,10.666666666666666
15434.0,Brent,Zhou,Australia,2,32.0,16.0
15446.0,Levi,Madan,France,3,32.0,10.666666666666666
15450.0,Marshall,Black,France,3,32.0,10.666666666666666
16292.0,Carly,Lal,Germany,2,32.0,16.0
16396.0,Keith,Rai,Germany,3,32.0,10.666666666666666
16399.0,Arturo,Xu,Germany,3,32.0,10.666666666666666
17091.0,Tammy,Patel,Germany,3,32.0,10.666666666666666
17102.0,Andres,Goel,Germany,3,32.0,10.666666666666666
17215.0,Juan,Bell,Germany,2,32.0,16.0
17704.0,Nelson,Moreno,Germany,3,32.0,10.666666666666666
17707.0,Mindy,Deng,Germany,3,32.0,10.666666666666666
17718.0,Lindsay,Jai,Germany,3,32.0,10.666666666666666
17745.0,Tanya,Suarez,Germany,3,32.0,10.666666666666666
17748.0,Geoffrey,Kapoor,France,2,32.0,16.0
17758.0,Linda,Gill,Germany,3,32.0,10.666666666666666
17805.0,Carlos,Young,France,2,32.0,16.0
17836.0,Jacquelyn,Ramos,France,2,32.0,16.0
17838.0,Jill,Blanco,United Kingdom,3,32.0,10.666666666666666
17856.0,Roger,Rai,Germany,3,32.0,10.666666666666666
17882.0,Drew,Deng,United Kingdom,3,32.0,10.666666666666666
17903.0,Bethany,Shen,United Kingdom,3,32.0,10.666666666666666
17967.0,Cassandra,Gonzalez,United Kingdom,3,32.0,10.666666666666666
18041.0,Sheena,Xie,United Kingdom,3,32.0,10.666666666666666
18044.0,Kendra,Carlson,United Kingdom,3,32.0,10.666666666666666
18144.0,Katie,Chapman,France,2,32.0,16.0
18146.0,Eugene,Wang,Germany,2,32.0,16.0
18299.0,Colin,Deng,Australia,3,32.0,10.666666666666666
18618.0,Mitchell,Rai,France,2,32.0,16.0
18632.0,Russell,Tang,United Kingdom,3,32.0,10.666666666666666
18744.0,April,Raje,Australia,3,32.0,10.666666666666666
19064.0,Veronica,Madan,Germany,3,32.0,10.666666666666666
19078.0,Misty,She,France,3,32.0,10.666666666666666
19081.0,Leslie,Rubio,Germany,3,32.0,10.666666666666666
19368.0,Lindsay,Anand,Germany,2,32.0,16.0
19371.0,Roy,Mehta,Germany,2,32.0,16.0
19384.0,Gilbert,Rai,Germany,2,32.0,16.0
19553.0,Karen,Wang,Canada,2,32.0,16.0
19590.0,Martin,Subram,Australia,2,32.0,16.0
19907.0,Bruce,Diaz,France,3,32.0,10.666666666666666
20043.0,Brent,Zheng,Germany,2,32.0,16.0
20143.0,Jimmy,Suarez,Germany,2,32.0,16.0
20168.0,Jessie,Serrano,Germany,2,32.0,16.0
20176.0,Antonio,Alexander,Germany,2,32.0,16.0
20230.0,Gary,Munoz,Australia,2,32.0,16.0
20234.0,Gerald,Mehta,Australia,2,32.0,16.0
20265.0,Clarence,Guo,Australia,2,32.0,16.0
20354.0,Austin,Williams,Canada,3,32.0,10.666666666666666
20533.0,Luis,Perry,,4,32.0,8.0
20585.0,Emily,Lee,United Kingdom,3,32.0,10.666666666666666
20596.0,Janet,Ramos,United Kingdom,3,32.0,10.666666666666666
20599.0,Kyle,Wang,United Kingdom,3,32.0,10.666666666666666
20799.0,Peter,Raje,Germany,2,32.0,16.0
20809.0,Benjamin,Anderson,United Kingdom,2,32.0,16.0
20906.0,Briana,Ruiz,United Kingdom,2,32.0,16.0
20907.0,Terrence,Shan,United Kingdom,2,32.0,16.0
20950.0,Albert,Suarez,United Kingdom,2,32.0,16.0
21049.0,James,Sharma,United Kingdom,2,32.0,16.0
21101.0,Meagan,Perez,United Kingdom,2,32.0,16.0
21181.0,Summer,Sullivan,Australia,2,32.0,16.0
21182.0,Lori,Navarro,Australia,2,32.0,16.0
21187.0,Darrell,Luo,Australia,2,32.0,16.0
21255.0,Martha,Lu,Australia,2,32.0,16.0
21390.0,Grant,Becker,Australia,2,32.0,16.0
21471.0,Marcus,Carter,Canada,2,32.0,16.0
21511.0,Richard,Sanders,United Kingdom,3,32.0,10.666666666666666
21520.0,Seth,Baker,United Kingdom,3,32.0,10.666666666666666
21525.0,Victoria,Howard,United Kingdom,3,32.0,10.666666666666666
21819.0,Chloe,Howard,France,2,32.0,16.0
21970.0,Jada,Rivera,Australia,2,32.0,16.0
21971.0,Warren,Shan,Australia,2,32.0,16.0
22090.0,Alexandra,Miller,United States,2,32.0,16.0
22101.0,Carol,White,United States,2,32.0,16.0
22157.0,Maria,Richardson,United States,2,32.0,16.0
22159.0,David,Davis,United States,2,32.0,16.0
22183.0,Benjamin,Jones,United States,2,32.0,16.0
22187.0,Hannah,Russell,United States,2,32.0,16.0
22239.0,Jesse,Cook,United States,2,32.0,16.0
22240.0,Miguel,Powell,United States,2,32.0,16.0
22280.0,Luis,Scott,United States,2,32.0,16.0
22365.0,Sebastian,Richardson,United States,2,32.0,16.0
22747.0,Brianna,Martinez,United States,2,32.0,16.0
22752.0,Daniel,Brown,United States,2,32.0,16.0
22812.0,Destiny,Washington,United Kingdom,2,32.0,16.0
22894.0,Danielle,Ramirez,United States,2,32.0,16.0
22902.0,Pedro,Madan,United States,2,32.0,16.0
22968.0,Logan,Perez,United States,2,32.0,16.0
23003.0,Ashley,Robinson,United States,2,32.0,16.0
23005.0,Luke,Sharma,United States,2,32.0,16.0
23023.0,Naomi,Vazquez,United States,2,32.0,16.0
23037.0,Lucas,Wood,United States,2,32.0,16.0
23071.0,Haley,Gonzales,United States,2,32.0,16.0
23088.0,Wesley,Hu,United States,2,32.0,16.0
23108.0,Savannah,Wright,United States,2,32.0,16.0
23130.0,Lauren,Russell,United States,2,32.0,16.0
23149.0,Brandi,Rubio,United States,2,32.0,16.0
23192.0,Emily,Garcia,United States,2,32.0,16.0
23193.0,Alexis,Flores,United States,2,32.0,16.0
23202.0,Terrance,Chandra,United States,2,32.0,16.0
23246.0,Renee,Gill,United States,2,32.0,16.0
23330.0,Julian,Washington,Australia,2,32.0,16.0
23335.0,James,Robinson,United States,2,32.0,16.0
23336.0,Jocelyn,Bryant,United States,2,32.0,16.0
23361.0,Chloe,Lopez,United States,2,32.0,16.0
23364.0,Natalie,Young,United States,2,32.0,16.0
23448.0,Abigail,Peterson,United States,2,32.0,16.0
23452.0,Eduardo,Watson,United States,2,32.0,16.0
23472.0,Alyssa,Rodriguez,United States,2,32.0,16.0
23483.0,David,Jai,United States,2,32.0,16.0
23502.0,Logan,Lopez,United States,2,32.0,16.0
23504.0,George,Rana,United States,2,32.0,16.0
23598.0,Linda,Ramos,United Kingdom,2,32.0,16.0
23615.0,Kendra,Suarez,United Kingdom,2,32.0,16.0
23722.0,Andrea,Perez,United States,2,32.0,16.0
23810.0,Sarah,Lee,United States,2,32.0,16.0
23825.0,Katherine,Coleman,United States,2,32.0,16.0
23826.0,Dalton,Ross,United States,2,32.0,16.0
23890.0,Haley,Cox,United States,2,32.0,16.0
24223.0,Abigail,Alexander,United States,2,32.0,16.0
24533.0,Blake,Long,United Kingdom,2,32.0,16.0
24925.0,Erick,Perez,United States,3,32.0,10.666666666666666
25205.0,John,Jones,United States,3,32.0,10.666666666666666
25259.0,Ethan,Thomas,United States,3,32.0,10.666666666666666
25350.0,Alberto,Alonso,United States,3,32.0,10.666666666666666
25360.0,Mason,James,United States,3,32.0,10.666666666666666
25858.0,Mariah,Gonzales,United States,3,32.0,10.666666666666666
25880.0,Jackson,Kumar,United States,3,32.0,10.666666666666666
25965.0,Andrea,Roberts,United States,3,32.0,10.666666666666666
26000.0,Connor,Lopez,United States,3,32.0,10.666666666666666
26103.0,Jack,Yang,United States,3,32.0,10.666666666666666
26108.0,Dylan,Thompson,United States,3,32.0,10.666666666666666
26117.0,Samuel,Wright,United States,3,32.0,10.666666666666666
26181.0,Lucas,Ross,United States,3,32.0,10.666666666666666
26333.0,Alexandria,Alexander,United States,3,32.0,10.666666666666666
26458.0,Ryan,Moore,United States,3,32.0,10.666666666666666
26467.0,Nicole,Brooks,United States,3,32.0,10.666666666666666
26479.0,Katherine,Cook,United States,3,32.0,10.666666666666666
26516.0,Jill,Perry,United States,3,32.0,10.666666666666666
26518.0,Marcus,Lee,United States,3,32.0,10.666666666666666
26680.0,Melissa,Powell,United States,3,32.0,10.666666666666666
12911.0,Sebastian,Rogers,United States,2,31.0,15.5
12951.0,Blake,Simmons,United States,2,31.0,15.5
13052.0,Jared,Morris,United States,2,31.0,15.5
13146.0,Gabriella,Ramirez,United States,2,31.0,15.5
13163.0,Noah,Lopez,United States,2,31.0,15.5
13211.0,James,Jai,United States,2,31.0,15.5
13327.0,Isabelle,Russell,United States,2,31.0,15.5
13339.0,Nicole,Clark,United States,2,31.0,15.5
13356.0,Stefanie,Prasad,United States,2,31.0,15.5
13376.0,Jerry,Rai,United States,2,31.0,15.5
13430.0,Edward,Griffin,United States,2,31.0,15.5
13471.0,Eric,Bryant,United States,2,31.0,15.5
13481.0,Hunter,Hernandez,United States,2,31.0,15.5
13652.0,Tamara,Zeng,United States,2,31.0,15.5
13763.0,Stephanie,Richardson,United States,2,31.0,15.5
13843.0,Warren,Xie,France,2,31.0,15.5
13868.0,Shelby,Morris,United States,2,31.0,15.5
13934.0,Luis,Young,United States,2,31.0,15.5
13985.0,Alexis,Wood,United States,2,31.0,15.5
14093.0,Jillian,Arthur,United States,2,31.0,15.5
14122.0,Kaitlyn,Miller,United States,2,31.0,15.5
14250.0,Adam,Collins,United States,2,31.0,15.5
14430.0,Sydney,Jones,United States,2,31.0,15.5
14444.0,Patrick,Sanders,United States,2,31.0,15.5
14715.0,Erik,Munoz,Germany,3,31.0,10.333333333333334
14866.0,Hailey,Peterson,Germany,3,31.0,10.333333333333334
15001.0,Autumn,Lu,Germany,2,31.0,15.5
15245.0,Eduardo,Ross,United States,2,31.0,15.5
15424.0,Rebecca,Hill,United States,2,31.0,15.5
15671.0,Lawrence,Torres,United Kingdom,4,31.0,7.75
15813.0,Julian,Diaz,United States,2,31.0,15.5
15819.0,Savannah,Cox,United States,2,31.0,15.5
15821.0,Logan,Anderson,United States,2,31.0,15.5
16183.0,Tanya,Carlson,Australia,3,31.0,10.333333333333334
16202.0,Kenneth,Jai,France,3,31.0,10.333333333333334
16209.0,Carolyn,Alvarez,France,2,31.0,15.5
16330.0,Luke,Simmons,France,3,31.0,10.333333333333334
16421.0,Natasha,Diaz,France,3,31.0,10.333333333333334
16545.0,Alicia,Pal,France,3,31.0,10.333333333333334
16555.0,Mathew,Vazquez,France,3,31.0,10.333333333333334
16557.0,Derek,Chander,France,3,31.0,10.333333333333334
16692.0,Jay,Diaz,Australia,3,31.0,10.333333333333334
17330.0,Latoya,Becker,Australia,2,31.0,15.5
17901.0,Keith,Tang,Germany,3,31.0,10.333333333333334
17992.0,Sandra,Ma,Germany,3,31.0,10.333333333333334
18001.0,Ross,Suri,Germany,3,31.0,10.333333333333334
18190.0,Danny,Diaz,Australia,2,31.0,15.5
18197.0,Jenny,Zimmerman,Australia,2,31.0,15.5
18259.0,Bailey,Torres,Australia,2,31.0,15.5
18274.0,Carla,Sanchez,Australia,2,31.0,15.5
18282.0,Candace,Kapoor,Australia,2,31.0,15.5
18291.0,Jennifer,Hill,Australia,2,31.0,15.5
19250.0,Lacey,Wu,Germany,3,31.0,10.333333333333334
19330.0,Johnny,Shen,Germany,3,31.0,10.333333333333334
19342.0,Aimee,Zeng,United Kingdom,3,31.0,10.333333333333334
19425.0,Arturo,Zhao,United Kingdom,3,31.0,10.333333333333334
19498.0,Christy,Wang,United Kingdom,3,31.0,10.333333333333334
19523.0,Brittney,Holt,United Kingdom,3,31.0,10.333333333333334
19914.0,Willie,Ma,France,3,31.0,10.333333333333334
20058.0,Roger,Liu,United Kingdom,3,31.0,10.333333333333334
20578.0,Martin,Kapoor,France,3,31.0,10.333333333333334
20593.0,Joel,Jordan,France,3,31.0,10.333333333333334
20773.0,Natalie,Rodriguez,Canada,2,31.0,15.5
21095.0,Lance,Munoz,France,3,31.0,10.333333333333334
21742.0,Katelyn,Cox,Canada,2,31.0,15.5
21840.0,Stacey,Ma,United Kingdom,3,31.0,10.333333333333334
22029.0,Laura,Gao,Australia,2,31.0,15.5
24043.0,Charles,Kelly,France,2,31.0,15.5
24081.0,Alexis,Hughes,France,2,31.0,15.5
24375.0,Pamela,Schmidt,Australia,3,31.0,10.333333333333334
24885.0,Corey,Xie,Australia,3,31.0,10.333333333333334
25487.0,Allison,Rogers,Germany,3,31.0,10.333333333333334
26168.0,Ian,Campbell,United States,2,31.0,15.5
26264.0,Elijah,Lal,United States,2,31.0,15.5
27029.0,Elizabeth,Hughes,United States,3,31.0,10.333333333333334
27072.0,Alex,Baker,United States,2,31.0,15.5
27160.0,Brandi,Vazquez,Germany,3,31.0,10.333333333333334
27444.0,Kayla,Martinez,United States,2,31.0,15.5
27510.0,Cole,Bailey,United States,3,31.0,10.333333333333334
27679.0,Kayla,Walker,United States,3,31.0,10.333333333333334
28572.0,Jeffery,Ye,United States,3,31.0,10.333333333333334
28637.0,Brandon,Lee,United States,3,31.0,10.333333333333334
28680.0,Hannah,Brown,United States,3,31.0,10.333333333333334
28791.0,Richard,Johnston,United States,3,31.0,10.333333333333334
28814.0,Anna,Butler,United States,3,31.0,10.333333333333334
28815.0,Lauren,James,United States,3,31.0,10.333333333333334
28865.0,Alex,Reed,United States,3,31.0,10.333333333333334
28987.0,Jessica,Harris,United States,3,31.0,10.333333333333334
28995.0,Alexandra,Wright,United States,3,31.0,10.333333333333334
29024.0,Deanna,Blanco,United States,3,31.0,10.333333333333334
29033.0,Natalie,Cooper,United States,3,31.0,10.333333333333334
29046.0,Gabriella,Richardson,United States,3,31.0,10.333333333333334
29211.0,Stephanie,Ross,United States,3,31.0,10.333333333333334
29244.0,Eric,Ross,United States,3,31.0,10.333333333333334
12443.0,Garrett,James,United States,2,30.0,15.0
12791.0,Angelica,Foster,United States,2,30.0,15.0
12877.0,Alexander,Williams,United States,2,30.0,15.0
13187.0,Evan,Wright,United States,2,30.0,15.0
13266.0,Samuel,Wang,United States,2,30.0,15.0
13308.0,Kaitlyn,King,United States,2,30.0,15.0
13310.0,Miguel,Barnes,United States,2,30.0,15.0
13311.0,Isabella,Reed,United States,2,30.0,15.0
13924.0,Hannah,Hall,United States,2,30.0,15.0
14767.0,Stacy,Blanco,Germany,2,30.0,15.0
14821.0,Maurice,Raje,United Kingdom,1,30.0,30.0
14865.0,Austin,Coleman,United Kingdom,1,30.0,30.0
14935.0,Rafael,Liang,Germany,2,30.0,15.0
14973.0,Alicia,Jai,Germany,2,30.0,15.0
14977.0,Stacy,Carlson,France,2,30.0,15.0
14985.0,Jaclyn,Zhu,France,2,30.0,15.0
14994.0,Seth,King,France,2,30.0,15.0
15026.0,Felicia,Diaz,Australia,2,30.0,15.0
16939.0,Bailey,Evans,Germany,2,30.0,15.0
17737.0,Nicole,Gonzales,France,1,30.0,30.0
17746.0,Cedric,Nath,Germany,2,30.0,15.0
17822.0,Michelle,Cooper,France,1,30.0,30.0
17826.0,Paige,Morgan,France,1,30.0,30.0
17853.0,Ernest,Chen,Germany,2,30.0,15.0
17884.0,Mayra,Schmidt,United Kingdom,2,30.0,15.0
17888.0,Mandy,Liu,United Kingdom,2,30.0,15.0
17895.0,Allen,Subram,United Kingdom,2,30.0,15.0
17899.0,Theresa,Moreno,France,1,30.0,30.0
17931.0,Jeffery,Zhao,France,1,30.0,30.0
18042.0,Stanley,Srini,United Kingdom,2,30.0,15.0
18624.0,Jay,Perez,France,1,30.0,30.0
18793.0,Angel,Cox,Australia,2,30.0,15.0
19044.0,Cesar,Rana,United Kingdom,2,30.0,15.0
19060.0,Stephanie,Stone,United Kingdom,2,30.0,15.0
19074.0,Colleen,Shen,France,2,30.0,15.0
19080.0,Ross,Vance,France,2,30.0,15.0
20140.0,Joe,Navarro,Germany,1,30.0,30.0
20174.0,Douglas,Gonzalez,Germany,1,30.0,30.0
20428.0,Brent,Ma,Australia,1,30.0,30.0
20727.0,Arturo,Ye,Germany,2,30.0,15.0
20805.0,Brandon,Williams,Germany,1,30.0,30.0
20965.0,Cynthia,Subram,United Kingdom,1,30.0,30.0
21070.0,Latoya,Yuan,France,2,30.0,15.0
21088.0,Alvin,Anand,France,2,30.0,15.0
21123.0,Carl,Luo,France,2,30.0,15.0
21221.0,Martin,Sai,Australia,1,30.0,30.0
21345.0,Kristina,Martinez,Canada,2,30.0,15.0
21391.0,Dawn,Xie,Australia,1,30.0,30.0
21392.0,Kelli,Lin,Australia,1,30.0,30.0
21526.0,Jonathon,Munoz,Germany,1,30.0,30.0
21529.0,Kristi,Martinez,France,1,30.0,30.0
21544.0,Gary,Moreno,United Kingdom,2,30.0,15.0
21551.0,Elijah,Butler,Australia,1,30.0,30.0
21871.0,Devin,Adams,Australia,1,30.0,30.0
22077.0,Marvin,Rubio,United States,1,30.0,30.0
22081.0,Olivia,Clark,United States,1,30.0,30.0
22086.0,Chelsea,Sanchez,United States,1,30.0,30.0
22123.0,Isabella,Bailey,United States,1,30.0,30.0
22237.0,Angel,Morris,United States,1,30.0,30.0
22244.0,Shelby,Howard,United States,1,30.0,30.0
22277.0,Arianna,Torres,United States,1,30.0,30.0
22279.0,Riley,Kelly,United States,1,30.0,30.0
22376.0,Marcus,Martin,United States,1,30.0,30.0
22378.0,Rebekah,Malhotra,France,2,30.0,15.0
22489.0,Roger,Xie,France,2,30.0,15.0
22512.0,Meagan,Mehta,France,2,30.0,15.0
22546.0,Nicholas,Jones,United States,1,30.0,30.0
22562.0,Kelli,Li,France,2,30.0,15.0
22720.0,Jonathan,Alexander,United States,1,30.0,30.0
22726.0,Anna,Morris,United States,1,30.0,30.0
22736.0,Katherine,Morgan,United States,1,30.0,30.0
22740.0,Kimberly,Rogers,United States,1,30.0,30.0
22750.0,Jesse,Gonzalez,United States,1,30.0,30.0
22764.0,Chase,Brooks,United States,1,30.0,30.0
22766.0,Cassidy,Hayes,United States,1,30.0,30.0
22769.0,Benjamin,Martin,United States,1,30.0,30.0
22774.0,Caleb,Alexander,United States,1,30.0,30.0
22779.0,Lance,Ruiz,United States,1,30.0,30.0
22838.0,Cedric,Rai,United Kingdom,1,30.0,30.0
22863.0,Hunter,Thomas,United States,1,30.0,30.0
22883.0,Xavier,Morgan,United States,1,30.0,30.0
22980.0,Oscar,Washington,United States,1,30.0,30.0
22990.0,Alyssa,Stewart,United States,1,30.0,30.0
23025.0,Richard,Richardson,United States,1,30.0,30.0
23030.0,Aidan,Jenkins,United States,1,30.0,30.0
23043.0,Katherine,Moore,United States,1,30.0,30.0
23052.0,Steven,Stewart,United States,1,30.0,30.0
23054.0,David,Moore,United States,1,30.0,30.0
23061.0,Jeremiah,Sanders,United States,1,30.0,30.0
23064.0,Alexander,Rodriguez,United States,1,30.0,30.0
23076.0,Adrian,Brooks,United States,1,30.0,30.0
23092.0,Gabrielle,Brooks,United States,1,30.0,30.0
23124.0,Cameron,Wang,United States,1,30.0,30.0
23131.0,Caitlin,Peterson,United States,1,30.0,30.0
23201.0,Alyssa,Butler,United States,1,30.0,30.0
23207.0,Dalton,Baker,United States,1,30.0,30.0
23212.0,James,Jones,United States,1,30.0,30.0
23286.0,Taylor,Bell,United States,1,30.0,30.0
23299.0,Kristy,Jimenez,United States,1,30.0,30.0
23337.0,Isaiah,Green,United States,1,30.0,30.0
23360.0,Marcus,Moore,United States,1,30.0,30.0
23400.0,Andrew,Lee,United States,1,30.0,30.0
23402.0,Melissa,Cox,United States,1,30.0,30.0
23406.0,Frederick,Sanchez,United States,1,30.0,30.0
23464.0,Devin,Turner,United States,1,30.0,30.0
23466.0,Alyssa,Miller,United States,1,30.0,30.0
23467.0,Nicole,Bennett,United States,1,30.0,30.0
23469.0,Christina,Gray,United States,1,30.0,30.0
23481.0,Dustin,Xu,United States,1,30.0,30.0
23482.0,Zoe,Gray,United States,1,30.0,30.0
23497.0,Olivia,Bryant,United States,1,30.0,30.0
23512.0,Zachary,Henderson,United States,1,30.0,30.0
23556.0,Kristi,Munoz,United States,1,30.0,30.0
23561.0,Jose,Williams,United States,1,30.0,30.0
23594.0,Paula,Diaz,United States,1,30.0,30.0
23638.0,Nelson,Ruiz,United Kingdom,1,30.0,30.0
23669.0,Sean,Torres,United States,1,30.0,30.0
23672.0,Abigail,Flores,United States,1,30.0,30.0
23675.0,Emmanuel,Prasad,United States,1,30.0,30.0
23677.0,Charles,Lewis,United States,1,30.0,30.0
23678.0,Kelly,Diaz,United States,1,30.0,30.0
23685.0,Alexa,Reed,United States,1,30.0,30.0
23687.0,Melissa,Flores,United States,1,30.0,30.0
23691.0,Karen,Hu,United States,1,30.0,30.0
23698.0,Melissa,Coleman,United States,1,30.0,30.0
23700.0,Katelyn,Young,United States,1,30.0,30.0
23710.0,Anna,Sanchez,United States,1,30.0,30.0
23717.0,Aidan,Griffin,United States,1,30.0,30.0
23808.0,Spencer,Perry,United States,1,30.0,30.0
23809.0,Danielle,Sanchez,United States,1,30.0,30.0
23814.0,Angela,Foster,United States,1,30.0,30.0
23817.0,Kaitlyn,Murphy,United States,1,30.0,30.0
23839.0,Savannah,Howard,United States,1,30.0,30.0
23891.0,Jack,Jenkins,United States,1,30.0,30.0
24259.0,Gavin,Price,United States,1,30.0,30.0
24584.0,Ronnie,Liang,Australia,2,30.0,15.0
24745.0,Jennifer,Ward,United States,2,30.0,15.0
24750.0,Destiny,Barnes,United States,2,30.0,15.0
25006.0,Bailey,Murphy,United States,2,30.0,15.0
25337.0,Megan,Washington,United States,2,30.0,15.0
25352.0,Brandon,Martinez,United States,2,30.0,15.0
25521.0,Douglas,Sanchez,Germany,2,30.0,15.0
25653.0,Alan,Gao,Germany,2,30.0,15.0
25671.0,Brett,Arun,Germany,2,30.0,15.0
25803.0,Gregory,Xu,Germany,2,30.0,15.0
25852.0,Amanda,Bennett,United States,2,30.0,15.0
25930.0,Ethan,Harris,United States,2,30.0,15.0
25967.0,Alexis,Martinez,United States,2,30.0,15.0
25983.0,Jack,Alexander,United States,2,30.0,15.0
26063.0,Wesley,Lu,United States,2,30.0,15.0
26125.0,Sara,Roberts,United States,2,30.0,15.0
26196.0,Gavin,Griffin,United States,2,30.0,15.0
26240.0,Katelyn,Evans,United States,2,30.0,15.0
26278.0,Jon,Wu,United States,2,30.0,15.0
26289.0,Samuel,Simmons,United States,2,30.0,15.0
26337.0,Jennifer,Gonzalez,United States,2,30.0,15.0
26450.0,Lauren,Ramirez,United States,2,30.0,15.0
26455.0,Samuel,Carter,United States,2,30.0,15.0
26475.0,Isabella,Gonzalez,United States,2,30.0,15.0
26476.0,Jordan,Jai,United States,2,30.0,15.0
26492.0,Ryan,Rodriguez,United States,2,30.0,15.0
26514.0,Cameron,Powell,United States,2,30.0,15.0
26519.0,Brianna,Wood,United States,2,30.0,15.0
26594.0,Melissa,Wood,United States,2,30.0,15.0
26677.0,William,Johnson,United States,2,30.0,15.0
26679.0,Noah,Perry,United States,2,30.0,15.0
26889.0,Natasha,Torres,Germany,2,30.0,15.0
27000.0,Brandi,Dominguez,Germany,2,30.0,15.0
27001.0,Carla,Kapoor,Germany,2,30.0,15.0
27394.0,Kyle,Alexander,United States,2,30.0,15.0
27642.0,Kayla,Johnson,United States,2,30.0,15.0
27732.0,Katherine,White,United States,2,30.0,15.0
27838.0,Janelle,Sai,Germany,2,30.0,15.0
28056.0,Alex,Gray,United States,2,30.0,15.0
28192.0,Abigail,Sanchez,United States,2,30.0,15.0
28235.0,Cole,Rogers,United States,2,30.0,15.0
28451.0,Nichole,Chander,United Kingdom,2,30.0,15.0
11392.0,Willie,Zhao,Germany,1,29.0,29.0
11396.0,Ian,Lopez,Germany,1,29.0,29.0
12801.0,Melody,Browning,Germany,2,29.0,14.5
12814.0,Casey,Sharma,Germany,2,29.0,14.5
13805.0,Gabriel,Hernandez,United Kingdom,2,29.0,14.5
13827.0,Nathan,Harris,Germany,2,29.0,14.5
14142.0,Damien,Zheng,Germany,2,29.0,14.5
14526.0,Emily,Hall,Germany,2,29.0,14.5
14615.0,Audrey,Dominguez,United States,4,29.0,7.25
14622.0,Brandon,Patterson,United States,4,29.0,7.25
14958.0,Clayton,Liang,United Kingdom,2,29.0,14.5
15855.0,Noah,Jones,United States,3,29.0,9.666666666666666
16185.0,Grant,Raji,Australia,2,29.0,14.5
16306.0,Kristine,Romero,United Kingdom,3,29.0,9.666666666666666
16315.0,Garrett,Richardson,France,2,29.0,14.5
16322.0,Gloria,Dominguez,France,2,29.0,14.5
16440.0,Jimmy,Martin,France,2,29.0,14.5
16455.0,Deb,Moreno,France,2,29.0,14.5
16544.0,Eduardo,Morgan,France,2,29.0,14.5
17033.0,Carson,Long,United States,2,29.0,14.5
17179.0,James,Henderson,United States,2,29.0,14.5
17340.0,Joy,Hernandez,United States,3,29.0,9.666666666666666
17382.0,Blake,Allen,United States,2,29.0,14.5
17876.0,Fernando,Harris,Germany,2,29.0,14.5
18348.0,Katelyn,Roberts,United States,2,29.0,14.5
18396.0,Luke,Parker,United States,2,29.0,14.5
18546.0,Pieter,Wycoff,United States,2,29.0,14.5
18777.0,Richard,Clark,United States,2,29.0,14.5
19189.0,Morgan,Price,France,2,29.0,14.5
19259.0,Barbara,Lin,Germany,2,29.0,14.5
19291.0,Colleen,Wu,United Kingdom,2,29.0,14.5
19306.0,Candace,Perez,France,2,29.0,14.5
19331.0,Jessie,Hu,Germany,2,29.0,14.5
19372.0,Cassidy,Long,France,2,29.0,14.5
19374.0,Paula,Ashe,France,2,29.0,14.5
19376.0,Paige,Wood,France,2,29.0,14.5
19460.0,Arthur,Diaz,France,2,29.0,14.5
19462.0,Paige,Travers,France,2,29.0,14.5
19497.0,Raul,She,United Kingdom,2,29.0,14.5
19913.0,Jennifer,Perez,France,2,29.0,14.5
19936.0,Corey,Luo,Germany,2,29.0,14.5
20133.0,Jorge,Li,United Kingdom,2,29.0,14.5
20568.0,Dustin,Raji,France,2,29.0,14.5
21073.0,Catherine,Kelly,Germany,2,29.0,14.5
21097.0,Gary,Ruiz,Germany,2,29.0,14.5
21864.0,Martin,Lopez,United Kingdom,2,29.0,14.5
22381.0,Hunter,Patterson,Germany,2,29.0,14.5
22390.0,Kelvin,Zheng,Germany,2,29.0,14.5
22455.0,Roy,Kapoor,Germany,2,29.0,14.5
22533.0,Jake,Liu,Germany,2,29.0,14.5
22540.0,Latasha,Ramos,United Kingdom,2,29.0,14.5
22550.0,Kristopher,Rana,United Kingdom,2,29.0,14.5
22658.0,Devin,Rodriguez,France,1,29.0,29.0
22672.0,Crystal,Wu,United Kingdom,2,29.0,14.5
22676.0,Stefanie,Jordan,France,1,29.0,29.0
22682.0,Willie,Luo,France,1,29.0,29.0
22702.0,Patricia,Gonzalez,France,1,29.0,29.0
22709.0,Tamara,Gao,France,1,29.0,29.0
22820.0,Alex,Nelson,France,2,29.0,14.5
22833.0,Bruce,Prasad,France,2,29.0,14.5
23424.0,Adriana,Subram,Australia,2,29.0,14.5
23445.0,Andy,Carlson,France,1,29.0,29.0
23768.0,Joshua,Garcia,United Kingdom,2,29.0,14.5
23769.0,Natasha,Dominguez,United Kingdom,2,29.0,14.5
23962.0,Sandra,Yang,France,1,29.0,29.0
23966.0,Grant,Sharma,United Kingdom,2,29.0,14.5
24062.0,Crystal,Cai,France,1,29.0,29.0
24095.0,Julie,Andersen,France,2,29.0,14.5
24126.0,Pedro,Mehta,France,2,29.0,14.5
24154.0,Orlando,Ramos,United Kingdom,2,29.0,14.5
24699.0,Rebekah,Rubio,United Kingdom,2,29.0,14.5
24715.0,Kelli,Nath,France,2,29.0,14.5
24724.0,Alfredo,Gutierrez,France,2,29.0,14.5
24836.0,Taylor,Robinson,France,2,29.0,14.5
24840.0,Marco,Sai,United Kingdom,2,29.0,14.5
24851.0,Leslie,Ortega,United Kingdom,2,29.0,14.5
25570.0,Robyn,Torres,France,2,29.0,14.5
26126.0,Alexandra,Bell,United States,1,29.0,29.0
26170.0,Jeremiah,Jenkins,United States,1,29.0,29.0
26177.0,Nicole,Simmons,Canada,2,29.0,14.5
26263.0,Kaitlyn,Collins,United States,1,29.0,29.0
26402.0,Jamie,Wagner,France,1,29.0,29.0
26410.0,Franklin,Goel,France,1,29.0,29.0
26527.0,Oscar,Hayes,Canada,3,29.0,9.666666666666666
26551.0,Noah,Moore,United States,1,29.0,29.0
26574.0,Jordan,Allen,United States,1,29.0,29.0
26576.0,Kaitlyn,Robinson,United States,1,29.0,29.0
26586.0,Alexandra,Baker,United States,1,29.0,29.0
26599.0,Allison,Reed,United States,1,29.0,29.0
26621.0,Sarah,Wood,United States,1,29.0,29.0
26691.0,Tina,Suri,United States,1,29.0,29.0
26697.0,Manuel,Arun,United States,1,29.0,29.0
26798.0,Jeremiah,Garcia,United States,1,29.0,29.0
26799.0,Ryan,Russell,United States,1,29.0,29.0
26904.0,Judith,Parker,France,1,29.0,29.0
26926.0,Sergio,Mehta,France,1,29.0,29.0
26935.0,Gabriel,Butler,France,1,29.0,29.0
26982.0,Jose,Muñoz,France,1,29.0,29.0
27033.0,Ernest,Harrison,United States,2,29.0,14.5
27057.0,Brooke,Morris,United States,1,29.0,29.0
27191.0,David,Brown,Canada,2,29.0,14.5
27217.0,Julia,Walker,United States,2,29.0,14.5
27237.0,Jasmine,Ramirez,United States,1,29.0,29.0
27241.0,Oscar,Butler,United States,1,29.0,29.0
27246.0,Aaron,Hall,United States,1,29.0,29.0
27249.0,Emma,Cox,United States,1,29.0,29.0
27278.0,Brian,Cook,United States,1,29.0,29.0
27290.0,Marcus,Evans,United States,1,29.0,29.0
27303.0,Arturo,Yang,France,1,29.0,29.0
27306.0,Tony,Black,France,1,29.0,29.0
27321.0,Dylan,Zhang,Germany,1,29.0,29.0
27333.0,Kathryn,Luo,Germany,1,29.0,29.0
27389.0,Lucas,Henderson,United States,1,29.0,29.0
27622.0,Lucas,Wilson,United States,1,29.0,29.0
27624.0,Connor,Russell,United States,1,29.0,29.0
27923.0,Douglas,Arun,Germany,1,29.0,29.0
27942.0,Marvin,Diaz,France,2,29.0,14.5
27961.0,Alejandro,Zheng,France,2,29.0,14.5
27978.0,Barbara,Luo,Australia,2,29.0,14.5
27980.0,Crystal,Hu,Australia,2,29.0,14.5
28015.0,Christian,Chen,United States,2,29.0,14.5
28188.0,Kayla,Price,United States,2,29.0,14.5
28256.0,Colin,Beck,United States,2,29.0,14.5
28305.0,Patricia,Lopez,Australia,2,29.0,14.5
28322.0,Willie,Chen,Australia,2,29.0,14.5
28409.0,Bonnie,Rai,Germany,1,29.0,29.0
28432.0,Bruce,Carlson,Germany,1,29.0,29.0
28571.0,Anna,Torres,United States,2,29.0,14.5
28687.0,Javier,Gutierrez,Germany,1,29.0,29.0
28716.0,Darren,Garcia,Australia,2,29.0,14.5
28717.0,Calvin,Anand,Australia,2,29.0,14.5
28760.0,Lucas,Hall,United States,2,29.0,14.5
28860.0,Ian,Anderson,United States,2,29.0,14.5
28861.0,Alexandra,Walker,United States,2,29.0,14.5
28864.0,Natalie,Murphy,United States,2,29.0,14.5
28868.0,Jason,Chen,United States,2,29.0,14.5
28900.0,Jasmine,Price,Germany,2,29.0,14.5
28922.0,Brent,Ye,Australia,2,29.0,14.5
28933.0,Colleen,Rai,Australia,2,29.0,14.5
28984.0,Katherine,Cox,United States,2,29.0,14.5
28998.0,Kristina,Rodriguez,United States,2,29.0,14.5
29009.0,Stanley,Arun,United States,2,29.0,14.5
29029.0,Marcus,Bennett,United States,2,29.0,14.5
29035.0,Elijah,Scott,United States,2,29.0,14.5
29127.0,Bryan,Murphy,United States,2,29.0,14.5
29177.0,Frank,Martin,United States,2,29.0,14.5
29205.0,David,Long,United States,2,29.0,14.5
29234.0,Kevin,Lopez,United States,2,29.0,14.5
29430.0,Donna,Goel,Germany,1,29.0,29.0
29436.0,Adriana,Raman,Germany,1,29.0,29.0
16716.0,Jose,Henderson,United States,4,28.0,7.0
23229.0,Deborah,Raje,Germany,2,28.0,14.0
23637.0,Yolanda,Jai,France,2,28.0,14.0
23915.0,Lawrence,Serrano,Germany,2,28.0,14.0
26846.0,Dustin,Kumar,United Kingdom,2,28.0,14.0
27177.0,Henry,Arun,United Kingdom,2,28.0,14.0
27225.0,Isaac,Murphy,United States,2,28.0,14.0
28249.0,Julia,Carter,United States,4,28.0,7.0
28261.0,Stephanie,Griffin,Canada,4,28.0,7.0
29093.0,Erik,Blanco,Australia,2,28.0,14.0
13688.0,Ruben,Sanchez,United Kingdom,2,27.0,13.5
13804.0,Dawn,Luo,United Kingdom,2,27.0,13.5
14638.0,Blake,Scott,United States,2,27.0,13.5
14916.0,Paige,Washington,United States,2,27.0,13.5
15013.0,Julia,Campbell,United States,2,27.0,13.5
15522.0,Ethan,Russell,United States,2,27.0,13.5
15609.0,Karl,Sharma,France,2,27.0,13.5
15613.0,Melinda,Moreno,France,2,27.0,13.5
15616.0,Janet,Alonso,France,2,27.0,13.5
15911.0,Maria,Baker,United States,2,27.0,13.5
16056.0,Alison,Shan,France,2,27.0,13.5
16143.0,Sara,Evans,United States,2,27.0,13.5
16191.0,Margaret,Zeng,United Kingdom,2,27.0,13.5
16251.0,Makayla,Howard,United Kingdom,2,27.0,13.5
16265.0,Julie,Goel,France,2,27.0,13.5
16319.0,Joy,Ortega,France,2,27.0,13.5
16369.0,Isabel,Powell,United States,2,27.0,13.5
16418.0,Katrina,Rai,France,2,27.0,13.5
16419.0,Lacey,Simpson,Germany,2,27.0,13.5
16472.0,Olivia,Robinson,France,2,27.0,13.5
16510.0,Brad,Nara,France,2,27.0,13.5
16536.0,Meghan,Jimenez,France,2,27.0,13.5
17336.0,Chase,Sanchez,United States,2,27.0,13.5
17774.0,Brandi,Gutierrez,Germany,2,27.0,13.5
17907.0,Priscilla,Luo,Australia,3,27.0,9.0
17951.0,Frederick,Malhotra,United Kingdom,2,27.0,13.5
17970.0,Erick,Martinez,Germany,2,27.0,13.5
17994.0,Bradley,Xu,Germany,2,27.0,13.5
17995.0,Sabrina,Jimenez,Germany,2,27.0,13.5
18002.0,Gina,Navarro,Germany,2,27.0,13.5
18013.0,Kathleen,Munoz,United Kingdom,3,27.0,9.0
18333.0,Meredith,Patel,Australia,3,27.0,9.0
18895.0,Marco,Madan,Australia,3,27.0,9.0
19190.0,Carl,Shen,United Kingdom,2,27.0,13.5
19251.0,Brett,Sai,Germany,2,27.0,13.5
19328.0,Shawn,Xu,United Kingdom,2,27.0,13.5
19347.0,Alvin,Zhao,United Kingdom,3,27.0,9.0
19392.0,Sergio,Kapoor,United Kingdom,2,27.0,13.5
19898.0,Desiree,Serrano,Germany,2,27.0,13.5
19900.0,Zoe,Richardson,Germany,2,27.0,13.5
20136.0,Bonnie,Kennedy,United Kingdom,2,27.0,13.5
20262.0,Brett,Prasad,Australia,3,27.0,9.0
20566.0,George,Mehta,United Kingdom,2,27.0,13.5
20588.0,Nancy,Raman,United Kingdom,2,27.0,13.5
20806.0,James,Lopez,United Kingdom,2,27.0,13.5
21084.0,Clarence,Deng,France,3,27.0,9.0
21125.0,Bruce,Rana,France,3,27.0,9.0
21227.0,Melanie,Morgan,Australia,2,27.0,13.5
21824.0,Warren,She,United Kingdom,2,27.0,13.5
21911.0,Joan,Ross,France,3,27.0,9.0
22379.0,Fernando,Hayes,France,3,27.0,9.0
22397.0,Marie,Patel,France,3,27.0,9.0
22794.0,Kelli,Deng,United Kingdom,2,27.0,13.5
23716.0,Kyle,Wright,Canada,2,27.0,13.5
24280.0,Peter,Shan,Australia,3,27.0,9.0
24373.0,Steven,Reed,Australia,3,27.0,9.0
24571.0,Roberto,Navarro,France,3,27.0,9.0
24578.0,Meredith,Lopez,France,3,27.0,9.0
24599.0,Virginia,Garcia,Australia,2,27.0,13.5
24849.0,Brianna,Ward,France,3,27.0,9.0
24856.0,Candice,Huang,Germany,3,27.0,9.0
24863.0,Wesley,Sun,France,3,27.0,9.0
24866.0,Alejandro,Nath,France,3,27.0,9.0
24875.0,Darryl,Zhang,Germany,3,27.0,9.0
24928.0,Timothy,Wright,United States,2,27.0,13.5
24953.0,Aaron,Green,United States,2,27.0,13.5
25007.0,Alyssa,Sanders,United States,2,27.0,13.5
25208.0,Daniel,Taylor,United States,2,27.0,13.5
25212.0,Alberto,Ruiz,Australia,3,27.0,9.0
25246.0,Warren,Lal,Australia,3,27.0,9.0
25338.0,Jason,Perez,United States,2,27.0,13.5
25353.0,Caitlin,Stewart,United States,2,27.0,13.5
25356.0,Jonathan,Miller,United States,2,27.0,13.5
25358.0,Jade,Torres,United States,2,27.0,13.5
25472.0,Don,Malhotra,Germany,3,27.0,9.0
25533.0,Suzanne,Huang,Germany,3,27.0,9.0
25664.0,Jon,Hu,Germany,3,27.0,9.0
25680.0,Manuel,Subram,Germany,3,27.0,9.0
25691.0,Mitchell,Black,Germany,3,27.0,9.0
25787.0,Lee,Serrano,France,3,27.0,9.0
25813.0,Isaac,Hernandez,Australia,2,27.0,13.5
25834.0,Jeremy,Davis,United States,2,27.0,13.5
25835.0,Destiny,Flores,United States,2,27.0,13.5
25842.0,Cole,Brooks,United States,2,27.0,13.5
25843.0,Hunter,Perez,United States,2,27.0,13.5
25848.0,Samuel,Robinson,United States,2,27.0,13.5
25853.0,Chloe,Collins,United States,2,27.0,13.5
25854.0,Jordan,Chen,United States,2,27.0,13.5
25860.0,Justin,Thomas,United States,2,27.0,13.5
25908.0,Melissa,Long,United States,2,27.0,13.5
25929.0,Alexandra,Gray,United States,2,27.0,13.5
25931.0,Ryan,Henderson,United States,2,27.0,13.5
25954.0,Noah,Carter,United States,2,27.0,13.5
25959.0,Katherine,Hall,United States,2,27.0,13.5
25966.0,Alex,Watson,United States,2,27.0,13.5
26039.0,Robert,Garcia,United States,2,27.0,13.5
26045.0,Samuel,Jenkins,United States,2,27.0,13.5
26053.0,Austin,Anderson,United States,2,27.0,13.5
26144.0,Cassidy,Russell,Australia,3,27.0,9.0
26171.0,Randall,Ruiz,United States,2,27.0,13.5
26172.0,Madeline,Hernandez,United States,2,27.0,13.5
26195.0,Alyssa,Rivera,United States,2,27.0,13.5
26198.0,Alyssa,Taylor,United States,2,27.0,13.5
26237.0,Grace,Martin,United States,2,27.0,13.5
26243.0,Fernando,Gonzalez,United States,2,27.0,13.5
26246.0,Jade,Bell,United States,2,27.0,13.5
26275.0,Miguel,Johnson,United States,2,27.0,13.5
26284.0,Garrett,Ward,United States,2,27.0,13.5
26288.0,Alexandra,Russell,United States,2,27.0,13.5
26323.0,Dwayne,Ruiz,United States,2,27.0,13.5
26334.0,Ross,Blanco,United States,2,27.0,13.5
26336.0,Noah,Brown,United States,2,27.0,13.5
26349.0,Adam,Lopez,United States,2,27.0,13.5
26451.0,Mariah,Perry,United States,2,27.0,13.5
26454.0,Sebastian,Cox,United States,2,27.0,13.5
26462.0,Lauren,Kelly,United States,2,27.0,13.5
26463.0,Alexa,Rogers,United States,2,27.0,13.5
26465.0,Andrea,Evans,United States,2,27.0,13.5
26468.0,Alyssa,Brown,United States,2,27.0,13.5
26494.0,Nicholas,White,United States,2,27.0,13.5
26502.0,Taylor,Brown,United States,2,27.0,13.5
26507.0,Abhijit,Thakur,United States,2,27.0,13.5
26524.0,Anthony,Robinson,United States,2,27.0,13.5
26531.0,Jeremy,Reed,United States,2,27.0,13.5
26542.0,Jamie,Torres,United States,2,27.0,13.5
26555.0,Jeremy,Perry,United States,2,27.0,13.5
26593.0,Eduardo,Campbell,United States,2,27.0,13.5
26605.0,Brandon,Foster,United States,2,27.0,13.5
26648.0,Riley,Rogers,United States,2,27.0,13.5
26790.0,Chloe,Cook,United States,3,27.0,9.0
26821.0,Tamara,Guo,Germany,3,27.0,9.0
26845.0,Theodore,Ortega,Germany,3,27.0,9.0
26912.0,Denise,Rodriguez,Germany,3,27.0,9.0
27398.0,Alexis,Lee,United States,3,27.0,9.0
27432.0,Craig,Ruiz,United States,3,27.0,9.0
27433.0,Barry,Garcia,United States,3,27.0,9.0
27438.0,Alejandro,Shan,United States,3,27.0,9.0
27442.0,Janelle,Raman,United States,3,27.0,9.0
27478.0,Sheila,Alvarez,United States,3,27.0,9.0
27507.0,Valerie,Li,United States,3,27.0,9.0
27548.0,Mason,Green,United States,3,27.0,9.0
27566.0,Tristan,Long,United States,3,27.0,9.0
27658.0,Cole,Gray,United States,3,27.0,9.0
27675.0,Arianna,Bell,United States,3,27.0,9.0
27828.0,Ernest,Gao,United Kingdom,3,27.0,9.0
27831.0,Clinton,Vazquez,Germany,3,27.0,9.0
27843.0,Gerald,Navarro,Germany,3,27.0,9.0
27848.0,Fernando,Perez,United Kingdom,3,27.0,9.0
28049.0,Xavier,Washington,United States,3,27.0,9.0
28229.0,Samantha,Wilson,United States,3,27.0,9.0
28623.0,Marcus,Turner,United States,2,27.0,13.5
28642.0,Lauren,Ward,United States,2,27.0,13.5
28679.0,Julian,Bryant,United States,2,27.0,13.5
28745.0,Geoffrey,Rana,United Kingdom,3,27.0,9.0
28762.0,Aaron,Henderson,United States,2,27.0,13.5
28764.0,Frank,Rubio,United States,2,27.0,13.5
28801.0,Katelyn,Hall,United States,2,27.0,13.5
28803.0,Gabriella,Edwards,United States,2,27.0,13.5
28816.0,Jessica,Cox,United States,2,27.0,13.5
28914.0,Alicia,Rai,United Kingdom,3,27.0,9.0
28971.0,Jason,Shan,United States,2,27.0,13.5
28981.0,Luke,Jai,United States,2,27.0,13.5
28982.0,Sydney,Watson,United States,2,27.0,13.5
29025.0,Miguel,Hayes,United States,2,27.0,13.5
29172.0,Arturo,Carson,United States,2,27.0,13.5
29173.0,Richard,Bradley,United States,2,27.0,13.5
29210.0,Devin,Peterson,United States,2,27.0,13.5
29219.0,Darren,Arun,United States,2,27.0,13.5
29224.0,Kaylee,Bailey,United States,2,27.0,13.5
29235.0,Isaiah,Rogers,United States,2,27.0,13.5
29245.0,Angel,Roberts,United States,2,27.0,13.5
29248.0,Jonathan,Martin,United States,2,27.0,13.5
29386.0,Franklin,Wang,United Kingdom,3,27.0,9.0
29416.0,Pedro,Ramos,United Kingdom,3,27.0,9.0
18304.0,Yolanda,She,Australia,3,26.0,8.666666666666666
11469.0,Edwin,Raji,United Kingdom,2,25.0,12.5
12847.0,Colin,Chander,United Kingdom,1,25.0,25.0
13692.0,Curtis,Li,United Kingdom,1,25.0,25.0
14706.0,Kate,Jai,United Kingdom,1,25.0,25.0
14987.0,Misty,Nara,France,1,25.0,25.0
15060.0,Max,Vazquez,France,1,25.0,25.0
15066.0,Diana,Munoz,France,1,25.0,25.0
15447.0,Regina,Madan,France,1,25.0,25.0
15452.0,Alison,Goel,France,1,25.0,25.0
15618.0,Gabriel,Sharma,Germany,1,25.0,25.0
15654.0,Levi,Fernandez,France,1,25.0,25.0
16042.0,Ian,Hall,France,1,25.0,25.0
16254.0,Maria,Morris,France,1,25.0,25.0
16302.0,Rosa,Zeng,France,1,25.0,25.0
16323.0,Dustin,Raje,France,1,25.0,25.0
16326.0,Jésus,Romero,Germany,1,25.0,25.0
16438.0,Kaitlin,Arthur,France,1,25.0,25.0
16439.0,Dawn,Deng,France,1,25.0,25.0
16441.0,Jason,Young,Germany,1,25.0,25.0
16458.0,Michele,Ruiz,Germany,1,25.0,25.0
16473.0,Dawn,Andersen,Germany,1,25.0,25.0
16474.0,Jay,Serrano,Germany,1,25.0,25.0
16537.0,Arthur,Dominguez,Germany,1,25.0,25.0
16558.0,Preston,Sara,Germany,1,25.0,25.0
17088.0,Wayne,Yuan,France,1,25.0,25.0
17108.0,Susan,Xu,France,1,25.0,25.0
17640.0,Haley,Allen,Germany,1,25.0,25.0
17738.0,Nicolas,Deng,Germany,1,25.0,25.0
17783.0,Tracy,Jai,Germany,1,25.0,25.0
17832.0,Cameron,Sharma,Germany,1,25.0,25.0
17845.0,Ebony,Diaz,Germany,1,25.0,25.0
17857.0,Albert,Cabello,Germany,1,25.0,25.0
17875.0,Tommy,Anand,Germany,1,25.0,25.0
17905.0,Calvin,Yuan,Australia,2,25.0,12.5
18012.0,Karen,Zhu,United Kingdom,2,25.0,12.5
18017.0,Kurt,Shan,Germany,1,25.0,25.0
18031.0,Shawna,Tang,Germany,1,25.0,25.0
18033.0,Evelyn,Patel,Germany,1,25.0,25.0
18036.0,Bruce,Sanchez,Germany,1,25.0,25.0
18444.0,Shannon,Chow,Australia,2,25.0,12.5
18450.0,Willie,Shen,Australia,2,25.0,12.5
18629.0,Martin,Srini,United Kingdom,1,25.0,25.0
18631.0,Carly,Shan,United Kingdom,1,25.0,25.0
19043.0,Jessica,Jones,Germany,1,25.0,25.0
19053.0,Gerald,Jordan,Germany,1,25.0,25.0
19079.0,Brett,Lopez,France,1,25.0,25.0
19175.0,Wayne,Sharma,United Kingdom,1,25.0,25.0
19178.0,Sarah,Miller,Germany,1,25.0,25.0
19184.0,Emily,Hayes,United Kingdom,1,25.0,25.0
19247.0,Michele,Martinez,United Kingdom,1,25.0,25.0
19262.0,Kari,Sanchez,United Kingdom,1,25.0,25.0
19355.0,Danny,Munoz,United Kingdom,1,25.0,25.0
19378.0,Lucas,Davis,United Kingdom,1,25.0,25.0
19461.0,Nichole,Shan,United Kingdom,1,25.0,25.0
19513.0,Jessie,Liang,United Kingdom,1,25.0,25.0
19923.0,Joe,Prasad,France,1,25.0,25.0
19932.0,Javier,Sanz,France,1,25.0,25.0
20179.0,Denise,Patel,United Kingdom,1,25.0,25.0
20521.0,Gina,Carlson,United States,4,25.0,6.25
20550.0,Mohamed,Pal,United Kingdom,1,25.0,25.0
20571.0,Allison,Gray,United Kingdom,1,25.0,25.0
20579.0,Alexandra,King,France,1,25.0,25.0
20586.0,Clayton,Zhao,France,1,25.0,25.0
20721.0,Hailey,Perry,United Kingdom,1,25.0,25.0
20724.0,Ebony,Vance,United Kingdom,1,25.0,25.0
20769.0,Michelle,Sanders,,4,25.0,6.25
20804.0,Katelyn,Torres,United Kingdom,1,25.0,25.0
21005.0,Barbara,Zhu,France,2,25.0,12.5
21112.0,Johnathan,Prasad,France,2,25.0,12.5
21119.0,Edward,Campbell,France,2,25.0,12.5
21507.0,Hunter,Smith,United Kingdom,1,25.0,25.0
21512.0,Emma,Russell,United Kingdom,1,25.0,25.0
21841.0,Lindsay,Nath,United Kingdom,1,25.0,25.0
21854.0,Theresa,Schmidt,United Kingdom,1,25.0,25.0
21856.0,Emmanuel,Sanchez,United Kingdom,1,25.0,25.0
22324.0,Kari,Gill,France,1,25.0,25.0
22394.0,Meagan,Suri,France,2,25.0,12.5
22425.0,Roy,Sullivan,France,2,25.0,12.5
22534.0,Suzanne,Liang,France,2,25.0,12.5
22561.0,Katie,Nara,France,2,25.0,12.5
22798.0,Heidi,Fernandez,United Kingdom,1,25.0,25.0
24844.0,Maria,Ward,France,2,25.0,12.5
24855.0,Kaylee,Wright,Germany,2,25.0,12.5
25004.0,Samuel,Thomas,United States,1,25.0,25.0
25031.0,Kristina,Malhotra,Australia,2,25.0,12.5
25144.0,Johnathan,Fernandez,Germany,2,25.0,12.5
25206.0,Ryan,Bryant,United States,1,25.0,25.0
25267.0,Arthur,Malhotra,Australia,2,25.0,12.5
25296.0,Christina,Stewart,France,2,25.0,12.5
25318.0,Dennis,Wang,Germany,2,25.0,12.5
25336.0,Chase,Cook,United States,1,25.0,25.0
25342.0,Seth,Hill,United States,1,25.0,25.0
25343.0,Carol,Simmons,United States,1,25.0,25.0
25345.0,Olivia,Powell,United States,1,25.0,25.0
25354.0,Kevin,Hughes,United States,1,25.0,25.0
25359.0,Alex,Young,United States,1,25.0,25.0
25524.0,Shaun,Anand,Germany,2,25.0,12.5
25771.0,Gabriella,Rivera,Germany,2,25.0,12.5
25789.0,Julia,Mitchell,France,2,25.0,12.5
25837.0,Timothy,Cook,United States,1,25.0,25.0
25844.0,Riley,Butler,United States,1,25.0,25.0
25847.0,Destiny,Brown,United States,1,25.0,25.0
25851.0,Seth,Washington,United States,1,25.0,25.0
25881.0,Jennifer,Clark,United States,1,25.0,25.0
25890.0,Chloe,Brown,United States,1,25.0,25.0
25893.0,Alexia,Alexander,United States,1,25.0,25.0
25956.0,Charles,Ramirez,United States,1,25.0,25.0
25963.0,Charles,Morris,United States,1,25.0,25.0
25968.0,Benjamin,Powell,United States,1,25.0,25.0
26006.0,Garrett,Peterson,United States,1,25.0,25.0
26007.0,Jesse,Morgan,United States,1,25.0,25.0
26010.0,Morgan,Campbell,United States,1,25.0,25.0
26052.0,Carolyn,Subram,United States,1,25.0,25.0
26054.0,Dylan,Lee,United States,1,25.0,25.0
26068.0,Dylan,Patterson,United States,1,25.0,25.0
26072.0,Kelli,Zhang,United States,1,25.0,25.0
26080.0,Sydney,Roberts,United States,1,25.0,25.0
26101.0,Phillip,Smith,United States,1,25.0,25.0
26199.0,Matthew,White,United States,1,25.0,25.0
26341.0,Olivia,Taylor,United States,1,25.0,25.0
26347.0,Alvin,Raji,United States,1,25.0,25.0
26395.0,Daisy,Gill,Germany,2,25.0,12.5
26460.0,Gabriella,Cook,United States,1,25.0,25.0
26466.0,Kevin,Turner,United States,1,25.0,25.0
26471.0,Edward,Perez,United States,1,25.0,25.0
26483.0,Taylor,Ward,United States,2,25.0,12.5
26489.0,Jordan,Collins,United States,1,25.0,25.0
26500.0,Billy,Ruiz,United States,1,25.0,25.0
26517.0,Melanie,Griffin,United States,1,25.0,25.0
26522.0,Logan,Thompson,United States,1,25.0,25.0
26541.0,Alexis,Butler,United States,1,25.0,25.0
26595.0,Alyssa,Bailey,United States,1,25.0,25.0
26685.0,Noah,Baker,United States,1,25.0,25.0
26687.0,Marshall,Xu,United States,1,25.0,25.0
26736.0,Lacey,Xu,United States,2,25.0,12.5
26776.0,Jenny,Guo,United States,2,25.0,12.5
26779.0,Alexandra,Henderson,United States,2,25.0,12.5
26791.0,Kelvin,Nath,United States,2,25.0,12.5
26989.0,Mason,Campbell,Germany,2,25.0,12.5
27178.0,Terrance,Mehta,Germany,2,25.0,12.5
27476.0,Alexis,Alexander,United States,2,25.0,12.5
27505.0,Bonnie,Skelly,United States,2,25.0,12.5
27533.0,Allison,Perez,United States,2,25.0,12.5
27740.0,Jodi,Nath,United States,2,25.0,12.5
27753.0,Steven,Morgan,United States,2,25.0,12.5
27794.0,Dawn,Kumar,United Kingdom,2,25.0,12.5
27827.0,Meagan,Malhotra,United Kingdom,2,25.0,12.5
27911.0,Robert,Moore,United States,2,25.0,12.5
27936.0,Bruce,Martin,France,1,25.0,25.0
28033.0,Gavin,Jenkins,United States,2,25.0,12.5
28054.0,Carol,Cox,United States,2,25.0,12.5
28081.0,Paige,Watson,United States,2,25.0,12.5
28230.0,Stephanie,Morgan,United States,2,25.0,12.5
28681.0,Victoria,Johnson,United States,1,25.0,25.0
28793.0,Alexander,Jackson,United States,1,25.0,25.0
28800.0,Mason,Sanchez,United States,1,25.0,25.0
28808.0,Trinity,Watson,United States,1,25.0,25.0
28809.0,Isaac,Cooper,United States,1,25.0,25.0
28812.0,Brianna,Watson,United States,1,25.0,25.0
28862.0,Catherine,Ramirez,United States,1,25.0,25.0
28973.0,Bryan,Cooper,United States,1,25.0,25.0
28974.0,Kelly,Hayes,United States,1,25.0,25.0
28994.0,Noah,Hayes,United States,1,25.0,25.0
29007.0,Elijah,Perry,United States,1,25.0,25.0
29015.0,Trinity,Murphy,United States,1,25.0,25.0
29026.0,Sydney,Mitchell,United States,1,25.0,25.0
29129.0,Timothy,Watson,United States,1,25.0,25.0
29171.0,Jay,Alvarez,United States,1,25.0,25.0
29220.0,Melinda,Ramos,United States,1,25.0,25.0
29228.0,Courtney,Campbell,United States,1,25.0,25.0
29241.0,Sophia,Evans,United States,1,25.0,25.0
29249.0,Austin,Long,United States,1,25.0,25.0
29426.0,Neil,Gomez,France,2,25.0,12.5
29437.0,Haley,Bell,France,2,25.0,12.5
29444.0,Beth,Blanco,United Kingdom,2,25.0,12.5
29451.0,Geoffrey,Lopez,France,2,25.0,12.5
12457.0,Misty,Rai,United States,2,24.0,12.0
12604.0,Nathan,Lee,Germany,3,24.0,8.0
12790.0,Brandon,Kumar,United States,2,24.0,12.0
13200.0,Jessica,Miller,United States,2,24.0,12.0
13365.0,Luke,Shan,United States,2,24.0,12.0
13379.0,Bailey,Morris,United States,2,24.0,12.0
13421.0,Alyssa,Patterson,United States,2,24.0,12.0
13752.0,Isabella,Parker,United States,2,24.0,12.0
13832.0,Priscilla,Raji,France,2,24.0,12.0
13875.0,Samantha,Williams,United States,2,24.0,12.0
13950.0,Meredith,Hernandez,United States,2,24.0,12.0
14145.0,Jessie,Ye,France,2,24.0,12.0
14372.0,Kaitlyn,Washington,United States,2,24.0,12.0
15065.0,Alejandro,Gao,Germany,2,24.0,12.0
15839.0,William,Taylor,United States,2,24.0,12.0
17190.0,Ebony,Rana,Germany,2,24.0,12.0
18142.0,Riley,Bradley,France,2,24.0,12.0
18298.0,Geoffrey,Malhotra,Australia,2,24.0,12.0
18712.0,Glenn,Guo,Australia,2,24.0,12.0
18714.0,Francisco,Lopez,Australia,2,24.0,12.0
18733.0,Rafael,Gao,Australia,2,24.0,12.0
18734.0,Barbara,Ashe,Australia,2,24.0,12.0
18742.0,Don,Guo,Australia,2,24.0,12.0
19088.0,Rafael,Kumar,Australia,2,24.0,12.0
19091.0,Warren,Yuan,Australia,2,24.0,12.0
19097.0,Mindy,Pal,Australia,2,24.0,12.0
20391.0,Meghan,Serrano,United States,3,24.0,8.0
20491.0,Dakota,Perry,United States,3,24.0,8.0
20493.0,Matthew,Jackson,United States,3,24.0,8.0
20534.0,Dalton,Lopez,,3,24.0,8.0
20536.0,Taylor,Gray,,3,24.0,8.0
20537.0,Thomas,Evans,,3,24.0,8.0
20698.0,Darren,Chandra,,3,24.0,8.0
20733.0,Sheena,Luo,,3,24.0,8.0
20738.0,Alex,Kelly,,3,24.0,8.0
21290.0,Angel,Torres,,3,24.0,8.0
21304.0,Jada,Cooper,,3,24.0,8.0
21307.0,Olivia,Jones,,3,24.0,8.0
21319.0,Zachary,Lee,,3,24.0,8.0
21338.0,Victoria,Price,,3,24.0,8.0
21398.0,Ethan,Diaz,,3,24.0,8.0
21451.0,Jocelyn,Ross,,3,24.0,8.0
21463.0,Logan,Roberts,,3,24.0,8.0
21467.0,David,Harris,,3,24.0,8.0
21477.0,Katelyn,Watson,,3,24.0,8.0
21495.0,James,Hughes,,3,24.0,8.0
21581.0,Rachel,Russell,Canada,2,24.0,12.0
21592.0,Christina,Reed,United States,3,24.0,8.0
21687.0,Sarah,Brown,United States,3,24.0,8.0
21770.0,Brandon,Thomas,United States,3,24.0,8.0
21772.0,Sarah,Patterson,United States,3,24.0,8.0
21776.0,Daniel,Thompson,United States,3,24.0,8.0
21799.0,Angel,Cook,United States,3,24.0,8.0
21902.0,Natalie,James,United States,3,24.0,8.0
22021.0,Ethan,White,United States,3,24.0,8.0
22024.0,Samuel,Chen,United States,3,24.0,8.0
22047.0,David,Gonzales,United States,3,24.0,8.0
22055.0,Hannah,Clark,United States,3,24.0,8.0
22068.0,Sean,James,United States,3,24.0,8.0
22079.0,Katherine,Perez,Canada,2,24.0,12.0
22177.0,Meghan,Suarez,Australia,2,24.0,12.0
23263.0,Angel,Lopez,United States,3,24.0,8.0
23519.0,Jacqueline,Long,United States,3,24.0,8.0
24276.0,Kaitlyn,Nelson,Australia,3,24.0,8.0
24483.0,Arthur,Kapoor,Australia,3,24.0,8.0
25019.0,Misty,Shen,Australia,3,24.0,8.0
28779.0,Morgan,Reed,Canada,3,24.0,8.0
28944.0,Whitney,Malhotra,Australia,3,24.0,8.0
28946.0,John,Anderson,Australia,3,24.0,8.0
29123.0,Tonya,Goel,Australia,3,24.0,8.0
29189.0,Roy,Dominguez,Australia,3,24.0,8.0
29282.0,Taylor,Jackson,Canada,3,24.0,8.0
29304.0,Willie,Wang,Australia,3,24.0,8.0
29320.0,Wesley,Huang,Australia,3,24.0,8.0
11354.0,Deanna,Suarez,Germany,3,23.0,7.666666666666667
17731.0,Tracy,Sharma,Australia,2,23.0,11.5
18796.0,Marvin,Ruiz,Australia,2,23.0,11.5
19350.0,Bethany,Ashe,United Kingdom,2,23.0,11.5
19478.0,Tasha,Goel,United Kingdom,2,23.0,11.5
19524.0,Denise,Malhotra,France,4,23.0,5.75
20389.0,Lee,Romero,United States,3,23.0,7.666666666666667
20454.0,Fernando,Martinez,Australia,2,23.0,11.5
20455.0,Bruce,Blanco,Australia,2,23.0,11.5
20464.0,Amy,Lu,United States,3,23.0,7.666666666666667
20603.0,Henry,Sullivan,Australia,2,23.0,11.5
20607.0,Donna,Raje,Australia,2,23.0,11.5
20761.0,Jonathan,Washington,,3,23.0,7.666666666666667
20774.0,Anthony,Miller,,3,23.0,7.666666666666667
20776.0,Haley,Long,,3,23.0,7.666666666666667
21045.0,Evelyn,Prasad,France,2,23.0,11.5
21077.0,Rachel,James,France,2,23.0,11.5
21078.0,Grace,Gray,France,2,23.0,11.5
21113.0,Laura,Cai,France,2,23.0,11.5
21245.0,Samantha,Rodriguez,,3,23.0,7.666666666666667
21340.0,Adam,Wang,,3,23.0,7.666666666666667
21444.0,Blake,Lopez,,3,23.0,7.666666666666667
21500.0,Devin,Long,United States,3,23.0,7.666666666666667
21676.0,Valerie,Guo,France,2,23.0,11.5
21718.0,Devin,Roberts,United States,3,23.0,7.666666666666667
21771.0,Sheena,Shen,United States,3,23.0,7.666666666666667
22069.0,Bailey,Reed,United States,3,23.0,7.666666666666667
22413.0,Kristi,Diaz,France,2,23.0,11.5
22420.0,Richard,Moore,France,2,23.0,11.5
22435.0,Ross,Navarro,France,2,23.0,11.5
22485.0,Andy,Suarez,France,2,23.0,11.5
22499.0,Dawn,Zhou,France,2,23.0,11.5
22513.0,Kenneth,Anand,France,2,23.0,11.5
22529.0,Ross,Raman,France,2,23.0,11.5
22542.0,Teresa,Alvarez,France,2,23.0,11.5
22567.0,Glenn,Zhu,France,2,23.0,11.5
23277.0,Isaiah,Torres,United States,3,23.0,7.666666666666667
24267.0,Jésus,Hernandez,Australia,3,23.0,7.666666666666667
24696.0,Tasha,Xie,Germany,2,23.0,11.5
24838.0,Elijah,Young,Germany,2,23.0,11.5
24842.0,Monique,Alonso,France,2,23.0,11.5
24846.0,Naomi,Navarro,Germany,2,23.0,11.5
24854.0,Emma,Jenkins,Germany,2,23.0,11.5
24872.0,Alisha,Raje,France,2,23.0,11.5
24878.0,Sandra,Wang,France,2,23.0,11.5
24882.0,Meredith,Srini,France,2,23.0,11.5
24884.0,Michele,Fernandez,Australia,2,23.0,11.5
24893.0,Alvin,Chande,Australia,2,23.0,11.5
25028.0,Brenda,Gonzalez,Australia,2,23.0,11.5
25145.0,Clayton,Yang,Germany,2,23.0,11.5
25210.0,Kathryn,Xu,Australia,2,23.0,11.5
25220.0,Emily,Anderson,Australia,2,23.0,11.5
25269.0,Tabitha,Martin,Australia,2,23.0,11.5
25297.0,Devon,Shan,Germany,2,23.0,11.5
25530.0,Gerald,Lopez,Germany,2,23.0,11.5
25629.0,Micheal,Serrano,Germany,2,23.0,11.5
25667.0,Jaclyn,Gao,Germany,2,23.0,11.5
25684.0,Jermaine,Sanchez,Germany,2,23.0,11.5
25754.0,Calvin,Sharma,Germany,2,23.0,11.5
25794.0,Kristin,Tang,Germany,2,23.0,11.5
25806.0,Dwayne,Dominguez,France,2,23.0,11.5
26031.0,Katrina,Kumar,Australia,2,23.0,11.5
26212.0,Summer,Martinez,Germany,2,23.0,11.5
26271.0,Bailey,Baker,United States,2,23.0,11.5
26358.0,Mason,Gonzalez,Germany,2,23.0,11.5
26370.0,Maria,Bryant,Germany,2,23.0,11.5
26385.0,Javier,Muñoz,Germany,2,23.0,11.5
26431.0,Shaun,Rai,Australia,2,23.0,11.5
26480.0,Jacqueline,Patterson,United States,2,23.0,11.5
26565.0,Gabriel,Mitchell,Australia,2,23.0,11.5
26851.0,Diane,Alvarez,Germany,2,23.0,11.5
26872.0,Wyatt,Hughes,Germany,2,23.0,11.5
26874.0,Jorge,Zhang,Germany,2,23.0,11.5
26880.0,Heather,Xu,Germany,2,23.0,11.5
26894.0,Lindsey,Goel,Germany,2,23.0,11.5
26899.0,Rachael,Vance,Germany,2,23.0,11.5
26969.0,Cedric,Hu,Germany,2,23.0,11.5
26980.0,Marc,Suarez,Germany,2,23.0,11.5
26990.0,Darren,Patel,Germany,2,23.0,11.5
27025.0,Jasmine,Rivera,United States,2,23.0,11.5
27172.0,Jessie,Navarro,Germany,2,23.0,11.5
27392.0,Felicia,Romero,United States,2,23.0,11.5
27410.0,Brianna,Patterson,United States,2,23.0,11.5
27411.0,Mason,Bendixen,United States,2,23.0,11.5
27426.0,Evan,Stewart,United States,2,23.0,11.5
27443.0,Jessica,Jackson,United States,2,23.0,11.5
27463.0,Rachel,Morgan,United States,2,23.0,11.5
27477.0,Hunter,Wright,United States,2,23.0,11.5
27479.0,Kaitlyn,Sanders,United States,2,23.0,11.5
27526.0,Ramon,Ma,United States,2,23.0,11.5
27532.0,Kaitlyn,Flores,United States,2,23.0,11.5
27600.0,Destiny,Sanchez,United States,2,23.0,11.5
27644.0,Alexandria,Sanchez,United States,2,23.0,11.5
27648.0,Chase,Rogers,United States,2,23.0,11.5
27650.0,Richard,Griffin,United States,2,23.0,11.5
27661.0,Christopher,Martinez,United States,2,23.0,11.5
27674.0,Gabrielle,Rivera,United States,2,23.0,11.5
27682.0,Jennifer,Kelly,United States,2,23.0,11.5
27737.0,Brandon,Taylor,United States,2,23.0,11.5
27741.0,Gabrielle,Foster,United States,2,23.0,11.5
27748.0,Luis,Patterson,United States,2,23.0,11.5
27750.0,Carlos,Phillips,United States,2,23.0,11.5
27754.0,Marcus,Gonzalez,United States,2,23.0,11.5
27813.0,Roy,Vance,Germany,2,23.0,11.5
27826.0,Nicolas,Xu,Germany,2,23.0,11.5
27842.0,Evelyn,Arun,United Kingdom,2,23.0,11.5
27847.0,Kristina,Rana,United Kingdom,2,23.0,11.5
27855.0,Lisa,Ye,Germany,2,23.0,11.5
27888.0,Tina,Rodriguez,France,3,23.0,7.666666666666667
28231.0,James,Powell,United States,2,23.0,11.5
28392.0,Luke,Green,United Kingdom,2,23.0,11.5
28408.0,Tasha,Lal,United Kingdom,2,23.0,11.5
28413.0,Dalton,Martinez,United Kingdom,2,23.0,11.5
28561.0,Carlos,Kelly,United Kingdom,2,23.0,11.5
28730.0,Nicole,Robinson,United Kingdom,2,23.0,11.5
28746.0,Juan,Ruiz,United Kingdom,2,23.0,11.5
28748.0,Kelly,Washington,United Kingdom,2,23.0,11.5
28753.0,Kristine,Carlson,United Kingdom,2,23.0,11.5
28903.0,Kara,Luo,United Kingdom,2,23.0,11.5
28907.0,Blake,Jenkins,United Kingdom,2,23.0,11.5
28913.0,Krista,Diaz,United Kingdom,2,23.0,11.5
28918.0,Gina,Blanco,United Kingdom,2,23.0,11.5
29302.0,Carolyn,Fernandez,Australia,3,23.0,7.666666666666667
29379.0,Craig,Gill,France,2,23.0,11.5
29383.0,Kaitlin,Vance,United Kingdom,2,23.0,11.5
29384.0,Latasha,Sanz,United Kingdom,2,23.0,11.5
29393.0,Sheena,Rai,France,2,23.0,11.5
29425.0,Tommy,Xie,United Kingdom,2,23.0,11.5
29439.0,Laura,Zhu,United Kingdom,2,23.0,11.5
29447.0,Lindsay,Deng,France,2,23.0,11.5
29471.0,Dana,Ortega,France,2,23.0,11.5
12445.0,Cameron,Taylor,United States,1,22.0,22.0
12453.0,Madison,Bennett,United States,1,22.0,22.0
12455.0,Benjamin,Lewis,United States,1,22.0,22.0
12456.0,Thomas,Chen,United States,1,22.0,22.0
12531.0,Autumn,Xu,United States,1,22.0,22.0
12759.0,Jada,Sanders,United States,1,22.0,22.0
12775.0,Connor,Griffin,United States,1,22.0,22.0
12786.0,James,Yang,United States,1,22.0,22.0
12794.0,Megan,Jackson,United States,1,22.0,22.0
12887.0,Brendan,Pal,United States,1,22.0,22.0
12889.0,James,Adams,United States,1,22.0,22.0
12891.0,Kaylee,King,United States,1,22.0,22.0
12900.0,Carlos,Ward,United States,1,22.0,22.0
12906.0,Philip,Ramos,United States,1,22.0,22.0
12925.0,Mackenzie,Blue,United States,1,22.0,22.0
12967.0,Fernando,Rodriguez,United States,1,22.0,22.0
12968.0,Paige,Butler,United States,1,22.0,22.0
12971.0,Carl,Nara,United States,1,22.0,22.0
12976.0,Hunter,Thompson,United States,1,22.0,22.0
13031.0,Hunter,Shan,United States,1,22.0,22.0
13073.0,Sydney,Lopez,United States,1,22.0,22.0
13097.0,Dalton,Hughes,United States,1,22.0,22.0
13186.0,Marcus,Sanders,United States,1,22.0,22.0
13213.0,Courtney,King,United States,1,22.0,22.0
13219.0,Rafael,Shan,United States,1,22.0,22.0
13229.0,Dylan,Wang,United States,1,22.0,22.0
13232.0,Kaitlyn,Baker,United States,1,22.0,22.0
13236.0,Robert,Wang,United States,1,22.0,22.0
13240.0,Blake,Foster,United States,1,22.0,22.0
13275.0,Carlos,Murphy,United States,1,22.0,22.0
13276.0,Sarah,Johnson,United States,1,22.0,22.0
13281.0,Brent,Li,United States,1,22.0,22.0
13293.0,Barbara,Lu,United States,1,22.0,22.0
13296.0,Seth,Anderson,United States,1,22.0,22.0
13297.0,Arthur,Rubio,United States,1,22.0,22.0
13309.0,Angela,Sanders,United States,1,22.0,22.0
13320.0,Jasmine,Jones,United States,1,22.0,22.0
13333.0,Tara,Chander,United States,1,22.0,22.0
13349.0,Kaitlyn,Gonzalez,United States,1,22.0,22.0
13395.0,Gabriel,Li,United States,1,22.0,22.0
13448.0,Catherine,Ward,United States,1,22.0,22.0
13451.0,Robin,Browning,United States,1,22.0,22.0
13467.0,Kristopher,Martinez,United States,1,22.0,22.0
13655.0,Christopher,Walker,United States,1,22.0,22.0
13731.0,Jan,James,United States,1,22.0,22.0
13738.0,Jose,Young,United States,1,22.0,22.0
13749.0,Julio,Alonso,United States,1,22.0,22.0
13834.0,Naomi,Suarez,France,1,22.0,22.0
13859.0,Kristin,Deng,United States,1,22.0,22.0
13861.0,Hailey,Rogers,United States,1,22.0,22.0
13864.0,Robin,Torres,United States,1,22.0,22.0
13869.0,Anna,Morgan,United States,1,22.0,22.0
13876.0,Sebastian,Murphy,United States,1,22.0,22.0
13879.0,Derrick,Hernandez,United States,1,22.0,22.0
13888.0,Ian,Brown,United States,1,22.0,22.0
13893.0,Dalton,Carter,United States,1,22.0,22.0
13899.0,Cameron,Jones,United States,1,22.0,22.0
13900.0,Isaac,Campbell,United States,1,22.0,22.0
13902.0,Jeremiah,Simmons,United States,1,22.0,22.0
13931.0,Luke,Hernandez,United States,1,22.0,22.0
13932.0,Timothy,Sanchez,United States,1,22.0,22.0
13946.0,Jason,Powell,United States,1,22.0,22.0
14021.0,Michelle,Richardson,United States,1,22.0,22.0
14027.0,Carlos,Perez,United States,1,22.0,22.0
14042.0,Stephanie,Adams,United States,1,22.0,22.0
14082.0,Johnny,Jai,United States,1,22.0,22.0
14094.0,Amanda,Russell,United States,1,22.0,22.0
14113.0,Natalie,Lopez,United States,1,22.0,22.0
14271.0,Lucas,Wright,United States,1,22.0,22.0
14340.0,Miranda,Butler,United States,1,22.0,22.0
14391.0,Jason,Long,United States,1,22.0,22.0
14431.0,Kayla,Moore,United States,1,22.0,22.0
14432.0,Antonio,Russell,United States,1,22.0,22.0
14437.0,Mitchell,Anand,United States,1,22.0,22.0
14443.0,Benjamin,Wilson,United States,1,22.0,22.0
14462.0,Beth,Sanz,United States,1,22.0,22.0
14532.0,Barbara,Wu,France,1,22.0,22.0
14873.0,Fernando,Long,United States,1,22.0,22.0
14889.0,Drew,Kumar,United States,1,22.0,22.0
14890.0,Wyatt,Adams,United States,1,22.0,22.0
14996.0,Ross,Gill,Germany,1,22.0,22.0
15246.0,Kaitlyn,Watson,United States,1,22.0,22.0
15259.0,Franklin,Zhu,United States,1,22.0,22.0
15519.0,Jennifer,Evans,United States,1,22.0,22.0
17200.0,Russell,She,Germany,1,22.0,22.0
17201.0,Vincent,Yang,Germany,1,22.0,22.0
17223.0,Francis,Torres,France,1,22.0,22.0
17727.0,Monique,Gill,Australia,1,22.0,22.0
18159.0,Jaime,Serrano,France,1,22.0,22.0
19054.0,Arthur,Alonso,United Kingdom,1,22.0,22.0
19827.0,Justin,Smith,Canada,1,22.0,22.0
19828.0,Madison,Wilson,Canada,1,22.0,22.0
19847.0,Brendan,Anand,Canada,1,22.0,22.0
20508.0,Logan,Robinson,Canada,1,22.0,22.0
20632.0,Marcus,Stewart,Canada,1,22.0,22.0
21447.0,Anthony,Harris,Canada,1,22.0,22.0
22179.0,Abby,Mehta,Australia,1,22.0,22.0
22265.0,Jeremiah,Sanchez,Canada,1,22.0,22.0
22923.0,Mason,Lopez,Australia,1,22.0,22.0
23521.0,Alexis,Gonzales,Australia,1,22.0,22.0
23570.0,Deanna,Romero,Australia,1,22.0,22.0
25244.0,Jay,Weber,Australia,3,22.0,7.333333333333333
27633.0,Richard,Russell,Canada,4,22.0,5.5
11553.0,Sharon,Luo,United Kingdom,1,21.0,21.0
11556.0,Lucas,Evans,United Kingdom,1,21.0,21.0
11557.0,Felicia,Ramos,United Kingdom,1,21.0,21.0
11558.0,Ivan,Malhotra,United Kingdom,1,21.0,21.0
17906.0,Jonathon,Vazquez,Australia,1,21.0,21.0
18110.0,Austin,Li,United States,2,21.0,10.5
18310.0,Lance,Romero,Australia,1,21.0,21.0
18367.0,Edwin,Wu,Australia,1,21.0,21.0
18445.0,Colin,Li,Australia,1,21.0,21.0
18446.0,Larry,Ramos,Australia,1,21.0,21.0
18447.0,Renee,Ortega,Australia,1,21.0,21.0
19346.0,Donna,She,United Kingdom,1,21.0,21.0
19348.0,Ebony,Raman,United Kingdom,1,21.0,21.0
20065.0,Grant,Lal,Germany,1,21.0,21.0
20237.0,Hunter,Yang,Australia,1,21.0,21.0
20257.0,Roy,Carlson,Australia,1,21.0,21.0
20263.0,Steve,Zhou,Australia,1,21.0,21.0
20268.0,Jorge,He,Australia,1,21.0,21.0
20453.0,Bryant,Arun,Australia,1,21.0,21.0
20460.0,Wesley,Zeng,Australia,1,21.0,21.0
20618.0,Marie,Rubio,Australia,1,21.0,21.0
21081.0,Xavier,Smith,France,1,21.0,21.0
21099.0,Sandra,Liu,France,1,21.0,21.0
21121.0,Garrett,Reed,France,1,21.0,21.0
21132.0,Jeffery,Hu,France,1,21.0,21.0
21133.0,April,Kumar,France,1,21.0,21.0
21662.0,Orlando,Muñoz,France,1,21.0,21.0
21677.0,Cedric,Chander,France,1,21.0,21.0
22303.0,Philip,Alonso,France,1,21.0,21.0
22417.0,Shaun,Goel,France,1,21.0,21.0
22538.0,Bianca,Wang,France,1,21.0,21.0
22552.0,Andrea,Rusko,France,1,21.0,21.0
24374.0,Eugene,Ma,Australia,1,21.0,21.0
24454.0,Carol,Zhou,Australia,1,21.0,21.0
24456.0,Danny,Ruiz,Australia,1,21.0,21.0
24704.0,Allen,Schmidt,Germany,1,21.0,21.0
24848.0,Jeffery,Zhou,Germany,1,21.0,21.0
24867.0,Beth,Suarez,Germany,1,21.0,21.0
24874.0,Wendy,Moreno,France,1,21.0,21.0
24879.0,Desiree,Munoz,Germany,1,21.0,21.0
25140.0,Toni,Lopez,Australia,1,21.0,21.0
25509.0,Lucas,Hayes,Germany,1,21.0,21.0
25516.0,Cheryl,Hernandez,Germany,1,21.0,21.0
25529.0,Jared,Sanders,Germany,1,21.0,21.0
25536.0,Rebekah,Sai,Germany,1,21.0,21.0
25541.0,Gary,Hernandez,Germany,1,21.0,21.0
25645.0,Tommy,Shen,Germany,1,21.0,21.0
25685.0,Barbara,Liu,Germany,1,21.0,21.0
25797.0,Max,Torres,France,1,21.0,21.0
25809.0,Nicholas,Williams,Australia,1,21.0,21.0
26030.0,Rebekah,Subram,Australia,1,21.0,21.0
26034.0,Rosa,Gao,Australia,1,21.0,21.0
26129.0,Jodi,Anand,Australia,1,21.0,21.0
26130.0,Ronnie,Liu,Australia,1,21.0,21.0
26267.0,Matthew,Martin,United States,1,21.0,21.0
26274.0,Jennifer,Wood,United States,1,21.0,21.0
26393.0,Donald,Raman,Germany,1,21.0,21.0
26448.0,Kara,Yuan,United States,1,21.0,21.0
26544.0,Riley,Ramirez,United States,1,21.0,21.0
26857.0,Willie,Anand,Germany,1,21.0,21.0
26878.0,Madeline,Roberts,Germany,1,21.0,21.0
26981.0,Audrey,Suarez,Germany,1,21.0,21.0
27003.0,Roger,Jai,Germany,1,21.0,21.0
27030.0,Jan,Gray,United States,1,21.0,21.0
27176.0,Erik,Martin,Germany,1,21.0,21.0
27417.0,Edwin,She,United States,1,21.0,21.0
27503.0,Warren,Shen,United States,1,21.0,21.0
27567.0,Miranda,Foster,United States,1,21.0,21.0
27639.0,Emma,Price,United States,1,21.0,21.0
27647.0,Daniel,Moore,United States,1,21.0,21.0
27654.0,Carrie,Diaz,United States,1,21.0,21.0
27655.0,Melinda,Alvarez,United States,1,21.0,21.0
27660.0,Gerald,Carlson,United States,1,21.0,21.0
27665.0,Miguel,Patterson,United States,1,21.0,21.0
27742.0,Devin,Jones,United States,1,21.0,21.0
27749.0,Alexis,Brown,United States,1,21.0,21.0
27832.0,Margaret,Powell,Germany,1,21.0,21.0
27833.0,Dawn,Lu,United Kingdom,1,21.0,21.0
27905.0,Mario,Black,United Kingdom,1,21.0,21.0
28050.0,Isaiah,Evans,United States,1,21.0,21.0
28057.0,Rachel,Anderson,United States,1,21.0,21.0
28058.0,Jaime,Alvarez,United States,1,21.0,21.0
28077.0,Sarah,Williams,United States,1,21.0,21.0
28124.0,Mackenzie,Kelly,United States,4,21.0,5.25
28228.0,Gloria,Reed,United States,1,21.0,21.0
28233.0,Patrick,Richardson,United States,1,21.0,21.0
28238.0,Dalton,Flores,United States,1,21.0,21.0
28448.0,Katherine,Campbell,United Kingdom,1,21.0,21.0
28459.0,Dana,Muñoz,United Kingdom,1,21.0,21.0
28463.0,Emmanuel,Arun,United Kingdom,1,21.0,21.0
28473.0,Bruce,Rodriguez,United Kingdom,1,21.0,21.0
28552.0,Holly,Subram,United Kingdom,1,21.0,21.0
28892.0,Marissa,Bryant,United Kingdom,1,21.0,21.0
28896.0,Edward,Davis,United Kingdom,1,21.0,21.0
29376.0,Matthew,Robinson,United Kingdom,1,21.0,21.0
29387.0,Jenny,Cai,France,1,21.0,21.0
29423.0,Tony,Luo,France,1,21.0,21.0
29427.0,Wesley,Chen,France,1,21.0,21.0
14556.0,Rafael,He,France,3,20.0,6.666666666666667
25644.0,Andrew,Lewis,France,3,19.0,6.333333333333333
27203.0,Jennifer,Sanchez,United States,3,19.0,6.333333333333333
27853.0,Amy,Zheng,France,3,19.0,6.333333333333333
28218.0,Denise,Arun,Australia,3,19.0,6.333333333333333
20467.0,Gabrielle,Bennett,United States,3,17.0,5.666666666666667
21351.0,James,Coleman,,3,17.0,5.666666666666667
21578.0,Jordan,Green,United States,3,17.0,5.666666666666667
21627.0,Bailey,Roberts,United States,3,17.0,5.666666666666667
21730.0,Noah,Campbell,United States,3,17.0,5.666666666666667
21787.0,Rebecca,Allen,United States,3,17.0,5.666666666666667
21811.0,Olivia,Williams,United States,3,17.0,5.666666666666667
24245.0,Omar,Liang,Australia,3,17.0,5.666666666666667
29116.0,Janelle,Patel,Australia,3,17.0,5.666666666666667
11589.0,Ebony,Malhotra,United Kingdom,2,15.0,7.5
12558.0,Amanda,Evans,Germany,2,15.0,7.5
12616.0,Kelsey,Tang,Germany,2,15.0,7.5
12628.0,Arturo,Ma,France,2,15.0,7.5
12662.0,Jessie,Huang,France,2,15.0,7.5
12719.0,Cheryl,Ruiz,France,2,15.0,7.5
12721.0,Rebekah,Martinez,Germany,2,15.0,7.5
12724.0,Eddie,Martin,Germany,2,15.0,7.5
12727.0,Amanda,Ross,France,2,15.0,7.5
12732.0,Todd,Guo,France,2,15.0,7.5
12798.0,Andy,Gutierrez,France,2,15.0,7.5
13410.0,Jillian,Madan,Germany,2,15.0,7.5
13588.0,Deb,Dominguez,Germany,2,15.0,7.5
13663.0,Melvin,Tang,Germany,3,15.0,5.0
13682.0,Fernando,Lopez,Germany,3,15.0,5.0
14401.0,Jose,Kumar,United States,3,15.0,5.0
14499.0,Samuel,Flores,United States,3,15.0,5.0
14923.0,Andy,Blanco,France,3,15.0,5.0
15301.0,Amy,Guo,United States,3,15.0,5.0
15305.0,Jacquelyn,Ortega,United States,3,15.0,5.0
15405.0,Miguel,Ross,United States,3,15.0,5.0
15775.0,Michelle,Ward,United States,3,15.0,5.0
15875.0,Devin,Morris,United States,3,15.0,5.0
16214.0,Brett,Fernandez,United States,3,15.0,5.0
16374.0,Edward,Phillips,United States,3,15.0,5.0
18312.0,Miguel,Moore,United States,3,15.0,5.0
20390.0,Ross,Ramos,United States,2,15.0,7.5
20393.0,Kaitlyn,White,United States,2,15.0,7.5
20409.0,Sophia,Young,United States,2,15.0,7.5
20431.0,Corey,Raje,United States,2,15.0,7.5
20432.0,Juan,Sanders,United States,2,15.0,7.5
20439.0,Chloe,Rogers,United States,2,15.0,7.5
20466.0,Benjamin,Jai,United States,2,15.0,7.5
20473.0,Mason,Rivera,United States,2,15.0,7.5
20475.0,Blake,Martinez,United States,2,15.0,7.5
20485.0,Richard,Reed,United States,2,15.0,7.5
20488.0,Cassidy,Foster,United States,2,15.0,7.5
20494.0,Jesse,Peterson,United States,2,15.0,7.5
20503.0,Tony,Jai,United States,2,15.0,7.5
20511.0,Matthew,Taylor,United States,2,15.0,7.5
20516.0,Gabriel,Russell,United States,2,15.0,7.5
20520.0,Cassandra,Srini,United States,2,15.0,7.5
20523.0,Emma,Howard,United States,2,15.0,7.5
20535.0,Riley,Torres,,2,15.0,7.5
20539.0,Luis,Baker,,2,15.0,7.5
20636.0,Olivia,Patterson,,2,15.0,7.5
20643.0,Abigail,Patterson,,2,15.0,7.5
20676.0,Carlos,Parker,,2,15.0,7.5
20695.0,Joshua,Brown,,2,15.0,7.5
20766.0,Charles,Morgan,,2,15.0,7.5
20779.0,Maria,Russell,,2,15.0,7.5
20781.0,Kayla,Lee,Canada,3,15.0,5.0
20786.0,Marcus,Perez,,2,15.0,7.5
20790.0,Kayla,Harrison,,2,15.0,7.5
21140.0,Byron,Diaz,,2,15.0,7.5
21243.0,Juan,Bailey,,2,15.0,7.5
21247.0,Alex,Sanders,,2,15.0,7.5
21250.0,Fernando,Coleman,,2,15.0,7.5
21260.0,Ariana,Howard,,2,15.0,7.5
21273.0,Jennifer,Thomas,,2,15.0,7.5
21278.0,Julia,King,,2,15.0,7.5
21285.0,Mackenzie,Rivera,,2,15.0,7.5
21288.0,Hunter,Hall,,2,15.0,7.5
21292.0,Austin,Martinez,,2,15.0,7.5
21301.0,Sierra,Gonzalez,,2,15.0,7.5
21322.0,Carlos,Ramirez,,2,15.0,7.5
21341.0,Louis,Liu,,2,15.0,7.5
21346.0,Christian,Rodriguez,,2,15.0,7.5
21368.0,Mason,Collins,,2,15.0,7.5
21373.0,Clayton,Liu,Australia,3,15.0,5.0
21413.0,Dalton,Robinson,,2,15.0,7.5
21414.0,Aaron,Butler,,2,15.0,7.5
21432.0,Melanie,Ward,,2,15.0,7.5
21442.0,Savannah,Cook,,2,15.0,7.5
21449.0,Devon,Raheem,,2,15.0,7.5
21455.0,Samuel,Shan,,2,15.0,7.5
21459.0,Luis,Alexander,,2,15.0,7.5
21460.0,Jack,Carter,,2,15.0,7.5
21492.0,Robert,Jai,,2,15.0,7.5
21496.0,Nichole,Rai,,2,15.0,7.5
21579.0,Wyatt,Jackson,United States,2,15.0,7.5
21612.0,Spencer,Foster,United States,2,15.0,7.5
21617.0,Jennifer,Miller,United States,2,15.0,7.5
21630.0,Faith,Jenkins,United States,2,15.0,7.5
21632.0,Jaclyn,Liang,United States,2,15.0,7.5
21636.0,Katherine,Rivera,United States,2,15.0,7.5
21657.0,Sara,Green,United States,2,15.0,7.5
21688.0,Jesse,Morris,United States,2,15.0,7.5
21689.0,Olivia,Simmons,United States,2,15.0,7.5
21692.0,Savannah,Ward,United States,2,15.0,7.5
21697.0,Dalton,Powell,United States,2,15.0,7.5
21698.0,Tracy,She,United States,2,15.0,7.5
21707.0,Cassidy,Simmons,United States,2,15.0,7.5
21713.0,Jose,Parker,United States,2,15.0,7.5
21715.0,Jonathan,Ross,United States,2,15.0,7.5
21716.0,Gerald,Sara,United States,2,15.0,7.5
21720.0,Raul,Jai,United States,2,15.0,7.5
21721.0,Sara,Campbell,United States,2,15.0,7.5
21722.0,Spencer,Wood,United States,2,15.0,7.5
21724.0,Mandy,Yang,United States,2,15.0,7.5
21731.0,Alexandra,Diaz,United States,2,15.0,7.5
21733.0,Ian,Simmons,United States,2,15.0,7.5
21734.0,Grace,Garcia,United States,2,15.0,7.5
21754.0,Kaitlyn,Lopez,United States,2,15.0,7.5
21755.0,Lucas,White,United States,2,15.0,7.5
21758.0,Patricia,Malhotra,United States,2,15.0,7.5
21773.0,Alyssa,Rogers,United States,2,15.0,7.5
21778.0,Louis,Shen,United States,2,15.0,7.5
21779.0,Maurice,Black,United States,2,15.0,7.5
21789.0,Lauren,Griffin,United States,2,15.0,7.5
21804.0,Brooke,Cook,United States,2,15.0,7.5
21806.0,Kelvin,Xie,United States,2,15.0,7.5
21814.0,Noah,Edwards,United States,2,15.0,7.5
21901.0,Elizabeth,Taylor,United States,2,15.0,7.5
21905.0,Pedro,Hernandez,United States,2,15.0,7.5
21906.0,Miranda,Simmons,United States,2,15.0,7.5
21907.0,Jordan,Hall,United States,2,15.0,7.5
21938.0,Savannah,Hall,United States,2,15.0,7.5
22012.0,Regina,Malhotra,United States,2,15.0,7.5
22025.0,Riley,Peterson,United States,2,15.0,7.5
22034.0,Seth,Clark,United States,2,15.0,7.5
22049.0,Allen,Patel,United States,2,15.0,7.5
22052.0,Zachary,Butler,United States,2,15.0,7.5
22070.0,Eduardo,Brown,United States,2,15.0,7.5
22331.0,Michele,Yuan,United States,2,15.0,7.5
22339.0,Richard,Nelson,United States,2,15.0,7.5
22340.0,Isaac,Young,United States,2,15.0,7.5
22348.0,Zoe,Torres,United States,2,15.0,7.5
22350.0,Riley,Powell,United States,2,15.0,7.5
23007.0,Isaac,Sanchez,United States,2,15.0,7.5
23011.0,Isaiah,Rivera,United States,2,15.0,7.5
23078.0,Julio,Hernandez,Australia,3,15.0,5.0
23190.0,Nathaniel,Ramirez,United States,2,15.0,7.5
23252.0,Alexia,Wood,United States,2,15.0,7.5
23258.0,Megan,Watson,United States,2,15.0,7.5
23280.0,Hannah,Alexander,United States,2,15.0,7.5
23315.0,Carmen,Chandra,Australia,3,15.0,5.0
23379.0,Riley,Richardson,United States,2,15.0,7.5
24141.0,Misty,Nath,France,3,15.0,5.0
24228.0,Terry,Xu,Australia,3,15.0,5.0
24269.0,Todd,Lu,Australia,2,15.0,7.5
24495.0,Kellie,Ortega,Australia,2,15.0,7.5
24659.0,Kaitlyn,Hill,Canada,3,15.0,5.0
24720.0,Deanna,Alvarez,United Kingdom,3,15.0,5.0
24896.0,Kendra,Ramos,Australia,3,15.0,5.0
25009.0,Natasha,Alonso,Australia,2,15.0,7.5
25017.0,Cristina,Xu,Australia,2,15.0,7.5
25066.0,Charles,Robinson,Canada,3,15.0,5.0
26095.0,Trinity,Kelly,Canada,3,15.0,5.0
26996.0,Natasha,Oliver,Germany,3,15.0,5.0
27588.0,Virginia,Chandra,Australia,3,15.0,5.0
27941.0,Margaret,Chen,Germany,3,15.0,5.0
28089.0,Xavier,Campbell,United States,3,15.0,5.0
28144.0,Noah,Phillips,United States,3,15.0,5.0
28893.0,Jessie,Gutierrez,France,3,15.0,5.0
28930.0,Jarrod,Kapoor,Australia,3,15.0,5.0
28939.0,Ronald,Fernandez,Australia,2,15.0,7.5
28947.0,Grant,Nath,Australia,2,15.0,7.5
28955.0,Emmanuel,Fernandez,Australia,2,15.0,7.5
28956.0,Colleen,Xu,Australia,2,15.0,7.5
28958.0,Randy,Liang,Australia,2,15.0,7.5
28959.0,Jimmy,Ashe,Australia,2,15.0,7.5
29176.0,Luke,Evans,Canada,3,15.0,5.0
29305.0,Beth,Alvarez,Australia,2,15.0,7.5
29307.0,Ross,Malhotra,Australia,2,15.0,7.5
11347.0,Roy,Navarro,Germany,2,14.0,7.0
11352.0,Raymond,Rodriguez,France,2,14.0,7.0
11355.0,Roberto,Gutierrez,United Kingdom,2,14.0,7.0
11375.0,Francisco,Martinez,United Kingdom,2,14.0,7.0
11385.0,Miguel,Allen,United Kingdom,2,14.0,7.0
11393.0,Kurt,Pal,France,2,14.0,7.0
11399.0,Brenda,Mehta,France,2,14.0,7.0
11415.0,Randy,She,Germany,2,14.0,7.0
11495.0,Francis,Jimenez,Germany,2,14.0,7.0
12327.0,Edwin,Liang,Germany,2,14.0,7.0
12646.0,Kenneth,Xu,Germany,2,14.0,7.0
13566.0,Mikael,Sandberg,Germany,2,14.0,7.0
15275.0,Eric,Collins,United States,2,14.0,7.0
15869.0,Alexandra,Hall,United States,2,14.0,7.0
16119.0,Hailey,Watson,United States,2,14.0,7.0
16134.0,Roy,Hernandez,United States,2,14.0,7.0
16234.0,Wyatt,Martin,United States,2,14.0,7.0
16249.0,Jesse,Rivera,United States,2,14.0,7.0
16294.0,Steve,Hu,United Kingdom,2,14.0,7.0
16377.0,Jordan,Adams,United States,2,14.0,7.0
16378.0,Hailey,Baker,United States,2,14.0,7.0
16453.0,Mayra,Chandra,United Kingdom,4,14.0,3.5
16651.0,Abigail,Martinez,United States,2,14.0,7.0
16676.0,Amanda,Perry,United States,2,14.0,7.0
16677.0,Jack,Hughes,United States,2,14.0,7.0
16718.0,Gavin,Stone,United States,2,14.0,7.0
16725.0,Jacob,Williams,United States,2,14.0,7.0
16773.0,David,Lal,United States,2,14.0,7.0
16802.0,Lucas,Allen,United States,2,14.0,7.0
16808.0,Jessica,Long,United States,2,14.0,7.0
16809.0,Bailey,Sanders,United States,2,14.0,7.0
16813.0,Carson,Diaz,United States,2,14.0,7.0
16838.0,Jonathan,Griffin,United States,2,14.0,7.0
16856.0,Erin,Rivera,United States,2,14.0,7.0
16861.0,Luis,Sharma,United States,2,14.0,7.0
16913.0,Marcus,Flores,United States,2,14.0,7.0
16932.0,Adam,King,United Kingdom,4,14.0,3.5
16953.0,Paige,Ward,United States,2,14.0,7.0
16962.0,Zachary,Coleman,United States,2,14.0,7.0
16985.0,Adam,Li,United States,2,14.0,7.0
17031.0,Grace,Thomas,United States,2,14.0,7.0
17145.0,Sarah,Bennett,United States,2,14.0,7.0
17155.0,Samuel,Lewis,United States,2,14.0,7.0
17170.0,Jasmine,James,United States,2,14.0,7.0
17177.0,Richard,Hayes,United States,2,14.0,7.0
17178.0,Trisha,Liang,United States,2,14.0,7.0
17274.0,Arturo,Lu,United States,2,14.0,7.0
17356.0,Mary,Evans,United States,2,14.0,7.0
17392.0,Dylan,Jones,United States,2,14.0,7.0
17447.0,Sydney,Lewis,United States,2,14.0,7.0
17529.0,Chloe,Mitchell,United States,2,14.0,7.0
17531.0,Isaac,Ramirez,United States,2,14.0,7.0
17540.0,Gloria,Gutierrez,United States,2,14.0,7.0
17562.0,Zachary,Sharma,United States,2,14.0,7.0
17588.0,Gavin,Bennett,United States,2,14.0,7.0
17599.0,Sebastian,Cooper,United States,2,14.0,7.0
17652.0,Javier,Vazquez,Germany,3,14.0,4.666666666666667
17692.0,Emily,Smith,United States,2,14.0,7.0
17693.0,Justin,Jenkins,United States,2,14.0,7.0
18073.0,Robert,Chen,United States,2,14.0,7.0
18087.0,Marcus,Long,United States,2,14.0,7.0
18093.0,Grace,Johnson,United States,2,14.0,7.0
18104.0,Taylor,Coleman,United States,2,14.0,7.0
18107.0,Laura,Liang,United States,2,14.0,7.0
18115.0,Richard,Young,United States,2,14.0,7.0
18117.0,Fernando,Washington,United States,2,14.0,7.0
18119.0,Shawn,Nath,United States,2,14.0,7.0
18311.0,Jennifer,Mitchell,United States,2,14.0,7.0
18327.0,Jon,Sharma,United States,2,14.0,7.0
18339.0,Donna,Nath,United States,2,14.0,7.0
18346.0,Anna,Flores,United States,2,14.0,7.0
18383.0,Natalie,Torres,United States,2,14.0,7.0
18477.0,Angelica,Hughes,United States,2,14.0,7.0
18505.0,Carol,Scott,United States,2,14.0,7.0
18572.0,Danielle,Watson,United States,2,14.0,7.0
18652.0,Meredith,Diaz,United States,2,14.0,7.0
18663.0,Jason,Flores,United States,2,14.0,7.0
18664.0,Robert,Long,United States,2,14.0,7.0
18761.0,Luis,Wright,United States,2,14.0,7.0
19272.0,Shaun,Andersen,France,2,14.0,7.0
19275.0,Gregory,Rai,France,2,14.0,7.0
19352.0,Arturo,Chen,France,2,14.0,7.0
19358.0,Jonathan,Bryant,France,2,14.0,7.0
19656.0,Sydney,Travers,United States,2,14.0,7.0
19906.0,Armando,Muñoz,United Kingdom,2,14.0,7.0
20094.0,Lindsey,Chande,United States,2,14.0,7.0
20153.0,Diane,Sanz,Australia,2,14.0,7.0
20415.0,Evelyn,Sai,Australia,2,14.0,7.0
20797.0,Dawn,Hu,France,3,14.0,4.666666666666667
20939.0,Joshua,Johnson,Germany,2,14.0,7.0
21091.0,Ashley,Jenkins,Germany,2,14.0,7.0
21096.0,Jon,Lin,Germany,2,14.0,7.0
21843.0,Erica,He,Germany,2,14.0,7.0
21862.0,Michele,Prasad,France,2,14.0,7.0
21867.0,Michael,Ruggiero,France,2,14.0,7.0
22317.0,Karla,Nath,Germany,2,14.0,7.0
22325.0,Noah,Rodriguez,United Kingdom,2,14.0,7.0
22474.0,Leah,Zhu,Germany,2,14.0,7.0
22537.0,Xavier,Jenkins,Germany,2,14.0,7.0
22830.0,Lee,Travers,Germany,3,14.0,4.666666666666667
22832.0,Martin,Gonzalez,France,2,14.0,7.0
22915.0,Carly,Shen,Australia,2,14.0,7.0
22955.0,Leslie,Suarez,Australia,2,14.0,7.0
23014.0,Cassandra,Mehta,Australia,2,14.0,7.0
23122.0,Colleen,Zhou,Australia,2,14.0,7.0
23312.0,Sheena,Lal,Australia,2,14.0,7.0
23642.0,Anne,Gutierrez,Australia,2,14.0,7.0
23646.0,Jamie,Lu,Australia,2,14.0,7.0
23681.0,Jordan,Gonzales,Canada,2,14.0,7.0
23767.0,Arianna,Bennett,United Kingdom,2,14.0,7.0
23827.0,Wyatt,Hall,Canada,2,14.0,7.0
24020.0,Francisco,Raman,United Kingdom,2,14.0,7.0
24035.0,Jaclyn,Wu,United Kingdom,2,14.0,7.0
24119.0,Emmanuel,Kapoor,France,2,14.0,7.0
24125.0,Tiffany,Xu,France,2,14.0,7.0
24131.0,Felicia,Rubio,France,2,14.0,7.0
24145.0,Cheryl,Serrano,United Kingdom,2,14.0,7.0
24230.0,Andres,Sharma,Australia,2,14.0,7.0
24255.0,Chloe,Lee,Canada,2,14.0,7.0
24363.0,Amanda,Coleman,Australia,2,14.0,7.0
24379.0,Noah,Jenkins,Australia,2,14.0,7.0
24473.0,Marco,Rana,Australia,2,14.0,7.0
24488.0,Gavin,Gonzales,Canada,2,14.0,7.0
24568.0,Jose,Mitchell,United Kingdom,2,14.0,7.0
24588.0,Kathryn,Becker,Australia,2,14.0,7.0
24625.0,Yolanda,Nath,Canada,2,14.0,7.0
24637.0,Nathan,Flores,Canada,2,14.0,7.0
24746.0,Ian,Russell,Canada,2,14.0,7.0
25062.0,Kaitlyn,Young,Canada,2,14.0,7.0
25142.0,Regina,Ray,France,2,14.0,7.0
25188.0,Kevin,Li,Canada,2,14.0,7.0
25437.0,Adam,Washington,Canada,2,14.0,7.0
25496.0,Regina,Sara,France,2,14.0,7.0
25542.0,Gerald,Gutierrez,France,2,14.0,7.0
25799.0,Arianna,James,United Kingdom,2,14.0,7.0
25845.0,Timothy,Campbell,Canada,2,14.0,7.0
25925.0,Brianna,Cooper,Canada,2,14.0,7.0
26215.0,Grant,Shan,United Kingdom,2,14.0,7.0
26269.0,Chloe,Moore,Canada,2,14.0,7.0
26318.0,Caleb,Parker,Canada,2,14.0,7.0
26474.0,Mackenzie,Morris,Canada,2,14.0,7.0
26543.0,Susan,Guo,Australia,3,14.0,4.666666666666667
27209.0,Erick,Rodriguez,United States,2,14.0,7.0
27230.0,Hunter,Wilson,Canada,2,14.0,7.0
27593.0,Jorge,Lin,Australia,2,14.0,7.0
27834.0,Diana,Suarez,France,2,14.0,7.0
28126.0,Anna,Johnson,United States,2,14.0,7.0
28143.0,Samuel,Gonzalez,United States,2,14.0,7.0
28220.0,Kelsey,Xu,Australia,2,14.0,7.0
28253.0,Jeremiah,Green,United States,2,14.0,7.0
28269.0,Alexandra,Green,United States,2,14.0,7.0
28350.0,Alisha,Holt,Australia,2,14.0,7.0
28361.0,Kayla,Wilson,United States,2,14.0,7.0
28536.0,Martha,Guo,Australia,2,14.0,7.0
28787.0,Gabrielle,Wood,United States,2,14.0,7.0
28895.0,Mitchell,Luo,Germany,2,14.0,7.0
28905.0,Katherine,Bailey,France,2,14.0,7.0
29020.0,Jackson,Young,United States,2,14.0,7.0
29125.0,Andrea,Reed,United States,3,14.0,4.666666666666667
29259.0,Jonathan,Davis,Canada,2,14.0,7.0
29286.0,Rodney,Alvarez,Australia,2,14.0,7.0
29395.0,Lydia,Rana,France,2,14.0,7.0
14876.0,Nathan,Anderson,United States,2,13.0,6.5
14918.0,Mariah,Howard,United States,2,13.0,6.5
15202.0,Blake,Bryant,United States,2,13.0,6.5
15744.0,Angela,Gray,United States,2,13.0,6.5
16238.0,Ann,Arun,United States,2,13.0,6.5
16246.0,Lucas,Simmons,United States,2,13.0,6.5
16280.0,Glenn,Ma,Germany,2,13.0,6.5
17032.0,Alexandria,Flores,United States,2,13.0,6.5
17151.0,Jasmine,Alexander,United States,2,13.0,6.5
17152.0,Jack,Wang,United States,2,13.0,6.5
17164.0,Ryan,Clark,United States,2,13.0,6.5
17396.0,Eduardo,Rodriguez,United States,2,13.0,6.5
17490.0,Grace,Moore,United States,2,13.0,6.5
17506.0,Alexandria,Simmons,United States,2,13.0,6.5
17527.0,Anna,Cook,United States,2,13.0,6.5
18180.0,Juan,Howard,Germany,2,13.0,6.5
18321.0,Sebastian,Cook,United States,2,13.0,6.5
18374.0,Logan,King,United States,2,13.0,6.5
18408.0,Cody,West,United States,2,13.0,6.5
18456.0,Timothy,Bailey,United States,2,13.0,6.5
18667.0,Kelli,Ma,United States,2,13.0,6.5
19179.0,Gloria,Sanz,France,2,13.0,6.5
19764.0,Wayne,Pal,Australia,2,13.0,6.5
20041.0,Joe,Alvarez,France,2,13.0,6.5
20498.0,Miguel,Phillips,Canada,2,13.0,6.5
21826.0,Abigail,Russell,Germany,2,13.0,6.5
22219.0,Juha-Pekka,Posti,Canada,2,13.0,6.5
22454.0,Rebekah,Raman,United Kingdom,2,13.0,6.5
22563.0,Darren,Weber,Germany,2,13.0,6.5
22677.0,Reginald,Carlson,Germany,2,13.0,6.5
22815.0,Margaret,Wang,Germany,2,13.0,6.5
22834.0,Darryl,Zhou,Germany,2,13.0,6.5
22945.0,Linda,Sanz,Australia,2,13.0,6.5
23013.0,Louis,Yang,Australia,2,13.0,6.5
23086.0,Tracy,Lal,Australia,2,13.0,6.5
23455.0,Jonathan,Perez,Canada,2,13.0,6.5
23543.0,Michele,Sanchez,Australia,2,13.0,6.5
23609.0,Clarence,Li,France,2,13.0,6.5
23647.0,Wayne,Shen,Australia,2,13.0,6.5
24042.0,Zachary,White,Germany,2,13.0,6.5
24071.0,Victor,Suarez,United Kingdom,2,13.0,6.5
24117.0,Shannon,Gill,Germany,2,13.0,6.5
24188.0,Charles,Turner,United Kingdom,2,13.0,6.5
24472.0,Jake,He,Australia,2,13.0,6.5
24621.0,Chad,Shan,Canada,2,13.0,6.5
25232.0,Kellie,Blanco,Australia,2,13.0,6.5
25687.0,Jade,Cook,United Kingdom,2,13.0,6.5
26844.0,Erin,Cooper,United Kingdom,2,13.0,6.5
26896.0,Michele,Malhotra,United Kingdom,2,13.0,6.5
27037.0,Lauren,Rodriguez,United States,2,13.0,6.5
27717.0,Ebony,Romero,Australia,2,13.0,6.5
27729.0,Sophia,Phillips,United States,2,13.0,6.5
27933.0,Amber,Evans,France,2,13.0,6.5
27945.0,Christine,Andersen,United Kingdom,2,13.0,6.5
28074.0,Justin,Davis,Canada,2,13.0,6.5
28106.0,Chloe,Williams,United States,2,13.0,6.5
28128.0,Jeremiah,Lee,United States,2,13.0,6.5
28858.0,Aidan,Hughes,United States,2,13.0,6.5
28877.0,Joe,Vance,United Kingdom,2,13.0,6.5
28889.0,Alison,Beck,Germany,2,13.0,6.5
29251.0,Mandy,Zhou,United States,2,13.0,6.5
16467.0,Ronald,Srini,United Kingdom,3,12.0,4.0
20827.0,Jillian,Perez,France,2,12.0,6.0
24148.0,Brittney,Zhou,Germany,2,12.0,6.0
27222.0,Virginia,Sai,United States,2,12.0,6.0
27337.0,Julia,Hall,United Kingdom,2,12.0,6.0
27465.0,Seth,Garcia,United States,2,12.0,6.0
28884.0,Sheila,Suarez,United Kingdom,2,12.0,6.0
29160.0,Logan,Baker,United States,2,12.0,6.0
29270.0,Carlos,Allen,United States,2,12.0,6.0
12553.0,Toni,Fernandez,France,1,10.0,10.0
12605.0,Carol,Cooper,Germany,1,10.0,10.0
13596.0,Billy,Gomez,France,1,10.0,10.0
16402.0,Alexander,Martin,United Kingdom,2,10.0,5.0
20388.0,Natasha,Gill,United States,1,10.0,10.0
20440.0,Alexandra,Hughes,United States,1,10.0,10.0
20449.0,Rachel,Walker,United States,1,10.0,10.0
20487.0,Alexander,White,United States,1,10.0,10.0
20509.0,Alexandria,Murphy,United States,1,10.0,10.0
20512.0,Sydney,Parker,United States,1,10.0,10.0
20540.0,Jasmine,Flores,,1,10.0,10.0
20634.0,Stephanie,Bryant,,1,10.0,10.0
20637.0,John,Brown,,1,10.0,10.0
20681.0,Walter,Moreno,,1,10.0,10.0
20687.0,Rebecca,Campbell,,1,10.0,10.0
20732.0,Joshua,Walker,,1,10.0,10.0
20775.0,Bruce,Alonso,,1,10.0,10.0
20777.0,Carly,Sharma,,1,10.0,10.0
20780.0,Michael,White,,1,10.0,10.0
20784.0,Eduardo,Walker,,1,10.0,10.0
20788.0,Sara,Gonzalez,,1,10.0,10.0
20791.0,Ryan,Patterson,,1,10.0,10.0
21294.0,David,Foster,,1,10.0,10.0
21314.0,Devin,Patterson,,1,10.0,10.0
21358.0,Cody,Reed,,1,10.0,10.0
21399.0,Ian,Hughes,,1,10.0,10.0
21425.0,Carlos,Hall,,1,10.0,10.0
21454.0,Alvin,Goldstein,,1,10.0,10.0
21481.0,Jose,Diaz,,1,10.0,10.0
21623.0,Connor,Diaz,United States,1,10.0,10.0
21639.0,Anthony,Wilson,United States,1,10.0,10.0
21686.0,Albert,Ortega,United States,1,10.0,10.0
21934.0,Jennifer,Cox,United States,1,10.0,10.0
22009.0,Ross,Alvarez,United States,1,10.0,10.0
22053.0,Jaime,Goel,United States,1,10.0,10.0
22352.0,Elizabeth,Moore,United States,1,10.0,10.0
22355.0,Logan,Jones,United States,1,10.0,10.0
23254.0,Jack,Gonzalez,United States,1,10.0,10.0
23278.0,Chloe,Flores,United States,1,10.0,10.0
24246.0,Victor,Ramos,Australia,1,10.0,10.0
24253.0,Fernando,Wood,Australia,1,10.0,10.0
24277.0,Donald,Kovár,Australia,1,10.0,10.0
24494.0,Rafael,Zhou,Australia,1,10.0,10.0
28330.0,Charles,Bailey,United States,2,10.0,5.0
28938.0,Sarah,Moore,Australia,1,10.0,10.0
28942.0,Frederick,Raman,Australia,1,10.0,10.0
28951.0,Monica,Rodriguez,Australia,1,10.0,10.0
29117.0,Glenn,She,Australia,1,10.0,10.0
11584.0,Devin,Carter,Germany,1,9.0,9.0
11586.0,Alberto,Romero,United Kingdom,1,9.0,9.0
12478.0,Ruben,Mehta,Germany,1,9.0,9.0
12481.0,Victor,Diaz,Germany,1,9.0,9.0
12488.0,Jay,Garcia,France,1,9.0,9.0
12507.0,Ian,Bell,Germany,1,9.0,9.0
12511.0,Grant,Chander,France,1,9.0,9.0
12512.0,Carolyn,Gomez,Germany,1,9.0,9.0
12514.0,Lacey,Becker,France,1,9.0,9.0
12515.0,Shelby,Bailey,France,1,9.0,9.0
12516.0,Shawna,Chander,Germany,1,9.0,9.0
12517.0,Alexa,Watson,Germany,1,9.0,9.0
12518.0,Jacquelyn,Dominguez,Germany,1,9.0,9.0
12524.0,Kate,Shan,France,1,9.0,9.0
12534.0,Katie,Shan,France,1,9.0,9.0
12535.0,Clifford,Kapoor,Germany,1,9.0,9.0
12536.0,Javier,Dominguez,Germany,1,9.0,9.0
12537.0,Terrence,Luo,France,1,9.0,9.0
12538.0,Paula,Blanco,Germany,1,9.0,9.0
12539.0,Marc,Dominguez,France,1,9.0,9.0
12541.0,Jonathan,Zhang,France,1,9.0,9.0
12542.0,Preston,Patel,France,1,9.0,9.0
12543.0,Ruben,Alvarez,France,1,9.0,9.0
12544.0,Bruce,Jordan,Germany,1,9.0,9.0
12552.0,Bruce,Torres,France,1,9.0,9.0
12556.0,Manuel,Kapoor,Germany,1,9.0,9.0
12641.0,Willie,Raje,France,1,9.0,9.0
12642.0,Jimmy,Carlson,France,1,9.0,9.0
12649.0,Omar,Goel,France,1,9.0,9.0
12651.0,Martin,Malhotra,France,1,9.0,9.0
12656.0,Blake,Roberts,France,1,9.0,9.0
28610.0,Jacqueline,Bailey,United States,1,9.0,9.0
28611.0,Christian,Alexander,United States,1,9.0,9.0
28612.0,Gabriel,Roberts,United States,1,9.0,9.0
28613.0,James,Campbell,United States,1,9.0,9.0
28614.0,Luis,Jenkins,United States,1,9.0,9.0
28615.0,Jonathan,Flores,United States,1,9.0,9.0
28788.0,Dominique,Martinez,United States,1,9.0,9.0
28967.0,Jessica,Morris,United States,1,9.0,9.0
29057.0,Latoya,Andersen,United States,1,9.0,9.0
28596.0,Haley,Butler,United States,1,8.0,8.0
28597.0,Brianna,Harris,United States,1,8.0,8.0
28599.0,Stephanie,Perry,United States,1,8.0,8.0
28601.0,Christian,Gonzales,United States,1,8.0,8.0
28603.0,Brian,Bell,United States,1,8.0,8.0
28604.0,Allison,James,United States,1,8.0,8.0
28605.0,Caleb,Coleman,United States,1,8.0,8.0
28606.0,Joshua,Wilson,United States,1,8.0,8.0
28607.0,Hunter,Sharma,United States,1,8.0,8.0
28780.0,Melissa,Griffin,United States,1,8.0,8.0
28789.0,Elijah,Zhang,United States,1,8.0,8.0
12810.0,Chase,Stewart,Germany,2,7.0,3.5
12815.0,Dominique,Mehta,Germany,2,7.0,3.5
13532.0,Melody,Gill,Germany,2,7.0,3.5
13797.0,Franklin,Gao,Germany,2,7.0,3.5
14389.0,Ryan,Harris,United States,2,7.0,3.5
14403.0,Angelica,Russell,United States,2,7.0,3.5
14465.0,Dakota,Patterson,United States,2,7.0,3.5
14468.0,Grace,Rivera,United States,2,7.0,3.5
14474.0,Jacqueline,Murphy,United States,2,7.0,3.5
14475.0,Isabella,Perry,United States,2,7.0,3.5
14476.0,Bryce,Reed,United States,2,7.0,3.5
14492.0,Justin,Patterson,United States,2,7.0,3.5
14562.0,Bryce,Stewart,United States,2,7.0,3.5
14569.0,Kristopher,Rodriguez,United States,2,7.0,3.5
14587.0,Jade,Peterson,United States,2,7.0,3.5
14593.0,Jack,Washington,United States,2,7.0,3.5
14625.0,Benjamin,Simmons,United States,2,7.0,3.5
14627.0,Isaiah,Hill,United States,2,7.0,3.5
14642.0,Jeffery,Zeng,United States,2,7.0,3.5
14644.0,Jennifer,Lee,United States,2,7.0,3.5
14654.0,Kyle,Collins,United States,2,7.0,3.5
14742.0,Andrea,Howard,United States,2,7.0,3.5
14751.0,Gabrielle,Price,United States,2,7.0,3.5
14759.0,Madison,Davis,United States,2,7.0,3.5
14764.0,Xavier,Scott,United States,2,7.0,3.5
14780.0,Tabitha,Alonso,France,2,7.0,3.5
14845.0,Chelsea,Sai,France,2,7.0,3.5
14901.0,Katherine,Richardson,United States,2,7.0,3.5
14919.0,Erik,Torres,United States,2,7.0,3.5
14921.0,Sara,Watson,United States,2,7.0,3.5
15159.0,Eric,Washington,United States,2,7.0,3.5
15161.0,Trinity,James,United States,2,7.0,3.5
15163.0,Victoria,Murphy,United States,2,7.0,3.5
15177.0,Jorge,Lu,United States,2,7.0,3.5
15198.0,Lauren,Watson,United States,2,7.0,3.5
15247.0,Catherine,Stewart,United States,2,7.0,3.5
15269.0,Chloe,King,United States,2,7.0,3.5
15282.0,Elizabeth,Thomas,United States,2,7.0,3.5
15295.0,Louis,Shan,United States,2,7.0,3.5
15296.0,Chloe,Peterson,United States,2,7.0,3.5
15298.0,Joe,Chandra,United States,2,7.0,3.5
15299.0,Charles,Lopez,United States,2,7.0,3.5
15313.0,Garrett,Morris,United States,2,7.0,3.5
15316.0,Alexis,Harris,United States,2,7.0,3.5
15319.0,Jade,Sanchez,United States,2,7.0,3.5
15331.0,Jacob,Taylor,United States,2,7.0,3.5
15336.0,Marco,Garcia,United States,2,7.0,3.5
15368.0,Brandi,Martin,United States,2,7.0,3.5
15370.0,Jessica,Butler,United States,2,7.0,3.5
15384.0,Xavier,Alan,United States,2,7.0,3.5
15385.0,Destiny,Reed,United States,2,7.0,3.5
15393.0,Rebekah,Ruiz,United States,2,7.0,3.5
15406.0,Amanda,Butler,United States,2,7.0,3.5
15431.0,John,Jackson,United States,2,7.0,3.5
15443.0,Francisco,Patel,Germany,2,7.0,3.5
15476.0,Alyssa,Powell,United States,2,7.0,3.5
15477.0,Jose,Adams,United States,2,7.0,3.5
15505.0,Gabriella,Bailey,United States,2,7.0,3.5
15515.0,Carlos,Wright,United States,2,7.0,3.5
15516.0,Shaun,Raje,United States,2,7.0,3.5
15524.0,Dalton,Stone,United States,2,7.0,3.5
15749.0,Grace,Brown,United States,2,7.0,3.5
15782.0,Katelyn,Collins,United States,2,7.0,3.5
15836.0,Devin,Jackson,United States,2,7.0,3.5
15849.0,Destiny,Kelly,United States,2,7.0,3.5
15858.0,Jonathan,Parker,United States,2,7.0,3.5
15861.0,Damien,Zhao,United States,2,7.0,3.5
15867.0,Victoria,White,United States,2,7.0,3.5
15870.0,Zoe,Howard,United States,2,7.0,3.5
15896.0,Samuel,Jones,United States,2,7.0,3.5
15898.0,Isaiah,Gonzalez,United States,2,7.0,3.5
15935.0,Amber,King,United States,2,7.0,3.5
15938.0,Sean,Collins,United States,2,7.0,3.5
15940.0,Jack,Bryant,United States,2,7.0,3.5
15945.0,Alexandria,Kelly,United States,2,7.0,3.5
15947.0,Michelle,Blue,United States,2,7.0,3.5
15950.0,Erin,Peterson,United States,2,7.0,3.5
15978.0,Xavier,Walker,United States,2,7.0,3.5
16001.0,Ricardo,Pal,United States,2,7.0,3.5
16010.0,Nicole,Wood,United States,2,7.0,3.5
16014.0,Christopher,Wilson,United States,2,7.0,3.5
16034.0,Pamela,Suri,Germany,2,7.0,3.5
16060.0,Antonio,Griffin,United States,2,7.0,3.5
16062.0,Katherine,Johnson,United States,2,7.0,3.5
16064.0,Isabella,Griffin,United States,2,7.0,3.5
16075.0,Alexis,Johnson,United States,2,7.0,3.5
16076.0,Catherine,Rogers,United States,2,7.0,3.5
16088.0,Bryce,Sanders,United States,2,7.0,3.5
16092.0,Jessica,Bryant,United States,2,7.0,3.5
16115.0,Jennifer,Diaz,United States,2,7.0,3.5
16120.0,Bryce,Ramirez,United States,2,7.0,3.5
16242.0,Megan,Garcia,United States,2,7.0,3.5
16276.0,Brandi,Carlson,Germany,2,7.0,3.5
16284.0,Troy,Perez,Germany,2,7.0,3.5
16337.0,Jose,White,United States,2,7.0,3.5
16356.0,Sophia,Baker,United States,2,7.0,3.5
16359.0,Shelby,Richardson,United States,2,7.0,3.5
16376.0,Maria,Wright,United States,2,7.0,3.5
16384.0,Jada,Reed,United States,2,7.0,3.5
16648.0,Rachel,Coleman,United States,2,7.0,3.5
16672.0,Nicole,Martinez,United States,2,7.0,3.5
16715.0,Katelyn,Ramirez,United States,2,7.0,3.5
16723.0,Barbara,Zhao,United States,2,7.0,3.5
16726.0,Miguel,Wood,United States,2,7.0,3.5
16750.0,Seth,Sanders,United States,2,7.0,3.5
16759.0,Jasmine,Bell,United States,2,7.0,3.5
16900.0,Miguel,Jones,United States,2,7.0,3.5
17369.0,Ethan,Brown,United States,2,7.0,3.5
17383.0,Craig,Ortega,United States,2,7.0,3.5
17406.0,Mariah,Flores,United States,2,7.0,3.5
17455.0,Dylan,Hayes,United States,2,7.0,3.5
17469.0,Ian,Perez,United States,2,7.0,3.5
17487.0,Nathan,Green,United States,2,7.0,3.5
17505.0,Hunter,Mitchell,United States,2,7.0,3.5
17578.0,Megan,Thompson,United States,2,7.0,3.5
17658.0,Jade,Howard,United States,2,7.0,3.5
17663.0,Elizabeth,Hayes,United States,2,7.0,3.5
18053.0,Stefanie,Smith,United States,2,7.0,3.5
18161.0,Tanya,Sanz,France,2,7.0,3.5
18162.0,Misty,Pal,France,2,7.0,3.5
18169.0,Alisha,Liang,Germany,2,7.0,3.5
18174.0,Jill,Munoz,France,2,7.0,3.5
18313.0,Arianna,Foster,United States,2,7.0,3.5
18315.0,Melody,Dominguez,United States,2,7.0,3.5
18316.0,Justin,Kumar,United States,2,7.0,3.5
18328.0,Alvin,Rai,United States,2,7.0,3.5
19039.0,Melvin,Pal,France,2,7.0,3.5
19872.0,Faith,Foster,Canada,2,7.0,3.5
19873.0,Dylan,Thomas,Canada,2,7.0,3.5
19905.0,Chelsea,Fernandez,United Kingdom,2,7.0,3.5
20380.0,Catherine,Reed,Canada,2,7.0,3.5
20403.0,Mitchell,Lal,Australia,2,7.0,3.5
20734.0,Luis,Phillips,Canada,2,7.0,3.5
20760.0,Thomas,Alexander,Canada,2,7.0,3.5
20986.0,Brandi,Blanco,Australia,2,7.0,3.5
21239.0,Christy,Liang,Australia,2,7.0,3.5
21364.0,Charles,Gray,Canada,2,7.0,3.5
21365.0,Gloria,Ramos,Australia,2,7.0,3.5
21367.0,Cindy,Rana,Australia,2,7.0,3.5
21371.0,Ann,Patel,Australia,2,7.0,3.5
21374.0,Stacey,Zhou,Australia,2,7.0,3.5
21441.0,Edward,Nelson,Canada,2,7.0,3.5
21489.0,Neil,Gutierrez,Canada,2,7.0,3.5
21490.0,Cole,Ward,Canada,2,7.0,3.5
21494.0,Kayla,Gonzales,Canada,2,7.0,3.5
21631.0,Martin,Sanchez,Canada,2,7.0,3.5
21682.0,Katrina,Goel,United Kingdom,2,7.0,3.5
21752.0,Rafael,Li,Canada,2,7.0,3.5
21764.0,Nathan,Smith,Canada,2,7.0,3.5
21925.0,Tabitha,Dominguez,Canada,2,7.0,3.5
22019.0,Rachel,Bryant,Canada,2,7.0,3.5
22059.0,Jonathan,Johnson,Canada,2,7.0,3.5
22278.0,Mariah,Gray,Canada,2,7.0,3.5
22359.0,Ethan,Lee,Canada,2,7.0,3.5
22739.0,Destiny,Rodriguez,Canada,2,7.0,3.5
22965.0,Carrie,Gomez,Australia,2,7.0,3.5
22973.0,Alan,Lin,Australia,2,7.0,3.5
22974.0,Erika,Vazquez,Australia,2,7.0,3.5
22983.0,Maria,Bennett,Canada,2,7.0,3.5
23009.0,Dalton,Thomas,Canada,2,7.0,3.5
23022.0,Jocelyn,Bradley,Canada,2,7.0,3.5
23077.0,Marvin,Hernandez,Australia,2,7.0,3.5
23079.0,Justine,Ryan,Australia,2,7.0,3.5
23085.0,Ross,Subram,Australia,2,7.0,3.5
23096.0,Ashlee,Chande,Australia,2,7.0,3.5
23236.0,Nichole,Kumar,United Kingdom,2,7.0,3.5
23290.0,Angelica,Bennett,Canada,2,7.0,3.5
23305.0,Robyn,Dominguez,Australia,2,7.0,3.5
23362.0,Nicholas,Martin,Canada,2,7.0,3.5
23449.0,Steven,Peterson,Canada,2,7.0,3.5
23503.0,Dalton,Torres,Canada,2,7.0,3.5
23557.0,Victoria,Washington,Canada,2,7.0,3.5
23591.0,Justin,Henderson,Canada,2,7.0,3.5
24096.0,Diana,Vazquez,France,2,7.0,3.5
24118.0,Donna,Chande,France,2,7.0,3.5
24123.0,Heather,Hu,France,2,7.0,3.5
24142.0,Christian,Davis,France,2,7.0,3.5
24149.0,Richard,Simmons,France,2,7.0,3.5
24185.0,Tara,She,France,2,7.0,3.5
24229.0,Pedro,Kapoor,Australia,2,7.0,3.5
24306.0,Molly,Chandra,Australia,2,7.0,3.5
24479.0,Desirée,Moreno,Australia,2,7.0,3.5
24525.0,James,Nelson,Canada,2,7.0,3.5
24693.0,Alexandra,Rogers,France,2,7.0,3.5
24713.0,Jeremy,Brooks,France,2,7.0,3.5
24733.0,Luke,Flores,Canada,2,7.0,3.5
24773.0,Grace,Stewart,Canada,2,7.0,3.5
24892.0,Arthur,Alvarez,Australia,2,7.0,3.5
24898.0,Mallory,Gomez,Australia,2,7.0,3.5
24939.0,Elizabeth,Barnes,Canada,2,7.0,3.5
25055.0,Erik,Navarro,Australia,2,7.0,3.5
25056.0,Wayne,Black,Australia,2,7.0,3.5
25058.0,Corey,Raji,Australia,2,7.0,3.5
25117.0,Mindy,Shan,Australia,2,7.0,3.5
25118.0,Gerald,Diaz,Australia,2,7.0,3.5
25130.0,Micah,Huang,Australia,2,7.0,3.5
25135.0,Kelvin,Zhao,Australia,2,7.0,3.5
25137.0,Nina,Raje,Australia,2,7.0,3.5
25157.0,Destiny,Miller,Canada,2,7.0,3.5
25224.0,Keith,Kumar,Australia,2,7.0,3.5
25233.0,Nathaniel,Ward,Australia,2,7.0,3.5
25238.0,Kristopher,Madan,Australia,2,7.0,3.5
25239.0,Isabella,Barnes,Australia,2,7.0,3.5
25314.0,Charles,Bell,France,2,7.0,3.5
25322.0,Tina,Perez,Germany,2,7.0,3.5
25331.0,James,White,Canada,2,7.0,3.5
25483.0,Dennis,Ma,France,2,7.0,3.5
25490.0,Alvin,He,France,2,7.0,3.5
25491.0,Krystal,Xu,France,2,7.0,3.5
25513.0,Grace,Walker,France,2,7.0,3.5
25514.0,Dominic,Martinez,France,2,7.0,3.5
25527.0,Robert,Johnson,France,2,7.0,3.5
25549.0,Mallory,Dominguez,France,2,7.0,3.5
25554.0,Jermaine,Perez,France,2,7.0,3.5
25672.0,Janelle,Subram,France,2,7.0,3.5
25673.0,Isaiah,Turner,France,2,7.0,3.5
25816.0,Teresa,Navarro,Australia,2,7.0,3.5
25817.0,Isaac,Phillips,Australia,2,7.0,3.5
26032.0,Leslie,Ruiz,Australia,2,7.0,3.5
26074.0,Isaac,Reed,Canada,2,7.0,3.5
26077.0,Isaac,Collins,Canada,2,7.0,3.5
26100.0,James,Ptaszynski,Canada,2,7.0,3.5
26693.0,Charles,Perez,Canada,2,7.0,3.5
26700.0,Sydney,Ramirez,Canada,2,7.0,3.5
26706.0,Bailey,Mitchell,Canada,2,7.0,3.5
27024.0,Austin,Patterson,Canada,2,7.0,3.5
27032.0,Miguel,Garcia,United States,2,7.0,3.5
27035.0,Ana,Long,United States,2,7.0,3.5
27036.0,Hunter,Brown,United States,2,7.0,3.5
27038.0,Eduardo,Reed,United States,2,7.0,3.5
27040.0,Paul,Singh,United States,2,7.0,3.5
27041.0,Edward,Smith,United States,2,7.0,3.5
27100.0,Hunter,Walker,Canada,2,7.0,3.5
27111.0,Gabriel,Flores,Canada,2,7.0,3.5
27163.0,Wayne,Luo,France,2,7.0,3.5
27174.0,Fernando,Bennett,Germany,2,7.0,3.5
27187.0,Lucas,Diaz,Germany,2,7.0,3.5
27210.0,Hunter,Flores,United States,2,7.0,3.5
27213.0,Julia,Lewis,United States,2,7.0,3.5
27300.0,Robert,Baker,Canada,2,7.0,3.5
27332.0,Tony,Raji,France,2,7.0,3.5
27454.0,Benjamin,Wang,Canada,2,7.0,3.5
27607.0,Joshua,Martin,Canada,2,7.0,3.5
27716.0,Albert,Ramos,Australia,2,7.0,3.5
27921.0,Sydney,Long,Canada,2,7.0,3.5
27931.0,Tabitha,Patel,Germany,2,7.0,3.5
27960.0,Randall,Alonso,Germany,2,7.0,3.5
27962.0,Rebekah,Martin,France,2,7.0,3.5
27963.0,Kendra,Dominguez,Germany,2,7.0,3.5
27988.0,Dylan,Ross,United States,2,7.0,3.5
27994.0,Jodi,Rai,United States,2,7.0,3.5
28004.0,Andrea,Edwards,United States,2,7.0,3.5
28005.0,Amber,Young,United States,2,7.0,3.5
28006.0,Seth,Torres,United States,2,7.0,3.5
28008.0,Jada,Baker,United States,2,7.0,3.5
28009.0,Arianna,Washington,United States,2,7.0,3.5
28011.0,Andrew,Lan,United States,2,7.0,3.5
28012.0,Ian,Stewart,United States,2,7.0,3.5
28019.0,Melissa,Ramirez,United States,2,7.0,3.5
28026.0,Paige,Ross,United States,2,7.0,3.5
28073.0,Mackenzie,Green,Canada,2,7.0,3.5
28087.0,Maria,Simmons,United States,2,7.0,3.5
28104.0,Hannah,Williams,United States,2,7.0,3.5
28105.0,Hannah,Garcia,United States,2,7.0,3.5
28137.0,Kristi,Lopez,Australia,2,7.0,3.5
28138.0,Marvin,Ramos,Australia,2,7.0,3.5
28157.0,Elijah,Edwards,Canada,2,7.0,3.5
28175.0,Clifford,Subram,United States,2,7.0,3.5
28216.0,Adrienne,Ramos,Australia,2,7.0,3.5
28239.0,Richard,Ramirez,Canada,2,7.0,3.5
28242.0,Madison,Butler,United States,2,7.0,3.5
28245.0,Gavin,Henderson,Canada,2,7.0,3.5
28258.0,Destiny,Bryant,United States,2,7.0,3.5
28260.0,Hunter,Roberts,Canada,2,7.0,3.5
28262.0,Destiny,Diaz,United States,2,7.0,3.5
28279.0,Spencer,Simmons,United States,2,7.0,3.5
28281.0,Juan,Cox,United States,2,7.0,3.5
28360.0,Isaiah,Adams,United States,2,7.0,3.5
28577.0,Austin,Harris,United States,2,7.0,3.5
28579.0,Grace,Ross,United States,2,7.0,3.5
28882.0,Tasha,Shen,France,2,7.0,3.5
28909.0,Tommy,Champion,France,2,7.0,3.5
28920.0,Renée,Alvarez,Germany,2,7.0,3.5
28925.0,Warren,Lu,Australia,2,7.0,3.5
28926.0,Danny,Schmidt,Australia,2,7.0,3.5
28929.0,Marie,Fernandez,Australia,2,7.0,3.5
28936.0,Karla,Raje,Australia,2,7.0,3.5
28937.0,Tommy,Nath,Australia,2,7.0,3.5
29000.0,Nathan,Baker,United States,2,7.0,3.5
29028.0,Samuel,Parker,United States,2,7.0,3.5
29101.0,Monique,Rubio,Australia,2,7.0,3.5
29130.0,Hannah,Washington,Canada,2,7.0,3.5
16435.0,Steven,Cooper,United Kingdom,2,6.0,3.0
17112.0,Janet,Jimenez,United Kingdom,2,6.0,3.0
17821.0,Marvin,Gill,United Kingdom,2,6.0,3.0
19468.0,Ramon,Lin,France,2,6.0,3.0
19485.0,Raul,Shan,France,2,6.0,3.0
19487.0,Dwayne,Gutierrez,France,2,6.0,3.0
19491.0,Stanley,Prasad,France,2,6.0,3.0
19492.0,Andres,Andersen,France,2,6.0,3.0
19494.0,Sergio,Martinez,France,2,6.0,3.0
19507.0,Raul,Shen,France,2,6.0,3.0
19508.0,Troy,Rana,France,2,6.0,3.0
19515.0,Nancy,Garcia,France,2,6.0,3.0
20148.0,Terry,Nath,France,2,6.0,3.0
20177.0,Kelvin,Li,France,2,6.0,3.0
20802.0,Jon,Li,France,2,6.0,3.0
20810.0,Brittney,He,France,2,6.0,3.0
20899.0,Angela,Cook,France,2,6.0,3.0
20919.0,Gretchen,Rivas,France,2,6.0,3.0
20920.0,Jaclyn,Rai,France,2,6.0,3.0
20960.0,Darrell,Beck,France,2,6.0,3.0
20962.0,Sharon,Xie,France,2,6.0,3.0
22565.0,Brenda,Subram,Germany,2,6.0,3.0
22700.0,Gina,Serrano,Germany,2,6.0,3.0
22866.0,William,Thompson,Germany,2,6.0,3.0
23446.0,Nina,Chander,Germany,2,6.0,3.0
23447.0,Jermaine,Weber,Germany,2,6.0,3.0
23600.0,Peter,Sharma,France,2,6.0,3.0
23601.0,Kari,Alan,Germany,2,6.0,3.0
23755.0,Louis,Wu,Germany,2,6.0,3.0
23910.0,Gabriel,Perry,Germany,2,6.0,3.0
23914.0,Tonya,Sharma,Germany,2,6.0,3.0
23942.0,Rafael,Goel,Germany,2,6.0,3.0
23979.0,Damien,Chen,Germany,2,6.0,3.0
24072.0,Randy,He,Germany,2,6.0,3.0
24088.0,Damien,He,Germany,2,6.0,3.0
24097.0,Francisco,Fernandez,Germany,2,6.0,3.0
24137.0,Tara,Sharma,Germany,2,6.0,3.0
24143.0,Stanley,Mehta,Germany,2,6.0,3.0
24156.0,Wesley,Zhou,Germany,2,6.0,3.0
24181.0,Edwin,Nath,Germany,2,6.0,3.0
24544.0,Kellie,Romero,Germany,2,6.0,3.0
24556.0,Claudia,Yang,France,2,6.0,3.0
24559.0,Adrienne,Suarez,France,2,6.0,3.0
24563.0,Adriana,Rodriguez,Germany,2,6.0,3.0
24567.0,Alison,Deng,France,2,6.0,3.0
25026.0,Mitchell,Andersen,Australia,2,6.0,3.0
25315.0,Cole,Cox,United Kingdom,2,6.0,3.0
25325.0,Wyatt,Parker,United Kingdom,2,6.0,3.0
25628.0,Jessie,Dominguez,United Kingdom,2,6.0,3.0
25686.0,Naomi,Hernandez,United Kingdom,2,6.0,3.0
25689.0,Andrea,Campbell,United Kingdom,2,6.0,3.0
25755.0,Jeffery,Huang,United Kingdom,2,6.0,3.0
25906.0,Crystal,Zhao,Australia,2,6.0,3.0
25907.0,Kelli,Shen,Australia,2,6.0,3.0
25913.0,Beth,Srini,Australia,2,6.0,3.0
25923.0,Mason,Parker,Australia,2,6.0,3.0
26182.0,Brittney,Liang,Australia,2,6.0,3.0
26218.0,Barry,Patel,United Kingdom,2,6.0,3.0
26417.0,Dustin,Rai,United Kingdom,2,6.0,3.0
26558.0,Holly,Garcia,Australia,2,6.0,3.0
26833.0,Kelvin,Rai,United Kingdom,2,6.0,3.0
26834.0,Teresa,Romero,United Kingdom,2,6.0,3.0
26887.0,Janelle,Rodriguez,United Kingdom,2,6.0,3.0
26905.0,Kari,Serrano,United Kingdom,2,6.0,3.0
26971.0,Douglas,Madan,United Kingdom,2,6.0,3.0
27151.0,Carrie,Moreno,United Kingdom,2,6.0,3.0
27156.0,Makayla,Morgan,United Kingdom,2,6.0,3.0
27158.0,Lucas,Jones,United Kingdom,2,6.0,3.0
27218.0,Bailey,Allen,United States,2,6.0,3.0
27223.0,Jeremy,Wright,United States,2,6.0,3.0
27224.0,Jessica,Griffin,United States,2,6.0,3.0
27308.0,Marie,Rana,United Kingdom,2,6.0,3.0
27317.0,Raymond,Lopez,United Kingdom,2,6.0,3.0
27374.0,Robert,Phillips,United States,2,6.0,3.0
27375.0,Nicole,Wilson,United States,2,6.0,3.0
27376.0,Courtney,Gonzalez,United States,2,6.0,3.0
27464.0,Jacquelyn,Torres,Australia,2,6.0,3.0
27727.0,Chloe,Hill,United States,2,6.0,3.0
27788.0,Brent,Lin,United Kingdom,2,6.0,3.0
27957.0,Tabitha,Suri,United Kingdom,2,6.0,3.0
27964.0,Alicia,Shan,United Kingdom,2,6.0,3.0
28329.0,Marcus,Washington,Australia,2,6.0,3.0
28878.0,Alvin,Guo,United Kingdom,2,6.0,3.0
29038.0,Vanessa,Hughes,United States,2,6.0,3.0
29089.0,Noah,Henderson,United States,2,6.0,3.0
29092.0,Jessie,Ma,Australia,2,6.0,3.0
29105.0,Martha,Ma,United States,2,6.0,3.0
29109.0,Elizabeth,Miller,United States,2,6.0,3.0
29112.0,Edward,Powell,United States,2,6.0,3.0
29134.0,Pedro,Dominguez,United States,2,6.0,3.0
29200.0,Jackson,Collins,United States,2,6.0,3.0
12811.0,Marc,Serrano,Germany,1,5.0,5.0
12837.0,Nicole,Anderson,Germany,1,5.0,5.0
13786.0,Jon,Chavez,Germany,1,5.0,5.0
13824.0,Destiny,Wood,Germany,1,5.0,5.0
14399.0,Jeremy,Peterson,United States,1,5.0,5.0
14404.0,Rachel,Davis,United States,1,5.0,5.0
14513.0,Alexandra,Turner,United States,1,5.0,5.0
14527.0,Kurt,Raji,Germany,1,5.0,5.0
14528.0,Casey,Ramos,Germany,1,5.0,5.0
14583.0,Sydney,Morris,United States,1,5.0,5.0
14592.0,Jessica,Thompson,United States,1,5.0,5.0
14607.0,Isaiah,Nelson,United States,1,5.0,5.0
14609.0,Julia,Phillips,United States,1,5.0,5.0
14620.0,Kayla,Patterson,United States,1,5.0,5.0
14628.0,Carlos,Brooks,United States,1,5.0,5.0
14629.0,Blake,Hernandez,United States,1,5.0,5.0
14630.0,Isaiah,James,United States,1,5.0,5.0
14689.0,Lloyd,Saunders,France,1,5.0,5.0
14721.0,Daniel,Jones,United States,1,5.0,5.0
14729.0,Gloria,Rubio,United States,1,5.0,5.0
14762.0,Adriana,Perez,United States,1,5.0,5.0
14763.0,George,Arun,United States,1,5.0,5.0
14766.0,Curtis,Xu,France,1,5.0,5.0
14788.0,Gerald,Rana,France,1,5.0,5.0
14899.0,Rodney,Dominguez,United States,1,5.0,5.0
14909.0,Benjamin,Bryant,United States,1,5.0,5.0
14920.0,Jason,Hill,United States,1,5.0,5.0
14922.0,Paige,Perry,United States,1,5.0,5.0
14942.0,Whitney,Madan,France,1,5.0,5.0
15164.0,Savannah,Collins,United States,1,5.0,5.0
15258.0,Chloe,Reed,United States,1,5.0,5.0
15300.0,Seth,Butler,United States,1,5.0,5.0
15315.0,Katherine,Bennett,United States,1,5.0,5.0
15344.0,Luke,Russell,United States,1,5.0,5.0
15360.0,Ryan,Martin,United States,1,5.0,5.0
15381.0,Alexa,Howard,United States,1,5.0,5.0
15386.0,Nicholas,Taylor,United States,1,5.0,5.0
15387.0,Miguel,Rodriguez,United States,1,5.0,5.0
15400.0,Samuel,Roberts,United States,1,5.0,5.0
15412.0,Ryan,Griffin,United States,1,5.0,5.0
15414.0,Isaac,Richardson,United States,1,5.0,5.0
15416.0,Edward,Barnes,United States,1,5.0,5.0
15420.0,Nathan,Hernandez,United States,1,5.0,5.0
15421.0,Cameron,Clark,United States,1,5.0,5.0
15423.0,Jack,Long,United States,1,5.0,5.0
15458.0,Krystal,Ma,Germany,1,5.0,5.0
15533.0,Anna,Richardson,United States,1,5.0,5.0
15550.0,Orlando,Alonso,United States,1,5.0,5.0
15560.0,Gabrielle,Gray,United States,1,5.0,5.0
15573.0,Thomas,Wilson,United States,1,5.0,5.0
15680.0,Tasha,She,Germany,1,5.0,5.0
15746.0,Emily,Walker,United States,1,5.0,5.0
15776.0,Jesse,Mitchell,United States,1,5.0,5.0
15818.0,Stanley,Perez,United States,1,5.0,5.0
15857.0,Isabella,White,United States,1,5.0,5.0
15907.0,Steven,Bailey,United States,1,5.0,5.0
15956.0,Ryan,Li,United States,1,5.0,5.0
15960.0,Brianna,Bryant,United States,1,5.0,5.0
15966.0,Natalie,Foster,United States,1,5.0,5.0
15967.0,Dakota,Diaz,United States,1,5.0,5.0
15979.0,Nicole,Cook,United States,1,5.0,5.0
15982.0,Jose,Evans,United States,1,5.0,5.0
16003.0,Carol,Robinson,United States,1,5.0,5.0
16008.0,Morgan,Allen,United States,1,5.0,5.0
16024.0,Isaac,Hill,United States,1,5.0,5.0
16039.0,Steve,Yang,Germany,1,5.0,5.0
16047.0,Taylor,Johnson,Germany,1,5.0,5.0
16063.0,Francisco,Kapoor,United States,1,5.0,5.0
16084.0,Allison,Wright,United States,1,5.0,5.0
16154.0,Jennifer,Scott,United States,1,5.0,5.0
16240.0,Madeline,Green,United States,1,5.0,5.0
16245.0,Alexandra,Griffin,United States,1,5.0,5.0
16274.0,Ross,Diaz,Germany,1,5.0,5.0
16293.0,Sean,Adams,United Kingdom,1,5.0,5.0
16299.0,Alison,Tang,Germany,1,5.0,5.0
16357.0,Margaret,Russell,United States,1,5.0,5.0
16381.0,Kayla,Davis,United States,1,5.0,5.0
16499.0,Danielle,Kelly,United States,1,5.0,5.0
16501.0,Vanessa,Wood,United States,1,5.0,5.0
16503.0,Christian,Anderson,United States,1,5.0,5.0
16644.0,Leonard,Goel,United States,1,5.0,5.0
16650.0,Kaitlyn,Green,United States,1,5.0,5.0
16669.0,Benjamin,Martinez,United States,1,5.0,5.0
16671.0,Megan,Wood,United States,1,5.0,5.0
16722.0,Sean,Gray,United States,1,5.0,5.0
16737.0,Steven,Selikoff,United States,1,5.0,5.0
16757.0,Mackenzie,Cox,United States,1,5.0,5.0
16765.0,Dalton,White,United States,1,5.0,5.0
16766.0,Summer,Arun,United States,1,5.0,5.0
16768.0,Eduardo,Barnes,United States,1,5.0,5.0
16769.0,Tyler,Walker,United States,1,5.0,5.0
16775.0,Sarah,Russell,United States,1,5.0,5.0
16815.0,Jacob,Brown,United States,1,5.0,5.0
16816.0,Julia,Miller,United States,1,5.0,5.0
16817.0,Evan,Peterson,United States,1,5.0,5.0
16842.0,Jenny,Yang,United States,1,5.0,5.0
16853.0,Christina,Bailey,United States,1,5.0,5.0
16858.0,Jan,Lopez,United States,1,5.0,5.0
16860.0,Haley,Rogers,United States,1,5.0,5.0
16874.0,Leslie,Munoz,United States,1,5.0,5.0
16899.0,Whitney,Sanchez,United States,1,5.0,5.0
16903.0,Ian,Wright,United States,1,5.0,5.0
16904.0,Arianna,Bailey,United States,1,5.0,5.0
16905.0,Janet,Stewart,United States,1,5.0,5.0
16917.0,Brett,Subram,United States,1,5.0,5.0
16960.0,Paige,Gray,United States,1,5.0,5.0
16966.0,Amanda,Diaz,United States,1,5.0,5.0
16978.0,Jeremy,Rivera,United States,1,5.0,5.0
16988.0,Brian,Bailey,United States,1,5.0,5.0
16992.0,Lucas,Watson,United States,1,5.0,5.0
17014.0,Michael,Harris,United States,1,5.0,5.0
17015.0,Kelly,Patterson,United States,1,5.0,5.0
17104.0,Clifford,Rodriguez,Germany,1,5.0,5.0
17111.0,Jenny,Chande,Germany,1,5.0,5.0
17113.0,Clarence,Pal,Germany,1,5.0,5.0
17131.0,Lauren,Henderson,United States,1,5.0,5.0
17132.0,Isabella,James,United States,1,5.0,5.0
17137.0,Jason,Washington,United States,1,5.0,5.0
17160.0,Louis,Andersen,United States,1,5.0,5.0
17165.0,Isaac,Gonzalez,United States,1,5.0,5.0
17166.0,Joshua,Several,United States,1,5.0,5.0
17168.0,Jada,Perez,United States,1,5.0,5.0
17169.0,Emily,Taylor,United States,1,5.0,5.0
17173.0,David,Bryant,United States,1,5.0,5.0
17174.0,Angelica,Wood,United States,1,5.0,5.0
17265.0,Grace,Flores,United States,1,5.0,5.0
17275.0,Ian,Sanders,United States,1,5.0,5.0
17335.0,Miguel,Gonzales,United States,1,5.0,5.0
17339.0,Ian,Hayes,United States,1,5.0,5.0
17344.0,Timothy,Kelly,United States,1,5.0,5.0
17357.0,Brandon,Miller,United States,1,5.0,5.0
17368.0,Alisha,Xie,United States,1,5.0,5.0
17376.0,Jaclyn,She,United States,1,5.0,5.0
17377.0,Isabel,Wood,United States,1,5.0,5.0
17391.0,Angela,Bennett,United States,1,5.0,5.0
17395.0,Katherine,Ramirez,United States,1,5.0,5.0
17408.0,Thomas,Miller,United States,1,5.0,5.0
17426.0,Donna,Shan,United States,1,5.0,5.0
17429.0,Wyatt,Carter,United States,1,5.0,5.0
17430.0,Edward,King,United States,1,5.0,5.0
17431.0,Grace,Kelly,United States,1,5.0,5.0
17432.0,Mariah,Peterson,United States,1,5.0,5.0
17434.0,Alyssa,Russell,United States,1,5.0,5.0
17436.0,Evan,Ramirez,United States,1,5.0,5.0
17440.0,Richard,Cox,United States,1,5.0,5.0
17449.0,Jackson,Adams,United States,1,5.0,5.0
17452.0,Mitchell,Nath,United States,1,5.0,5.0
17454.0,Edward,Perry,United States,1,5.0,5.0
17456.0,Trevor,Wood,United States,1,5.0,5.0
17467.0,Wyatt,Hayes,United States,1,5.0,5.0
17472.0,Meredith,Torres,United States,1,5.0,5.0
17473.0,Ebony,Blanco,United States,1,5.0,5.0
17488.0,Jason,Adams,United States,1,5.0,5.0
17520.0,Marcus,Baker,United States,1,5.0,5.0
17523.0,Jordan,West,United States,1,5.0,5.0
17525.0,Adam,Wright,United States,1,5.0,5.0
17526.0,Tristan,Gonzales,United States,1,5.0,5.0
17532.0,Nathan,Patterson,United States,1,5.0,5.0
17534.0,Robert,Griffin,United States,1,5.0,5.0
17538.0,Brianna,Bell,United States,1,5.0,5.0
17541.0,Kristen,Zeng,United States,1,5.0,5.0
17547.0,Alejandro,Yuan,United States,1,5.0,5.0
17550.0,Mason,Edwards,United States,1,5.0,5.0
17556.0,Emily,Powell,United States,1,5.0,5.0
17587.0,Curtis,Liang,United States,1,5.0,5.0
17590.0,Garrett,Cox,United States,1,5.0,5.0
17602.0,Dalton,Williams,United States,1,5.0,5.0
17603.0,Anna,Patterson,United States,1,5.0,5.0
17606.0,Jacqueline,Peterson,United States,1,5.0,5.0
17616.0,Daniel,Weisman,United States,1,5.0,5.0
17630.0,Gilbert,Zhang,Germany,1,5.0,5.0
17673.0,Amber,Scott,United States,1,5.0,5.0
17683.0,Jenna,Evans,United States,1,5.0,5.0
17684.0,Leslie,Gomez,United States,1,5.0,5.0
17685.0,Diana,Torres,United States,1,5.0,5.0
17688.0,Pedro,Subram,United States,1,5.0,5.0
17689.0,Mary,Young,United States,1,5.0,5.0
17694.0,Joan,Carter,United States,1,5.0,5.0
17697.0,Nathaniel,Gray,United States,1,5.0,5.0
18061.0,Jesse,Bailey,United States,1,5.0,5.0
18069.0,Elijah,Hill,United States,1,5.0,5.0
18070.0,Alyssa,Martinez,United States,1,5.0,5.0
18072.0,Maria,Perez,United States,1,5.0,5.0
18099.0,Marcus,Edwards,United States,1,5.0,5.0
18102.0,Nicholas,Lewis,United States,1,5.0,5.0
18106.0,Carson,Alexander,United States,1,5.0,5.0
18111.0,Timothy,Morris,United States,1,5.0,5.0
18123.0,Emily,Hughes,United States,1,5.0,5.0
18153.0,Karen,Gao,Germany,1,5.0,5.0
18179.0,Chelsea,McDonald,France,1,5.0,5.0
18182.0,Kristi,Prasad,Germany,1,5.0,5.0
18230.0,Brianna,Perry,United States,1,5.0,5.0
18380.0,Kaitlyn,Kelly,United States,2,5.0,5.0
18385.0,Miguel,Gonzalez,United States,1,5.0,5.0
18387.0,Carlos,Green,United States,1,5.0,5.0
18397.0,Louis,Anand,United States,1,5.0,5.0
18402.0,Kimberly,Kelly,United States,1,5.0,5.0
18404.0,Alicia,Raji,United States,1,5.0,5.0
18405.0,Sheila,Gutierrez,United States,1,5.0,5.0
18421.0,Megan,Morgan,United States,1,5.0,5.0
18423.0,Christian,Jones,United States,1,5.0,5.0
18424.0,Samuel,Williams,United States,1,5.0,5.0
18425.0,Garrett,Brooks,United States,1,5.0,5.0
18434.0,Clayton,Stone,United States,1,5.0,5.0
18453.0,Caroline,Patterson,United States,1,5.0,5.0
18499.0,Darren,Rodriguez,United States,1,5.0,5.0
18510.0,Samuel,Washington,United States,1,5.0,5.0
18531.0,Thomas,Simmons,United States,1,5.0,5.0
18552.0,Kelsey,Goel,United States,1,5.0,5.0
18555.0,Muniraju,Pulipalyam,United States,1,5.0,5.0
18569.0,Emma,Bryant,United States,1,5.0,5.0
18657.0,Alex,Morgan,United States,1,5.0,5.0
18661.0,Daniel,Walker,United States,1,5.0,5.0
18668.0,Brian,Sanders,United States,1,5.0,5.0
18750.0,Alexandra,Perry,United States,1,5.0,5.0
18779.0,Jose,Hill,United States,1,5.0,5.0
19210.0,Alexis,Price,United States,1,5.0,5.0
19214.0,Cassidy,Powell,United States,1,5.0,5.0
19317.0,Sara,Scott,France,1,5.0,5.0
19327.0,Candace,Gonzalez,France,1,5.0,5.0
19351.0,Edgar,Vance,France,1,5.0,5.0
19363.0,Regina,Raman,France,1,5.0,5.0
19370.0,Gilbert,Yang,France,1,5.0,5.0
19390.0,Terrance,Perez,France,1,5.0,5.0
19404.0,Nicole,Moore,United States,1,5.0,5.0
19431.0,Bonnie,She,France,1,5.0,5.0
19463.0,Cassandra,Chandra,France,1,5.0,5.0
19465.0,Sierra,Baker,France,1,5.0,5.0
19638.0,Kimberly,Peterson,United States,1,5.0,5.0
19644.0,Gloria,Gill,United States,1,5.0,5.0
19748.0,Cory,Prasad,Australia,1,5.0,5.0
19753.0,Lisa,Gao,Australia,1,5.0,5.0
19919.0,Rebekah,Johnsen,United Kingdom,1,5.0,5.0
19927.0,Ruben,Fernandez,United Kingdom,1,5.0,5.0
19928.0,Jaime,Sanz,United Kingdom,1,5.0,5.0
19933.0,Nichole,Deng,United Kingdom,1,5.0,5.0
19938.0,Chelsea,Patel,United Kingdom,1,5.0,5.0
20079.0,Alexandra,Taylor,United States,1,5.0,5.0
20088.0,Jose,Lewis,United States,1,5.0,5.0
20089.0,Luis,Powell,United States,1,5.0,5.0
20099.0,Devon,Xie,United States,1,5.0,5.0
20130.0,Jordan,Nelson,Canada,1,5.0,5.0
20189.0,Grace,Hall,Canada,1,5.0,5.0
20269.0,Hunter,Foster,Australia,1,5.0,5.0
20277.0,Mary,Hall,Australia,1,5.0,5.0
20312.0,Ryan,Lewis,Canada,1,5.0,5.0
20402.0,Vincent,Liang,Australia,1,5.0,5.0
20407.0,Kristopher,Vance,Australia,1,5.0,5.0
20419.0,Billy,Romero,Australia,1,5.0,5.0
20967.0,Casey,Rowe,Germany,1,5.0,5.0
20978.0,Bruce,Srini,Germany,1,5.0,5.0
21010.0,Ruben,Navarro,Germany,1,5.0,5.0
21032.0,Brendan,Shan,Germany,1,5.0,5.0
21076.0,Terrence,Nath,Germany,1,5.0,5.0
21114.0,Savannah,Murphy,Germany,1,5.0,5.0
21115.0,Bobby,Raman,Germany,1,5.0,5.0
21128.0,Kenneth,Andersen,Germany,1,5.0,5.0
21263.0,Gail,Russell,Canada,1,5.0,5.0
21277.0,Lucas,Thompson,Canada,1,5.0,5.0
21279.0,Linda,Rousey,Australia,1,5.0,5.0
21306.0,Jackson,Perry,Canada,1,5.0,5.0
21347.0,Alisha,Raji,Canada,1,5.0,5.0
21363.0,Tammy,Arthur,Australia,1,5.0,5.0
21376.0,Paula,Ramos,Australia,1,5.0,5.0
21546.0,Cory,Garcia,Germany,1,5.0,5.0
21674.0,Jada,Morris,Germany,1,5.0,5.0
21725.0,Gabrielle,Cannata,Canada,1,5.0,5.0
21823.0,Lacey,She,Germany,1,5.0,5.0
21825.0,Randy,Zhou,Germany,1,5.0,5.0
21836.0,Kristi,Raman,Germany,1,5.0,5.0
21838.0,Gerald,Ruiz,Germany,1,5.0,5.0
21845.0,Cameron,Miller,France,1,5.0,5.0
21850.0,Bruce,Subram,France,1,5.0,5.0
21851.0,Stuart,Railson,Germany,1,5.0,5.0
21852.0,Eduardo,Johnson,Germany,1,5.0,5.0
21859.0,Monica,Kim,France,1,5.0,5.0
21860.0,Jacquelyn,Gill,France,1,5.0,5.0
21866.0,Shannon,Zhu,France,1,5.0,5.0
21868.0,Aimee,Ma,Germany,1,5.0,5.0
21869.0,Tina,Prasad,Germany,1,5.0,5.0
22015.0,Mary,Turner,Canada,1,5.0,5.0
22380.0,Brendan,Nath,Germany,1,5.0,5.0
22382.0,Bethany,Xu,United Kingdom,1,5.0,5.0
22386.0,Jerome,Gill,Germany,1,5.0,5.0
22387.0,Audrey,Romero,Germany,1,5.0,5.0
22457.0,Kimberly,Cooper,United Kingdom,1,5.0,5.0
22488.0,Frederick,Patel,Germany,1,5.0,5.0
22491.0,Jerry,Nara,Germany,1,5.0,5.0
22493.0,Dwayne,Sanz,Germany,1,5.0,5.0
22494.0,Jon,Andersen,Germany,1,5.0,5.0
22516.0,Adrienne,Ortega,Germany,1,5.0,5.0
22521.0,Christina,Rivera,Germany,1,5.0,5.0
22530.0,Kelli,Jai,United Kingdom,1,5.0,5.0
22532.0,Ryan,Thomas,United Kingdom,1,5.0,5.0
22554.0,Gilbert,Xu,United Kingdom,1,5.0,5.0
22557.0,Jason,Scott,United Kingdom,1,5.0,5.0
22558.0,Ernest,Ye,United Kingdom,1,5.0,5.0
22559.0,Stacy,Vazquez,United Kingdom,1,5.0,5.0
22589.0,Cynthia,Suri,United Kingdom,1,5.0,5.0
22662.0,Tyrone,Carlson,United Kingdom,1,5.0,5.0
22730.0,Timothy,Perez,Canada,1,5.0,5.0
22755.0,Christian,Brown,Canada,1,5.0,5.0
22772.0,Erin,Watson,Canada,1,5.0,5.0
22801.0,Alicia,Raje,Germany,1,5.0,5.0
22802.0,Ann,Van,Germany,1,5.0,5.0
22814.0,Edwin,Kumar,France,1,5.0,5.0
22829.0,Chelsea,Chandra,France,1,5.0,5.0
22856.0,Lance,Carlson,Australia,1,5.0,5.0
22858.0,Deborah,Tang,Australia,1,5.0,5.0
22859.0,Arianna,Sanders,Australia,1,5.0,5.0
22917.0,Maurice,She,Australia,1,5.0,5.0
22918.0,Calvin,Jai,Australia,1,5.0,5.0
22960.0,Douglas,Malhotra,Australia,1,5.0,5.0
23012.0,Mathew,Carlson,Australia,1,5.0,5.0
23070.0,Natalie,Hall,Canada,1,5.0,5.0
23095.0,Gerald,Patel,Australia,1,5.0,5.0
23129.0,Misty,Ashe,Australia,1,5.0,5.0
23308.0,Madison,Perry,Australia,1,5.0,5.0
23345.0,Mario,Lal,Australia,1,5.0,5.0
23346.0,Carly,Raji,Australia,1,5.0,5.0
23347.0,Eddie,Carlson,Australia,1,5.0,5.0
23363.0,David,Russell,Canada,1,5.0,5.0
23368.0,Cassidy,Flores,Canada,1,5.0,5.0
23427.0,Jay,Sai,Australia,1,5.0,5.0
23430.0,Savannah,Turner,Australia,1,5.0,5.0
23437.0,Briana,Munoz,Australia,1,5.0,5.0
23442.0,Todd,She,United Kingdom,1,5.0,5.0
23476.0,Charles,Hall,Canada,1,5.0,5.0
23488.0,Luis,Nelson,Canada,1,5.0,5.0
23498.0,James,Johnson,Canada,1,5.0,5.0
23518.0,Katherine,Adams,Canada,1,5.0,5.0
23535.0,Dawn,Goel,Australia,1,5.0,5.0
23553.0,Jasmine,Anderson,Canada,1,5.0,5.0
23554.0,Joan,Cook,Canada,1,5.0,5.0
23562.0,Warren,Luo,Australia,1,5.0,5.0
23643.0,Erica,Zheng,Australia,1,5.0,5.0
23657.0,Alison,Jai,Australia,1,5.0,5.0
23673.0,Kayla,Miller,Canada,1,5.0,5.0
23676.0,Brandon,Diaz,Canada,1,5.0,5.0
23770.0,Jamie,Carlson,United Kingdom,1,5.0,5.0
23892.0,Olivia,Bailey,Canada,1,5.0,5.0
23935.0,Alexis,Barnes,United Kingdom,1,5.0,5.0
23945.0,Nicolas,Black,United Kingdom,1,5.0,5.0
23967.0,Veronica,Suri,United Kingdom,1,5.0,5.0
23976.0,Rachael,Arun,United Kingdom,1,5.0,5.0
24045.0,Shannon,Martin,United Kingdom,1,5.0,5.0
24064.0,Stanley,Fernandez,United Kingdom,1,5.0,5.0
24109.0,Eddie,Suarez,France,1,5.0,5.0
24111.0,Cameron,Long,France,1,5.0,5.0
24122.0,Michele,Blanco,France,1,5.0,5.0
24132.0,Devon,Tang,United Kingdom,1,5.0,5.0
24134.0,Edgar,Kapoor,France,1,5.0,5.0
24152.0,Casey,Rubio,United Kingdom,1,5.0,5.0
24207.0,Stacey,Guo,United Kingdom,1,5.0,5.0
24218.0,Bryant,Lopez,United Kingdom,1,5.0,5.0
24240.0,Edwin,Hu,Australia,1,5.0,5.0
24258.0,Hailey,Edwards,Canada,1,5.0,5.0
24369.0,Chelsea,Lopez,Australia,1,5.0,5.0
24376.0,Tommy,Black,Australia,1,5.0,5.0
24380.0,Maurice,Yuan,Australia,1,5.0,5.0
24415.0,Kaylee,Ward,Canada,1,5.0,5.0
24464.0,Joanna,Torres,Australia,1,5.0,5.0
24471.0,Ricardo,Chande,Australia,1,5.0,5.0
24487.0,Samantha,Harris,Canada,1,5.0,5.0
24489.0,Shelby,Murphy,Canada,1,5.0,5.0
24566.0,Kara,Nara,United Kingdom,1,5.0,5.0
24575.0,Arturo,Zhu,United Kingdom,1,5.0,5.0
24593.0,Destiny,Watson,Australia,1,5.0,5.0
24600.0,Lisa,Li,Australia,1,5.0,5.0
24607.0,Kristine,Ruiz,Australia,1,5.0,5.0
24630.0,Brianna,Howard,Canada,1,5.0,5.0
24649.0,Aaron,Washington,Canada,1,5.0,5.0
24703.0,Jonathan,White,United Kingdom,1,5.0,5.0
24731.0,Evan,Mitchell,Canada,1,5.0,5.0
24744.0,Brendan,Yuan,Canada,1,5.0,5.0
24763.0,Fernando,Hill,Canada,1,5.0,5.0
24805.0,Donna,Luo,Canada,1,5.0,5.0
24816.0,Lauren,Perry,Canada,1,5.0,5.0
24825.0,Zoe,Sanders,Canada,1,5.0,5.0
24857.0,Anna,Henderson,United Kingdom,1,5.0,5.0
24881.0,Tasha,Ashe,United Kingdom,1,5.0,5.0
24891.0,Bianca,Chen,Australia,1,5.0,5.0
24894.0,Jaime,Jai,Australia,1,5.0,5.0
24895.0,Dalton,Henderson,Australia,1,5.0,5.0
24897.0,Glenn,Hu,Australia,1,5.0,5.0
24967.0,Jasmine,Reed,Canada,1,5.0,5.0
24986.0,Isabelle,Griffin,Canada,1,5.0,5.0
24995.0,Melissa,Peterson,Canada,1,5.0,5.0
25002.0,Logan,Edwards,Canada,1,5.0,5.0
25016.0,Elijah,Washington,Canada,1,5.0,5.0
25109.0,Devin,Rivera,Australia,1,5.0,5.0
25131.0,Gerald,Chandra,Australia,1,5.0,5.0
25132.0,Lindsey,Xie,Australia,1,5.0,5.0
25141.0,Walter,Gutierrez,United Kingdom,1,5.0,5.0
25241.0,Aaron,Powell,Australia,1,5.0,5.0
25247.0,Lindsay,Nara,Australia,1,5.0,5.0
25298.0,Cedric,He,United Kingdom,1,5.0,5.0
25299.0,Hector,Romero,France,1,5.0,5.0
25316.0,Ronnie,Zhu,France,1,5.0,5.0
25327.0,Adam,Simmons,Canada,1,5.0,5.0
25340.0,Adrian,James,Canada,1,5.0,5.0
25349.0,Jose,Coleman,Canada,1,5.0,5.0
25367.0,Abigail,Torres,Canada,1,5.0,5.0
25433.0,Zachary,Kumar,Canada,1,5.0,5.0
25456.0,Kelvin,Cai,France,1,5.0,5.0
25466.0,Janet,Young,France,1,5.0,5.0
25473.0,Kristin,Goel,France,1,5.0,5.0
25476.0,Karen,Ye,France,1,5.0,5.0
25507.0,Suzanne,Guo,France,1,5.0,5.0
25534.0,Casey,Sanz,France,1,5.0,5.0
25648.0,Michele,Carlson,France,1,5.0,5.0
25665.0,Theresa,Romero,France,1,5.0,5.0
25783.0,Omar,Sun,United Kingdom,1,5.0,5.0
25784.0,Damien,Raje,United Kingdom,1,5.0,5.0
25785.0,Jackson,Edwards,United Kingdom,1,5.0,5.0
25801.0,Colin,Raji,United Kingdom,1,5.0,5.0
25804.0,Nelson,Torres,United Kingdom,1,5.0,5.0
25825.0,Tammy,Fernandez,Australia,1,5.0,5.0
26026.0,Cindy,Srini,Australia,1,5.0,5.0
26051.0,Joshua,Williams,Canada,1,5.0,5.0
26173.0,Ariana,Rivera,Canada,1,5.0,5.0
26176.0,Jason,Hayes,Canada,1,5.0,5.0
26180.0,Jonathan,Butler,Canada,1,5.0,5.0
26226.0,Michele,Andersen,Germany,1,5.0,5.0
26232.0,Jay,Gomez,United Kingdom,1,5.0,5.0
26270.0,Hailey,Bailey,Canada,1,5.0,5.0
26350.0,Gabrielle,King,Canada,1,5.0,5.0
26387.0,Dalton,Roberts,United Kingdom,1,5.0,5.0
26449.0,Jared,Gray,Canada,1,5.0,5.0
26488.0,Julia,Rodriguez,Canada,1,5.0,5.0
26678.0,Miranda,Hughes,Canada,1,5.0,5.0
26730.0,Rachel,Sanchez,Canada,1,5.0,5.0
26802.0,Lucas,Sanders,Canada,1,5.0,5.0
26806.0,Caleb,Mitchell,Canada,1,5.0,5.0
27019.0,Victoria,Jackson,Canada,1,5.0,5.0
27022.0,Anthony,Johnson,Canada,1,5.0,5.0
27031.0,Jessica,Garcia,United States,1,5.0,5.0
27034.0,Corey,Nara,United States,1,5.0,5.0
27039.0,Jonathan,Lewis,United States,1,5.0,5.0
27049.0,Faith,Sanchez,Canada,1,5.0,5.0
27061.0,Gabrielle,Scott,Canada,1,5.0,5.0
27110.0,Andrew,Miller,Canada,1,5.0,5.0
27188.0,Claudia,She,Germany,1,5.0,5.0
27204.0,Devin,Hall,United States,1,5.0,5.0
27207.0,Taylor,Morris,United States,1,5.0,5.0
27334.0,Corey,Yuan,France,1,5.0,5.0
27414.0,Julia,Young,Canada,1,5.0,5.0
27591.0,Gerald,Serrano,Australia,1,5.0,5.0
27592.0,Hector,Ruiz,Australia,1,5.0,5.0
27628.0,Jasmine,Hughes,Canada,1,5.0,5.0
27703.0,Meredith,Navarro,Australia,1,5.0,5.0
27807.0,Shaun,Kumar,France,1,5.0,5.0
27836.0,Pedro,Navarro,France,1,5.0,5.0
27913.0,Brittney,Zheng,United States,1,5.0,5.0
27926.0,Eduardo,Mitchell,France,1,5.0,5.0
27934.0,Lanna,Slaven,France,1,5.0,5.0
27947.0,Alison,Andersen,Germany,1,5.0,5.0
27950.0,Shannon,Sanz,France,1,5.0,5.0
27979.0,Ramon,Zeng,Australia,1,5.0,5.0
27995.0,Carlos,Stewart,United States,1,5.0,5.0
27997.0,Lydia,Malhotra,United States,1,5.0,5.0
28003.0,Julia,Sanchez,United States,1,5.0,5.0
28085.0,Jeremiah,Evans,United States,1,5.0,5.0
28123.0,Daisy,Ortega,United States,1,5.0,5.0
28125.0,Dalton,Jackson,United States,1,5.0,5.0
28127.0,Fernando,Price,United States,1,5.0,5.0
28151.0,Katherine,Walker,United States,1,5.0,5.0
28248.0,Eric,Scott,Canada,1,5.0,5.0
28251.0,Joe,Rubio,United States,1,5.0,5.0
28252.0,Sydney,Murphy,United States,1,5.0,5.0
28266.0,Wyatt,Flores,United States,1,5.0,5.0
28274.0,William,Rodriguez,United States,1,5.0,5.0
28277.0,Katrina,Deng,United States,1,5.0,5.0
28280.0,Tristan,Powell,United States,1,5.0,5.0
28282.0,Cindy,Foster,United States,1,5.0,5.0
28286.0,Destiny,Alexander,United States,1,5.0,5.0
28306.0,Elizabeth,Powell,Australia,1,5.0,5.0
28310.0,Ross,Sanchez,Australia,1,5.0,5.0
28328.0,Kyle,Green,Australia,1,5.0,5.0
28345.0,Diana,Serrano,United States,1,5.0,5.0
28358.0,Austin,Powell,United States,1,5.0,5.0
28533.0,Clayton,Sun,Australia,1,5.0,5.0
28768.0,Emmanuel,Rodriguez,United States,1,5.0,5.0
28874.0,Alexa,Brooks,United States,1,5.0,5.0
28906.0,Steve,Xu,France,1,5.0,5.0
28911.0,Levi,Rodriguez,France,1,5.0,5.0
28919.0,Krystal,Wagner,France,1,5.0,5.0
28924.0,Sydney,Washington,Australia,1,5.0,5.0
28999.0,Edward,Martinez,United States,1,5.0,5.0
29003.0,Veronica,Perez,United States,1,5.0,5.0
29039.0,Xavier,Hayes,United States,1,5.0,5.0
29230.0,Kaitlyn,Diaz,Canada,1,5.0,5.0
29267.0,Jordan,Perez,Canada,1,5.0,5.0
29287.0,Suzanne,Lin,Australia,1,5.0,5.0
29290.0,Troy,Garcia,Australia,1,5.0,5.0
17649.0,Ronald,Mehta,United Kingdom,1,4.0,4.0
17818.0,Dale,Yuan,Germany,1,4.0,4.0
17819.0,Arthur,Rana,United Kingdom,1,4.0,4.0
17820.0,Emma,Morris,United Kingdom,1,4.0,4.0
19481.0,Darren,Suarez,France,1,4.0,4.0
19516.0,Kaitlyn,Griffin,France,1,4.0,4.0
20141.0,Angelica,Flores,France,1,4.0,4.0
20142.0,Lydia,Lopez,France,1,4.0,4.0
20146.0,Mackenzie,Hall,France,1,4.0,4.0
20178.0,Deborah,Anand,France,1,4.0,4.0
20795.0,Emmanuel,Subram,France,1,4.0,4.0
20840.0,Alison,Xie,France,1,4.0,4.0
20942.0,Tasha,Sharma,France,1,4.0,4.0
20948.0,Xavier,White,France,1,4.0,4.0
20956.0,Kristy,Alonso,France,1,4.0,4.0
20961.0,Keith,Goldberg,France,1,4.0,4.0
22568.0,Autumn,Wu,Germany,1,4.0,4.0
22660.0,Monica,Lopez,Germany,1,4.0,4.0
22710.0,Trisha,Zhao,Germany,1,4.0,4.0
22805.0,Cristina,Goel,Germany,1,4.0,4.0
23604.0,Troy,Kovar,Germany,1,4.0,4.0
23611.0,Dave,Natsuhara,France,1,4.0,4.0
23623.0,Jocelyn,Griffin,France,1,4.0,4.0
23634.0,Ernest,Li,Germany,1,4.0,4.0
23912.0,Arthur,Sanchez,Germany,1,4.0,4.0
23916.0,Ruben,Serrano,Germany,1,4.0,4.0
23953.0,Shane,Mehta,Germany,1,4.0,4.0
24078.0,Neil,Martin,Germany,1,4.0,4.0
24108.0,Tonya,Lal,Germany,1,4.0,4.0
24120.0,Kaitlyn,Allen,Germany,1,4.0,4.0
24129.0,Jamie,Gutierrez,Germany,1,4.0,4.0
24150.0,Jack,Campbell,Germany,1,4.0,4.0
24535.0,David,Shepard,France,1,4.0,4.0
24538.0,Latasha,Diaz,France,1,4.0,4.0
24553.0,Michele,Ashe,Germany,1,4.0,4.0
24561.0,Megan,Sherman,Germany,1,4.0,4.0
24562.0,Ricky,Rubio,Germany,1,4.0,4.0
24572.0,Carolyn,Martinez,Germany,1,4.0,4.0
24691.0,Meredith,Carlson,Germany,1,4.0,4.0
25313.0,Trevor,Coleman,United Kingdom,1,4.0,4.0
25477.0,Holly,Raman,United Kingdom,1,4.0,4.0
25544.0,Sergio,Fernandez,United Kingdom,1,4.0,4.0
25547.0,Carla,Suri,United Kingdom,1,4.0,4.0
25753.0,Nichole,Lal,United Kingdom,1,4.0,4.0
26820.0,Carol,Nath,United Kingdom,1,4.0,4.0
26863.0,Alvin,Chen,United Kingdom,1,4.0,4.0
26901.0,Louis,Nara,United Kingdom,1,4.0,4.0
26911.0,Kristi,Gomez,United Kingdom,1,4.0,4.0
27164.0,Micheal,Carlson,United Kingdom,1,4.0,4.0
27165.0,Bruce,Patel,United Kingdom,1,4.0,4.0
27221.0,Matthew,Jones,United States,1,4.0,4.0
27331.0,Julia,Richardson,United Kingdom,1,4.0,4.0
27730.0,Isabella,Cox,United States,1,4.0,4.0
27806.0,Krista,Sanz,United Kingdom,1,4.0,4.0
27927.0,Omar,Zhao,United Kingdom,1,4.0,4.0
27929.0,Ross,Madan,United Kingdom,1,4.0,4.0
27989.0,Joseph,Thomas,United States,1,4.0,4.0
29051.0,Michele,She,United States,1,4.0,4.0
29061.0,Jaime,Kumar,Australia,1,4.0,4.0
29076.0,Megan,Miller,United States,1,4.0,4.0
29083.0,Toni,Sullivan,Australia,1,4.0,4.0
29131.0,Brandon,Coleman,United States,1,4.0,4.0
29153.0,Pedro,Arun,United States,1,4.0,4.0
29269.0,Vanessa,Griffin,United States,1,4.0,4.0
27991.0,Natalie,Rivera,United States,1,2.0,2.0
27992.0,Dylan,Taylor,United States,1,2.0,2.0
27993.0,Hunter,Miller,United States,1,2.0,2.0
28016.0,Cody,Sanders,United States,1,2.0,2.0
28093.0,Brad,Kumar,United States,1,2.0,2.0
28094.0,Melanie,Peterson,United States,1,2.0,2.0
28095.0,Natalie,Bryant,United States,1,2.0,2.0
28300.0,Abigail,Bennett,United States,1,2.0,2.0
28776.0,Abigail,Morris,United States,1,2.0,2.0
28781.0,Alex,Collins,United States,1,2.0,2.0
28968.0,Marcus,Morgan,United States,1,2.0,2.0
